1403715278812143104.000000 0.616588 1.159792 1.217456
1403715278862142976.000000 0.619779 1.162237 1.225660
1403715278912143104.000000 0.623590 1.164538 1.233825
1403715278962142976.000000 0.628519 1.165734 1.243944
1403715279012143104.000000 0.630788 1.167176 1.249853
1403715279062142976.000000 0.633214 1.169013 1.253569
1403715279112143360.000000 0.637622 1.170515 1.258289
1403715279162142976.000000 0.639148 1.172921 1.255454
1403715279212143104.000000 0.642282 1.173993 1.255527
1403715279262143232.000000 0.644866 1.173751 1.253348
1403715279312143104.000000 0.646354 1.174844 1.250673
1403715279362142976.000000 0.648119 1.175837 1.249514
1403715279412143104.000000 0.649932 1.177144 1.248751
1403715279462142976.000000 0.651348 1.177767 1.248102
1403715279512143104.000000 0.652272 1.177628 1.247161
1403715279562142976.000000 0.653578 1.179024 1.248772
1403715279612143360.000000 0.654251 1.179336 1.249358
1403715279662142976.000000 0.654871 1.180174 1.250345
1403715279712143104.000000 0.656747 1.180455 1.252625
1403715279762143232.000000 0.657294 1.180379 1.255150
1403715279812143104.000000 0.657583 1.180724 1.257658
1403715279862142976.000000 0.658146 1.180834 1.261745
1403715279912143104.000000 0.659193 1.180432 1.264528
1403715279962142976.000000 0.657036 1.178472 1.264984
1403715280012143104.000000 0.659192 1.179601 1.270636
1403715280062142976.000000 0.659478 1.178625 1.273070
1403715280112143360.000000 0.660069 1.178123 1.276192
1403715280162142976.000000 0.661397 1.177428 1.280129
1403715280212143104.000000 0.663521 1.177706 1.283541
1403715280262143232.000000 0.662087 1.175558 1.282242
1403715280312143104.000000 0.664898 1.177230 1.286215
1403715280362142976.000000 0.668658 1.178320 1.291013
1403715280412143104.000000 0.674376 1.180221 1.298447
1403715280462142976.000000 0.678047 1.183004 1.302820
1403715280512143104.000000 0.682440 1.186053 1.308007
1403715280562142976.000000 0.683397 1.186068 1.308511
1403715280612143360.000000 0.691474 1.190259 1.316486
1403715280662142976.000000 0.695274 1.194552 1.319017
1403715280712143104.000000 0.701025 1.196470 1.322478
1403715280762143232.000000 0.705459 1.200709 1.325499
1403715280812143104.000000 0.710740 1.203066 1.328748
1403715280862142976.000000 0.715762 1.204597 1.331689
1403715280912143104.000000 0.721970 1.207871 1.335949
1403715280962142976.000000 0.725929 1.209521 1.336563
1403715281012143104.000000 0.730681 1.212831 1.338082
1403715281062142976.000000 0.735986 1.215041 1.343663
1403715281112143360.000000 0.741026 1.218806 1.344078
1403715281162142976.000000 0.745607 1.222656 1.344465
1403715281212143104.000000 0.749648 1.225061 1.349906
1403715281262143232.000000 0.752997 1.223828 1.349897
1403715281312143104.000000 0.757953 1.224685 1.352573
1403715281362142976.000000 0.761749 1.228122 1.352161
1403715281412143104.000000 0.769689 1.234175 1.353383
1403715281462142976.000000 0.774321 1.235721 1.355154
1403715281512143104.000000 0.778918 1.238384 1.356293
1403715281562142976.000000 0.784572 1.240842 1.356500
1403715281612143360.000000 0.788534 1.243323 1.357119
1403715281662142976.000000 0.791016 1.242166 1.353111
1403715281712143104.000000 0.792746 1.240282 1.350339
1403715281762143232.000000 0.796991 1.238992 1.348786
1403715281812143104.000000 0.813253 1.250291 1.354115
1403715281862142976.000000 0.808848 1.245036 1.346733
1403715281912143104.000000 0.814589 1.246326 1.343991
1403715281962142976.000000 0.827572 1.250159 1.348143
1403715282012143104.000000 0.828700 1.249005 1.340250
1403715282062142976.000000 0.834947 1.250392 1.338193
1403715282112143360.000000 0.840481 1.250978 1.338359
1403715282162142976.000000 0.846151 1.254013 1.335440
1403715282212143104.000000 0.851081 1.253539 1.333509
1403715282262143232.000000 0.859399 1.256713 1.331199
1403715282312143104.000000 0.866325 1.257831 1.329226
1403715282362142976.000000 0.874282 1.258900 1.328151
1403715282412143104.000000 0.882832 1.262815 1.324754
1403715282462142976.000000 0.888188 1.261590 1.321099
1403715282512143104.000000 0.895820 1.262572 1.317999
1403715282562142976.000000 0.905180 1.265050 1.315413
1403715282612143360.000000 0.912818 1.264875 1.313279
1403715282662142976.000000 0.920936 1.267112 1.309914
1403715282712143104.000000 0.929084 1.267609 1.306819
1403715282762143232.000000 0.937924 1.269604 1.302930
1403715282812143104.000000 0.946768 1.270989 1.300104
1403715282862142976.000000 0.956878 1.272025 1.297015
1403715282912143104.000000 0.967115 1.274016 1.293697
1403715282962142976.000000 0.973869 1.274398 1.290265
1403715283012143104.000000 0.981555 1.275739 1.286014
1403715283062142976.000000 0.990795 1.276673 1.282837
1403715283112143360.000000 0.998822 1.277748 1.281612
1403715283162142976.000000 1.009649 1.279776 1.276430
1403715283212143104.000000 1.016389 1.280406 1.275749
1403715283262143232.000000 1.024689 1.282953 1.271239
1403715283312143104.000000 1.031280 1.284192 1.266832
1403715283362142976.000000 1.039929 1.285983 1.264840
1403715283412143104.000000 1.046854 1.286794 1.260934
1403715283462142976.000000 1.053352 1.288530 1.258816
1403715283512143104.000000 1.057989 1.289415 1.256559
1403715283562142976.000000 1.065312 1.291856 1.253671
1403715283612143360.000000 1.071277 1.293955 1.250735
1403715283662142976.000000 1.077472 1.294635 1.248493
1403715283712143104.000000 1.082951 1.296290 1.246760
1403715283762143232.000000 1.090074 1.297528 1.245284
1403715283812143104.000000 1.095235 1.298145 1.244147
1403715283862142976.000000 1.100006 1.299518 1.240824
1403715283912143104.000000 1.103217 1.298150 1.237810
1403715283962142976.000000 1.108012 1.298820 1.236692
1403715284012143104.000000 1.113091 1.299897 1.232043
1403715284062142976.000000 1.117618 1.300640 1.229839
1403715284112143360.000000 1.123723 1.301306 1.227278
1403715284162142976.000000 1.130430 1.301088 1.224691
1403715284212143104.000000 1.135634 1.301229 1.221248
1403715284262143232.000000 1.141579 1.301614 1.220168
1403715284312143104.000000 1.146532 1.300639 1.218255
1403715284362142976.000000 1.149439 1.299565 1.216030
1403715284412143104.000000 1.153430 1.297656 1.214057
1403715284462142976.000000 1.156595 1.295611 1.211956
1403715284512143104.000000 1.160450 1.293170 1.210536
1403715284562142976.000000 1.164061 1.290286 1.208855
1403715284612143360.000000 1.167294 1.286943 1.208117
1403715284662142976.000000 1.171133 1.283880 1.205500
1403715284712143104.000000 1.174413 1.280582 1.205244
1403715284762143232.000000 1.176482 1.277864 1.203723
1403715284812143104.000000 1.179343 1.274639 1.202280
1403715284862142976.000000 1.182278 1.270593 1.201258
1403715284912143104.000000 1.185913 1.267111 1.201044
1403715284962142976.000000 1.188519 1.263597 1.200592
1403715285012143104.000000 1.190933 1.260249 1.199441
1403715285062142976.000000 1.194004 1.256770 1.200790
1403715285112143360.000000 1.196578 1.254437 1.199864
1403715285162142976.000000 1.198774 1.251945 1.200241
1403715285212143104.000000 1.200781 1.250220 1.202139
1403715285262143232.000000 1.202343 1.249073 1.202333
1403715285312143104.000000 1.203948 1.248548 1.204734
1403715285362142976.000000 1.205467 1.248154 1.207320
1403715285412143104.000000 1.204806 1.247470 1.212028
1403715285462142976.000000 1.207429 1.247110 1.220390
1403715285512143104.000000 1.206633 1.245945 1.228956
1403715285562142976.000000 1.206088 1.246217 1.236315
1403715285612143360.000000 1.205253 1.245325 1.246451
1403715285662142976.000000 1.205234 1.242776 1.255511
1403715285712143104.000000 1.203994 1.240691 1.265022
1403715285762143232.000000 1.200646 1.238615 1.273948
1403715285812143104.000000 1.197825 1.236525 1.282402
1403715285862142976.000000 1.195305 1.233248 1.290767
1403715285912143104.000000 1.190068 1.230612 1.296966
1403715285962142976.000000 1.187730 1.226264 1.305554
1403715286012143104.000000 1.182723 1.223083 1.311299
1403715286062142976.000000 1.179478 1.218921 1.318960
1403715286112143360.000000 1.175516 1.215034 1.324396
1403715286162142976.000000 1.171569 1.210138 1.330798
1403715286212143104.000000 1.168947 1.205934 1.337079
1403715286262143232.000000 1.165445 1.200813 1.343015
1403715286312143104.000000 1.162067 1.195513 1.347665
1403715286362142976.000000 1.158691 1.188971 1.354580
1403715286412143104.000000 1.156277 1.183548 1.357323
1403715286462142976.000000 1.151511 1.177800 1.360703
1403715286512143104.000000 1.150344 1.170572 1.366911
1403715286562142976.000000 1.147515 1.163570 1.371426
1403715286612143360.000000 1.144562 1.156396 1.375899
1403715286662142976.000000 1.141213 1.148947 1.379355
1403715286712143104.000000 1.138252 1.141938 1.383333
1403715286762143232.000000 1.135905 1.134562 1.386910
1403715286812143104.000000 1.134390 1.125811 1.390696
1403715286862142976.000000 1.131752 1.119655 1.391847
1403715286912143104.000000 1.129907 1.112616 1.394040
1403715286962142976.000000 1.129321 1.105694 1.397745
1403715287012143104.000000 1.126170 1.098380 1.399967
1403715287062142976.000000 1.124460 1.090971 1.402978
1403715287112143360.000000 1.123599 1.084014 1.405178
1403715287162142976.000000 1.122885 1.074332 1.408328
1403715287212143104.000000 1.121920 1.066280 1.411180
1403715287262143232.000000 1.121884 1.059139 1.414041
1403715287312143104.000000 1.121033 1.052188 1.417129
1403715287362142976.000000 1.122134 1.043049 1.419087
1403715287412143104.000000 1.124545 1.034838 1.422903
1403715287462142976.000000 1.123399 1.027955 1.424577
1403715287512143104.000000 1.125190 1.020962 1.429794
1403715287562142976.000000 1.127632 1.013605 1.434346
1403715287612143360.000000 1.127474 1.005373 1.436668
1403715287662142976.000000 1.126709 0.998920 1.439829
1403715287712143104.000000 1.127209 0.990929 1.443992
1403715287762143232.000000 1.126200 0.984432 1.447934
1403715287812143104.000000 1.124702 0.978356 1.450963
1403715287862142976.000000 1.123652 0.971810 1.456051
1403715287912143104.000000 1.120257 0.966664 1.459769
1403715287962142976.000000 1.118380 0.959606 1.462079
1403715288012143104.000000 1.114669 0.953551 1.469189
1403715288062142976.000000 1.113559 0.947009 1.471283
1403715288112143360.000000 1.108778 0.943149 1.476282
1403715288162142976.000000 1.106143 0.937776 1.480003
1403715288212143104.000000 1.102265 0.934726 1.482368
1403715288262143232.000000 1.098683 0.930338 1.482548
1403715288312143104.000000 1.095251 0.926748 1.481763
1403715288362142976.000000 1.092121 0.923541 1.480868
1403715288412143104.000000 1.089070 0.920699 1.476088
1403715288462142976.000000 1.086356 0.918081 1.474763
1403715288512143104.000000 1.084716 0.915647 1.474454
1403715288562142976.000000 1.081075 0.913396 1.472531
1403715288612143360.000000 1.076824 0.911367 1.469186
1403715288662142976.000000 1.074578 0.908917 1.469196
1403715288712143104.000000 1.069467 0.909023 1.475188
1403715288762143232.000000 1.066832 0.908177 1.482310
1403715288812143104.000000 1.062732 0.906880 1.484911
1403715288862142976.000000 1.058676 0.907280 1.486792
1403715288912143104.000000 1.056297 0.906152 1.486979
1403715288962142976.000000 1.051102 0.905565 1.485536
1403715289012143104.000000 1.046360 0.905611 1.483010
1403715289062142976.000000 1.043078 0.903841 1.479789
1403715289112143360.000000 1.038711 0.903929 1.474591
1403715289162142976.000000 1.035558 0.904292 1.467167
1403715289212143104.000000 1.030720 0.903604 1.460890
1403715289262143232.000000 1.027095 0.903113 1.454195
1403715289312143104.000000 1.023140 0.901943 1.447261
1403715289362142976.000000 1.019856 0.901403 1.440568
1403715289412143104.000000 1.016687 0.900183 1.432635
1403715289462142976.000000 1.014135 0.898254 1.424603
1403715289512143104.000000 1.011917 0.896420 1.417423
1403715289562142976.000000 1.008781 0.895195 1.408973
1403715289612143360.000000 1.005910 0.893406 1.400579
1403715289662142976.000000 1.003438 0.891026 1.391654
1403715289712143104.000000 1.001424 0.888690 1.383194
1403715289762143232.000000 0.999319 0.885192 1.374003
1403715289812143104.000000 0.997586 0.881618 1.366702
1403715289862142976.000000 0.995912 0.877659 1.360877
1403715289912143104.000000 0.994733 0.873205 1.356114
1403715289962142976.000000 0.992994 0.868494 1.352419
1403715290012143104.000000 0.991971 0.863939 1.350060
1403715290062142976.000000 0.990318 0.858485 1.349598
1403715290112143360.000000 0.989014 0.852866 1.350091
1403715290162142976.000000 0.987905 0.847204 1.351598
1403715290212143104.000000 0.985811 0.840640 1.354506
1403715290262143232.000000 0.984595 0.834975 1.357960
1403715290312143104.000000 0.984758 0.828365 1.362555
1403715290362142976.000000 0.983409 0.821381 1.365294
1403715290412143104.000000 0.982648 0.813843 1.368219
1403715290462142976.000000 0.981187 0.805485 1.371021
1403715290512143104.000000 0.980255 0.797169 1.373217
1403715290562142976.000000 0.978314 0.787484 1.375322
1403715290612143360.000000 0.977418 0.778437 1.377273
1403715290662142976.000000 0.975432 0.769111 1.379138
1403715290712143104.000000 0.972827 0.758969 1.379784
1403715290762143232.000000 0.970867 0.748808 1.382190
1403715290812143104.000000 0.968784 0.737791 1.383233
1403715290862142976.000000 0.967029 0.727204 1.385077
1403715290912143104.000000 0.965607 0.716676 1.385508
1403715290962142976.000000 0.963273 0.706748 1.386511
1403715291012143104.000000 0.961783 0.696343 1.387872
1403715291062142976.000000 0.958388 0.686150 1.387923
1403715291112143360.000000 0.956481 0.675574 1.388115
1403715291162142976.000000 0.954155 0.666371 1.388224
1403715291212143104.000000 0.950751 0.656777 1.387970
1403715291262143232.000000 0.947665 0.648027 1.386743
1403715291312143104.000000 0.943166 0.638775 1.385613
1403715291362142976.000000 0.940143 0.630940 1.386927
1403715291412143104.000000 0.935118 0.624651 1.386466
1403715291462142976.000000 0.928685 0.617227 1.383257
1403715291512143104.000000 0.923895 0.611488 1.380362
1403715291562142976.000000 0.917288 0.605551 1.379144
1403715291612143360.000000 0.910733 0.599858 1.376463
1403715291662142976.000000 0.905137 0.593759 1.373141
1403715291712143104.000000 0.896631 0.588981 1.371307
1403715291762143232.000000 0.887880 0.584667 1.369020
1403715291812143104.000000 0.880131 0.580273 1.366279
1403715291862142976.000000 0.869971 0.575600 1.362634
1403715291912143104.000000 0.861157 0.570717 1.360509
1403715291962142976.000000 0.851421 0.566522 1.357204
1403715292012143104.000000 0.841886 0.561212 1.355226
1403715292062142976.000000 0.830013 0.557136 1.351705
1403715292112143360.000000 0.821131 0.551602 1.349850
1403715292162142976.000000 0.811273 0.545376 1.346729
1403715292212143104.000000 0.802651 0.538624 1.342782
1403715292262143232.000000 0.794449 0.531781 1.337733
1403715292312143104.000000 0.784788 0.525981 1.334543
1403715292362142976.000000 0.775792 0.518700 1.331940
1403715292412143104.000000 0.766392 0.511259 1.327863
1403715292462142976.000000 0.756343 0.503065 1.326138
1403715292512143104.000000 0.747352 0.495159 1.323835
1403715292562142976.000000 0.738046 0.485397 1.321964
1403715292612143360.000000 0.728800 0.477045 1.320517
1403715292662142976.000000 0.721326 0.466776 1.319796
1403715292712143104.000000 0.713213 0.457623 1.317028
1403715292762143232.000000 0.705935 0.448439 1.318411
1403715292812143104.000000 0.698910 0.439150 1.318622
1403715292862142976.000000 0.693952 0.428951 1.319195
1403715292912143104.000000 0.687435 0.420978 1.323628
1403715292962142976.000000 0.684382 0.412488 1.325032
1403715293012143104.000000 0.679726 0.404076 1.332042
1403715293062142976.000000 0.678329 0.395465 1.337684
1403715293112143360.000000 0.672963 0.386817 1.344456
1403715293162142976.000000 0.670130 0.378980 1.353627
1403715293212143104.000000 0.666982 0.370006 1.359428
1403715293262143232.000000 0.665616 0.361631 1.366724
1403715293312143104.000000 0.662707 0.354214 1.371046
1403715293362142976.000000 0.661939 0.346697 1.378491
1403715293412143104.000000 0.656134 0.338811 1.389483
1403715293462142976.000000 0.656004 0.331840 1.393987
1403715293512143104.000000 0.653769 0.325678 1.403245
1403715293562142976.000000 0.646972 0.318995 1.411867
1403715293612143360.000000 0.643781 0.313613 1.416419
1403715293662142976.000000 0.639414 0.309852 1.424944
1403715293712143104.000000 0.636410 0.303690 1.432052
1403715293762143232.000000 0.632250 0.298701 1.437814
1403715293812143104.000000 0.629101 0.294568 1.445074
1403715293862142976.000000 0.622634 0.290372 1.454538
1403715293912143104.000000 0.621071 0.286160 1.457555
1403715293962142976.000000 0.617398 0.282240 1.464522
1403715294012143104.000000 0.613240 0.278592 1.471138
1403715294062142976.000000 0.608056 0.273528 1.474730
1403715294112143360.000000 0.605257 0.269390 1.475692
1403715294162142976.000000 0.603412 0.266619 1.476149
1403715294212143104.000000 0.598553 0.261625 1.479620
1403715294262143232.000000 0.594104 0.257126 1.479265
1403715294312143104.000000 0.589151 0.254332 1.475376
1403715294362142976.000000 0.585663 0.250976 1.470691
1403715294412143104.000000 0.579973 0.248271 1.465250
1403715294462142976.000000 0.575904 0.245281 1.458830
1403715294512143104.000000 0.569248 0.243019 1.451555
1403715294562142976.000000 0.563633 0.242060 1.444317
1403715294612143360.000000 0.556856 0.240174 1.439398
1403715294662142976.000000 0.552051 0.239542 1.432251
1403715294712143104.000000 0.545853 0.236381 1.422519
1403715294762143232.000000 0.540982 0.235667 1.416025
1403715294812143104.000000 0.535110 0.233628 1.409668
1403715294862142976.000000 0.529694 0.233360 1.402580
1403715294912143104.000000 0.522886 0.231158 1.396562
1403715294962142976.000000 0.518789 0.229457 1.390790
1403715295012143104.000000 0.516000 0.228776 1.384748
1403715295062142976.000000 0.510905 0.226911 1.380848
1403715295112143360.000000 0.508877 0.226094 1.376174
1403715295162142976.000000 0.505877 0.225490 1.371664
1403715295212143104.000000 0.502664 0.224595 1.366119
1403715295262143232.000000 0.498926 0.223374 1.363724
1403715295312143104.000000 0.496842 0.223537 1.361015
1403715295362142976.000000 0.493720 0.224237 1.361418
1403715295412143104.000000 0.486850 0.223362 1.363587
1403715295462142976.000000 0.483687 0.224404 1.365412
1403715295512143104.000000 0.478217 0.224773 1.367802
1403715295562142976.000000 0.475953 0.225360 1.368121
1403715295612143360.000000 0.469454 0.225390 1.367754
1403715295662142976.000000 0.464531 0.224655 1.365526
1403715295712143104.000000 0.460195 0.225128 1.364573
1403715295762143232.000000 0.456670 0.225505 1.358390
1403715295812143104.000000 0.455121 0.227815 1.354694
1403715295862142976.000000 0.450846 0.228825 1.349970
1403715295912143104.000000 0.448134 0.231769 1.345100
1403715295962142976.000000 0.442022 0.232648 1.340289
1403715296012143104.000000 0.436485 0.233501 1.333433
1403715296062142976.000000 0.432080 0.236239 1.327979
1403715296112143360.000000 0.426697 0.238181 1.320650
1403715296162142976.000000 0.418436 0.238418 1.313134
1403715296212143104.000000 0.412273 0.239919 1.305674
1403715296262143232.000000 0.405227 0.241001 1.297777
1403715296312143104.000000 0.397454 0.240869 1.290361
1403715296362142976.000000 0.390269 0.241912 1.283857
1403715296412143104.000000 0.383308 0.241160 1.279640
1403715296462142976.000000 0.375495 0.238616 1.276843
1403715296512143104.000000 0.369877 0.236315 1.275833
1403715296562142976.000000 0.364554 0.232575 1.274701
1403715296612143360.000000 0.360233 0.230824 1.275933
1403715296662142976.000000 0.354670 0.226555 1.275168
1403715296712143104.000000 0.351102 0.221359 1.276909
1403715296762143232.000000 0.347038 0.217199 1.277389
1403715296812143104.000000 0.342904 0.210677 1.278471
1403715296862142976.000000 0.339911 0.205909 1.278051
1403715296912143104.000000 0.334906 0.197853 1.277164
1403715296962142976.000000 0.330905 0.193697 1.276610
1403715297012143104.000000 0.327188 0.187994 1.277526
1403715297062142976.000000 0.324461 0.182837 1.276654
1403715297112143360.000000 0.321300 0.179022 1.276491
1403715297162142976.000000 0.318197 0.173879 1.275804
1403715297212143104.000000 0.315517 0.169954 1.273565
1403715297262143232.000000 0.313007 0.163860 1.271546
1403715297312143104.000000 0.312639 0.157852 1.270466
1403715297362142976.000000 0.311207 0.153120 1.266907
1403715297412143104.000000 0.310870 0.145530 1.265067
1403715297462142976.000000 0.311650 0.137944 1.263527
1403715297512143104.000000 0.312986 0.129758 1.261436
1403715297562142976.000000 0.316196 0.121201 1.259127
1403715297612143360.000000 0.318251 0.113012 1.254886
1403715297662142976.000000 0.321707 0.103890 1.252729
1403715297712143104.000000 0.326084 0.094328 1.250985
1403715297762143232.000000 0.331675 0.084707 1.248477
1403715297812143104.000000 0.337816 0.075962 1.247378
1403715297862142976.000000 0.344799 0.064288 1.246704
1403715297912143104.000000 0.352055 0.053562 1.245677
1403715297962142976.000000 0.360429 0.043087 1.245228
1403715298012143104.000000 0.369130 0.031063 1.245334
1403715298062142976.000000 0.377062 0.019513 1.243323
1403715298112143360.000000 0.383642 0.006201 1.243694
1403715298162142976.000000 0.389385 -0.007672 1.243101
1403715298212143104.000000 0.395440 -0.021128 1.241383
1403715298262143232.000000 0.399551 -0.033269 1.240707
1403715298312143104.000000 0.404191 -0.044865 1.240820
1403715298362142976.000000 0.409820 -0.058866 1.239885
1403715298412143104.000000 0.411797 -0.069752 1.238663
1403715298462142976.000000 0.414555 -0.079609 1.237453
1403715298512143104.000000 0.416544 -0.088541 1.237731
1403715298562142976.000000 0.418095 -0.098124 1.238363
1403715298612143360.000000 0.417796 -0.104013 1.238543
1403715298662142976.000000 0.418532 -0.110572 1.240583
1403715298712143104.000000 0.418958 -0.115042 1.241315
1403715298762143232.000000 0.419078 -0.117867 1.242047
1403715298812143104.000000 0.415640 -0.118693 1.244760
1403715298862142976.000000 0.414725 -0.120089 1.247528
1403715298912143104.000000 0.412666 -0.118089 1.248762
1403715298962142976.000000 0.408754 -0.114665 1.250970
1403715299012143104.000000 0.404217 -0.111280 1.255787
1403715299062142976.000000 0.401106 -0.106353 1.258489
1403715299112143360.000000 0.399810 -0.100291 1.257664
1403715299162142976.000000 0.397374 -0.095939 1.260251
1403715299212143104.000000 0.396240 -0.090608 1.264003
1403715299262143232.000000 0.395717 -0.085161 1.266334
1403715299312143104.000000 0.396231 -0.078615 1.266865
1403715299362142976.000000 0.397228 -0.072839 1.269556
1403715299412143104.000000 0.399315 -0.066858 1.272343
1403715299462142976.000000 0.401142 -0.059310 1.274663
1403715299512143104.000000 0.404062 -0.051933 1.275424
1403715299562142976.000000 0.407318 -0.045412 1.277846
1403715299612143360.000000 0.411651 -0.038198 1.279618
1403715299662142976.000000 0.416013 -0.030902 1.281731
1403715299712143104.000000 0.420956 -0.023775 1.283294
1403715299762143232.000000 0.425926 -0.017266 1.284696
1403715299812143104.000000 0.431643 -0.009899 1.284891
1403715299862142976.000000 0.438396 -0.003619 1.286352
1403715299912143104.000000 0.445424 0.004792 1.286395
1403715299962142976.000000 0.452388 0.011282 1.286953
1403715300012143104.000000 0.459238 0.016810 1.287990
1403715300062142976.000000 0.467575 0.023040 1.288371
1403715300112143360.000000 0.475275 0.029142 1.288142
1403715300162142976.000000 0.483147 0.036332 1.288586
1403715300212143104.000000 0.491680 0.041024 1.288893
1403715300262143232.000000 0.500622 0.045928 1.289455
1403715300312143104.000000 0.508756 0.050855 1.289166
1403715300362142976.000000 0.515711 0.056922 1.290437
1403715300412143104.000000 0.522804 0.060518 1.291739
1403715300462142976.000000 0.529288 0.065556 1.293041
1403715300512143104.000000 0.535076 0.069449 1.294046
1403715300562142976.000000 0.541093 0.071869 1.294605
1403715300612143360.000000 0.547061 0.073945 1.294594
1403715300662142976.000000 0.552515 0.077324 1.295434
1403715300712143104.000000 0.556442 0.077308 1.295182
1403715300762143232.000000 0.561444 0.077808 1.295895
1403715300812143104.000000 0.566286 0.078998 1.296984
1403715300862142976.000000 0.571639 0.077345 1.296736
1403715300912143104.000000 0.575495 0.075714 1.297714
1403715300962142976.000000 0.578860 0.074766 1.298830
1403715301012143104.000000 0.581943 0.072493 1.298333
1403715301062142976.000000 0.585461 0.070200 1.298061
1403715301112143360.000000 0.589134 0.066822 1.298567
1403715301162142976.000000 0.590734 0.064795 1.298362
1403715301212143104.000000 0.592637 0.060534 1.298826
1403715301262143232.000000 0.593016 0.057766 1.297081
1403715301312143104.000000 0.591529 0.052622 1.296950
1403715301362142976.000000 0.589545 0.049050 1.295189
1403715301412143104.000000 0.586436 0.044345 1.295044
1403715301462142976.000000 0.582393 0.038947 1.293914
1403715301512143104.000000 0.578053 0.033018 1.291862
1403715301562142976.000000 0.572581 0.027702 1.288364
1403715301612143360.000000 0.566568 0.021271 1.286279
1403715301662142976.000000 0.561074 0.014769 1.283267
1403715301712143104.000000 0.554479 0.008932 1.280027
1403715301762143232.000000 0.548426 0.003337 1.276850
1403715301812143104.000000 0.541646 -0.002941 1.273841
1403715301862142976.000000 0.536423 -0.009462 1.271530
1403715301912143104.000000 0.530180 -0.015271 1.268552
1403715301962142976.000000 0.522837 -0.022629 1.266018
1403715302012143104.000000 0.516009 -0.028669 1.263452
1403715302062142976.000000 0.508239 -0.034356 1.261124
1403715302112143360.000000 0.501277 -0.040609 1.259044
1403715302162142976.000000 0.492883 -0.046874 1.257594
1403715302212143104.000000 0.484628 -0.051582 1.255923
1403715302262143232.000000 0.475737 -0.055569 1.255000
1403715302312143104.000000 0.467060 -0.060652 1.253702
1403715302362142976.000000 0.458161 -0.065338 1.253785
1403715302412143104.000000 0.449006 -0.069273 1.253507
1403715302462142976.000000 0.438257 -0.071813 1.253513
1403715302512143104.000000 0.428449 -0.074422 1.253782
1403715302562142976.000000 0.418249 -0.076837 1.253945
1403715302612143360.000000 0.408232 -0.077968 1.254128
1403715302662142976.000000 0.397459 -0.079088 1.254428
1403715302712143104.000000 0.387092 -0.080569 1.255306
1403715302762143232.000000 0.377242 -0.081774 1.255033
1403715302812143104.000000 0.368188 -0.082877 1.254796
1403715302862142976.000000 0.358881 -0.082621 1.253359
1403715302912143104.000000 0.349860 -0.083933 1.252350
1403715302962142976.000000 0.341609 -0.083257 1.251018
1403715303012143104.000000 0.334171 -0.082559 1.249215
1403715303062142976.000000 0.325967 -0.081792 1.247841
1403715303112143360.000000 0.318646 -0.081804 1.245901
1403715303162142976.000000 0.312220 -0.078971 1.243880
1403715303212143104.000000 0.305981 -0.076480 1.242524
1403715303262143232.000000 0.300707 -0.073886 1.241543
1403715303312143104.000000 0.295400 -0.070183 1.240272
1403715303362142976.000000 0.291061 -0.066165 1.239524
1403715303412143104.000000 0.286531 -0.061411 1.239021
1403715303462142976.000000 0.281380 -0.055857 1.237797
1403715303512143104.000000 0.276272 -0.052027 1.237002
1403715303562142976.000000 0.272483 -0.047510 1.236188
1403715303612143360.000000 0.266820 -0.041721 1.235812
1403715303662142976.000000 0.262000 -0.036505 1.235552
1403715303712143104.000000 0.255149 -0.031225 1.234541
1403715303762143232.000000 0.250659 -0.025777 1.233971
1403715303812143104.000000 0.243555 -0.020523 1.233512
1403715303862142976.000000 0.236569 -0.014813 1.234339
1403715303912143104.000000 0.230967 -0.010240 1.233721
1403715303962142976.000000 0.225887 -0.005327 1.233020
1403715304012143104.000000 0.219859 -0.001323 1.233199
1403715304062142976.000000 0.215411 0.003901 1.232138
1403715304112143360.000000 0.210297 0.006773 1.231655
1403715304162142976.000000 0.204909 0.009633 1.231394
1403715304212143104.000000 0.200129 0.012134 1.230376
1403715304262143232.000000 0.196392 0.013882 1.228665
1403715304312143104.000000 0.192126 0.015922 1.227119
1403715304362142976.000000 0.188741 0.017247 1.226242
1403715304412143104.000000 0.185724 0.019036 1.223782
1403715304462142976.000000 0.181827 0.019735 1.221522
1403715304512143104.000000 0.179153 0.020295 1.218645
1403715304562142976.000000 0.177315 0.020815 1.214391
1403715304612143360.000000 0.175467 0.021440 1.208823
1403715304662142976.000000 0.172337 0.021902 1.203123
1403715304712143104.000000 0.171034 0.021309 1.196556
1403715304762143232.000000 0.167986 0.021807 1.190150
1403715304812143104.000000 0.166370 0.020770 1.185048
1403715304862142976.000000 0.163507 0.020137 1.180218
1403715304912143104.000000 0.161853 0.019063 1.177345
1403715304962142976.000000 0.158352 0.018528 1.176384
1403715305012143104.000000 0.156622 0.016601 1.176092
1403715305062142976.000000 0.153370 0.015456 1.178070
1403715305112143360.000000 0.150333 0.014411 1.180746
1403715305162142976.000000 0.147432 0.013215 1.183478
1403715305212143104.000000 0.144590 0.012022 1.186342
1403715305262143232.000000 0.141076 0.011071 1.188499
1403715305312143104.000000 0.138410 0.010065 1.190943
1403715305362142976.000000 0.135801 0.008756 1.192366
1403715305412143104.000000 0.133375 0.007254 1.194571
1403715305462142976.000000 0.130566 0.006903 1.196787
1403715305512143104.000000 0.128713 0.004853 1.199396
1403715305562142976.000000 0.126139 0.003775 1.203853
1403715305612143360.000000 0.123726 0.002834 1.210472
1403715305662142976.000000 0.121566 0.002603 1.219305
1403715305712143104.000000 0.118776 0.001890 1.228438
1403715305762143232.000000 0.116485 0.000828 1.237800
1403715305812143104.000000 0.114974 -0.000034 1.247689
1403715305862142976.000000 0.113289 -0.000367 1.257246
1403715305912143104.000000 0.112505 -0.001577 1.265955
1403715305962142976.000000 0.110457 -0.001460 1.274894
1403715306012143104.000000 0.109997 -0.002789 1.283212
1403715306062142976.000000 0.109041 -0.003194 1.291810
1403715306112143360.000000 0.108061 -0.003667 1.298868
1403715306162142976.000000 0.107683 -0.003696 1.305682
1403715306212143104.000000 0.107806 -0.003301 1.312721
1403715306262143232.000000 0.107951 -0.002383 1.320186
1403715306312143104.000000 0.108954 -0.002151 1.327328
1403715306362142976.000000 0.110444 -0.001525 1.334128
1403715306412143104.000000 0.112510 -0.001435 1.340524
1403715306462142976.000000 0.115629 -0.000858 1.346083
1403715306512143104.000000 0.120797 -0.001672 1.352530
1403715306562142976.000000 0.126583 -0.002984 1.358224
1403715306612143360.000000 0.132649 -0.004918 1.364914
1403715306662142976.000000 0.139921 -0.007867 1.370539
1403715306712143104.000000 0.147303 -0.010690 1.375657
1403715306762143232.000000 0.155302 -0.015606 1.381369
1403715306812143104.000000 0.163781 -0.020129 1.386806
1403715306862142976.000000 0.173213 -0.026817 1.392204
1403715306912143104.000000 0.182053 -0.034337 1.396651
1403715306962142976.000000 0.190683 -0.043114 1.400673
1403715307012143104.000000 0.198439 -0.052218 1.403776
1403715307062142976.000000 0.205810 -0.062906 1.405365
1403715307112143360.000000 0.211784 -0.074454 1.406357
1403715307162142976.000000 0.216239 -0.085908 1.405315
1403715307212143104.000000 0.220819 -0.097312 1.402983
1403715307262143232.000000 0.223239 -0.109402 1.399022
1403715307312143104.000000 0.225465 -0.121213 1.394672
1403715307362142976.000000 0.225736 -0.132784 1.388413
1403715307412143104.000000 0.225533 -0.145951 1.382529
1403715307462142976.000000 0.223548 -0.156350 1.376906
1403715307512143104.000000 0.220650 -0.165208 1.372961
1403715307562142976.000000 0.218543 -0.175187 1.368009
1403715307612143360.000000 0.215748 -0.183246 1.363019
1403715307662142976.000000 0.213879 -0.192487 1.357484
1403715307712143104.000000 0.211212 -0.200152 1.351386
1403715307762143232.000000 0.208673 -0.207644 1.346705
1403715307812143104.000000 0.206532 -0.215779 1.339285
1403715307862142976.000000 0.206391 -0.223544 1.333188
1403715307912143104.000000 0.204280 -0.229039 1.327052
1403715307962142976.000000 0.204405 -0.235460 1.320488
1403715308012143104.000000 0.201817 -0.241082 1.314254
1403715308062142976.000000 0.202084 -0.247143 1.309868
1403715308112143360.000000 0.201576 -0.252326 1.304060
1403715308162142976.000000 0.201359 -0.257303 1.298975
1403715308212143104.000000 0.201328 -0.260642 1.293090
1403715308262143232.000000 0.201590 -0.263583 1.287548
1403715308312143104.000000 0.202058 -0.266410 1.280801
1403715308362142976.000000 0.202493 -0.268466 1.275683
1403715308412143104.000000 0.202907 -0.269045 1.270931
1403715308462142976.000000 0.204139 -0.269731 1.264994
1403715308512143104.000000 0.205170 -0.270632 1.260099
1403715308562142976.000000 0.206379 -0.271186 1.255895
1403715308612143360.000000 0.206453 -0.269529 1.253130
1403715308662142976.000000 0.207808 -0.269576 1.251322
1403715308712143104.000000 0.210345 -0.268071 1.250593
1403715308762143232.000000 0.212991 -0.267612 1.252881
1403715308812143104.000000 0.215881 -0.265171 1.253602
1403715308862142976.000000 0.219327 -0.265196 1.256247
1403715308912143104.000000 0.222276 -0.263358 1.257831
1403715308962142976.000000 0.226693 -0.262445 1.259927
1403715309012143104.000000 0.231797 -0.260610 1.263109
1403715309062142976.000000 0.236852 -0.260008 1.265368
1403715309112143360.000000 0.243074 -0.259378 1.268238
1403715309162142976.000000 0.249609 -0.258032 1.270475
1403715309212143104.000000 0.255970 -0.257988 1.272432
1403715309262143232.000000 0.263166 -0.258302 1.273300
1403715309312143104.000000 0.270474 -0.258335 1.276270
1403715309362142976.000000 0.277920 -0.260683 1.277226
1403715309412143104.000000 0.284231 -0.261463 1.277998
1403715309462142976.000000 0.290353 -0.264763 1.279674
1403715309512143104.000000 0.296175 -0.266410 1.280953
1403715309562142976.000000 0.303181 -0.270480 1.283037
1403715309612143360.000000 0.308881 -0.273639 1.284135
1403715309662142976.000000 0.315936 -0.276808 1.285355
1403715309712143104.000000 0.321205 -0.279920 1.287049
1403715309762143232.000000 0.326982 -0.283937 1.288488
1403715309812143104.000000 0.332243 -0.288442 1.290179
1403715309862142976.000000 0.337570 -0.290910 1.291500
1403715309912143104.000000 0.341081 -0.293917 1.292962
1403715309962142976.000000 0.346750 -0.298912 1.294717
1403715310012143104.000000 0.351061 -0.302444 1.296424
1403715310062142976.000000 0.357129 -0.306759 1.295997
1403715310112143360.000000 0.363132 -0.312492 1.297844
1403715310162142976.000000 0.369839 -0.319958 1.297323
1403715310212143104.000000 0.375179 -0.326760 1.298410
1403715310262143232.000000 0.381023 -0.334001 1.299365
1403715310312143104.000000 0.386388 -0.342601 1.299115
1403715310362142976.000000 0.391562 -0.351503 1.299547
1403715310412143104.000000 0.394350 -0.359885 1.300065
1403715310462142976.000000 0.397658 -0.370792 1.301960
1403715310512143104.000000 0.399551 -0.382674 1.303039
1403715310562142976.000000 0.401438 -0.391906 1.303309
1403715310612143360.000000 0.400600 -0.400547 1.305099
1403715310662142976.000000 0.403064 -0.411767 1.306333
1403715310712143104.000000 0.402763 -0.420187 1.307372
1403715310762143232.000000 0.403309 -0.429660 1.307518
1403715310812143104.000000 0.403805 -0.439676 1.309415
1403715310862142976.000000 0.403944 -0.447354 1.309936
1403715310912143104.000000 0.404200 -0.455540 1.312110
1403715310962142976.000000 0.403779 -0.461646 1.311532
1403715311012143104.000000 0.403835 -0.469446 1.312314
1403715311062142976.000000 0.406166 -0.478131 1.314662
1403715311112143360.000000 0.405920 -0.484631 1.314681
1403715311162142976.000000 0.407673 -0.492100 1.314457
1403715311212143104.000000 0.409140 -0.499315 1.316185
1403715311262143232.000000 0.411241 -0.507531 1.315627
1403715311312143104.000000 0.413757 -0.514951 1.317048
1403715311362142976.000000 0.417185 -0.523021 1.317004
1403715311412143104.000000 0.420669 -0.529676 1.317219
1403715311462142976.000000 0.424566 -0.538657 1.317643
1403715311512143104.000000 0.428657 -0.547443 1.317029
1403715311562142976.000000 0.434214 -0.555691 1.319331
1403715311612143360.000000 0.438977 -0.564788 1.320805
1403715311662142976.000000 0.444756 -0.571770 1.322411
1403715311712143104.000000 0.451408 -0.580748 1.323883
1403715311762143232.000000 0.456743 -0.588609 1.323441
1403715311812143104.000000 0.465423 -0.597120 1.326824
1403715311862142976.000000 0.472430 -0.604555 1.325871
1403715311912143104.000000 0.481180 -0.613955 1.328711
1403715311962142976.000000 0.487921 -0.620566 1.328753
1403715312012143104.000000 0.496681 -0.628216 1.329566
1403715312062142976.000000 0.505305 -0.635188 1.329715
1403715312112143360.000000 0.514277 -0.643345 1.332267
1403715312162142976.000000 0.523062 -0.650124 1.333374
1403715312212143104.000000 0.533553 -0.660423 1.337366
1403715312262143232.000000 0.543872 -0.667030 1.338614
1403715312312143104.000000 0.551730 -0.673145 1.337805
1403715312362142976.000000 0.560741 -0.680022 1.339565
1403715312412143104.000000 0.569555 -0.683454 1.339110
1403715312462142976.000000 0.580916 -0.693531 1.341278
1403715312512143104.000000 0.590514 -0.698561 1.342300
1403715312562142976.000000 0.600412 -0.704991 1.340224
1403715312612143360.000000 0.608733 -0.709204 1.340820
1403715312662142976.000000 0.619483 -0.714478 1.339959
1403715312712143104.000000 0.632111 -0.724658 1.340478
1403715312762143232.000000 0.639912 -0.730320 1.338279
1403715312812143104.000000 0.649724 -0.735142 1.337313
1403715312862142976.000000 0.659131 -0.739992 1.336970
1403715312912143104.000000 0.669290 -0.747338 1.337655
1403715312962142976.000000 0.677208 -0.753927 1.336723
1403715313012143104.000000 0.681486 -0.755922 1.336164
1403715313062142976.000000 0.687925 -0.759289 1.340570
1403715313112143360.000000 0.694053 -0.764997 1.346938
1403715313162142976.000000 0.698564 -0.766928 1.351541
1403715313212143104.000000 0.701565 -0.769804 1.356615
1403715313262143232.000000 0.701519 -0.772240 1.358767
1403715313312143104.000000 0.705049 -0.773960 1.366442
1403715313362142976.000000 0.706590 -0.775605 1.370250
1403715313412143104.000000 0.707545 -0.778683 1.374432
1403715313462142976.000000 0.706074 -0.779023 1.376661
1403715313512143104.000000 0.707503 -0.781168 1.380693
1403715313562142976.000000 0.708192 -0.784967 1.387065
1403715313612143360.000000 0.709325 -0.786377 1.393953
1403715313662142976.000000 0.706828 -0.788052 1.394072
1403715313712143104.000000 0.705791 -0.788165 1.398830
1403715313762143232.000000 0.704869 -0.788808 1.402498
1403715313812143104.000000 0.704206 -0.789219 1.407472
1403715313862142976.000000 0.703357 -0.789706 1.412638
1403715313912143104.000000 0.702796 -0.788866 1.417904
1403715313962142976.000000 0.701350 -0.788531 1.423122
1403715314012143104.000000 0.698777 -0.786425 1.425945
1403715314062142976.000000 0.695472 -0.786288 1.426462
1403715314112143360.000000 0.696757 -0.786822 1.432830
1403715314162142976.000000 0.695534 -0.786751 1.435625
1403715314212143104.000000 0.694685 -0.787896 1.436440
1403715314262143232.000000 0.691599 -0.785328 1.437644
1403715314312143104.000000 0.690555 -0.784221 1.443964
1403715314362142976.000000 0.690198 -0.781099 1.445602
1403715314412143104.000000 0.688209 -0.780056 1.445997
1403715314462142976.000000 0.687366 -0.775360 1.447092
1403715314512143104.000000 0.685755 -0.771554 1.448868
1403715314562142976.000000 0.684426 -0.768857 1.449236
1403715314612143360.000000 0.682333 -0.766067 1.447570
1403715314662142976.000000 0.681376 -0.759532 1.448814
1403715314712143104.000000 0.680234 -0.761173 1.447003
1403715314762143232.000000 0.680074 -0.751711 1.448106
1403715314812143104.000000 0.680401 -0.744264 1.449411
1403715314862142976.000000 0.678707 -0.740675 1.448526
1403715314912143104.000000 0.680193 -0.732996 1.451888
1403715314962142976.000000 0.678666 -0.728422 1.449369
1403715315012143104.000000 0.678782 -0.722452 1.448539
1403715315062142976.000000 0.678361 -0.715990 1.449462
1403715315112143360.000000 0.677080 -0.706235 1.447612
1403715315162142976.000000 0.677534 -0.695734 1.448667
1403715315212143104.000000 0.677320 -0.688682 1.446857
1403715315262143232.000000 0.677732 -0.682627 1.447580
1403715315312143104.000000 0.676666 -0.676310 1.447796
1403715315362142976.000000 0.676454 -0.665394 1.447323
1403715315412143104.000000 0.675299 -0.663001 1.448443
1403715315462142976.000000 0.672278 -0.666903 1.449003
1403715315512143104.000000 0.675584 -0.650235 1.449569
1403715315562142976.000000 0.678147 -0.630513 1.449354
1403715315612143360.000000 0.677235 -0.626103 1.449927
1403715315662142976.000000 0.675611 -0.621926 1.449736
1403715315712143104.000000 0.673879 -0.615724 1.450385
1403715315762143232.000000 0.673520 -0.608031 1.450079
1403715315812143104.000000 0.671969 -0.605297 1.451015
1403715315862142976.000000 0.672663 -0.593128 1.451851
1403715315912143104.000000 0.671060 -0.586686 1.450175
1403715315962142976.000000 0.668938 -0.586266 1.450715
1403715316012143104.000000 0.666433 -0.582128 1.451323
1403715316062142976.000000 0.664242 -0.580522 1.450274
1403715316112143360.000000 0.661559 -0.579628 1.450564
1403715316162142976.000000 0.657852 -0.577536 1.447131
1403715316212143104.000000 0.655505 -0.577005 1.445830
1403715316262143232.000000 0.653202 -0.572299 1.442934
1403715316312143104.000000 0.652135 -0.561491 1.435166
1403715316362142976.000000 0.650215 -0.559762 1.432693
1403715316412143104.000000 0.646579 -0.564404 1.430296
1403715316462142976.000000 0.647025 -0.558713 1.429461
1403715316512143104.000000 0.648564 -0.553107 1.427045
1403715316562142976.000000 0.649701 -0.547681 1.422717
1403715316612143360.000000 0.650781 -0.547358 1.420703
1403715316662142976.000000 0.653769 -0.543820 1.417922
1403715316712143104.000000 0.657682 -0.539828 1.414858
1403715316762143232.000000 0.660485 -0.533937 1.404957
1403715316812143104.000000 0.665114 -0.529058 1.401293
1403715316862142976.000000 0.668092 -0.527585 1.397051
1403715316912143104.000000 0.674026 -0.522088 1.392892
1403715316962142976.000000 0.679757 -0.515630 1.385812
1403715317012143104.000000 0.684657 -0.512590 1.381517
1403715317062142976.000000 0.688945 -0.510058 1.377863
1403715317112143360.000000 0.694912 -0.504423 1.373031
1403715317162142976.000000 0.699619 -0.497904 1.366817
1403715317212143104.000000 0.706106 -0.491831 1.361912
1403715317262143232.000000 0.711971 -0.486957 1.357052
1403715317312143104.000000 0.719137 -0.478697 1.351170
1403715317362142976.000000 0.722305 -0.477063 1.348117
1403715317412143104.000000 0.728200 -0.471504 1.347917
1403715317462142976.000000 0.731398 -0.468369 1.344097
1403715317512143104.000000 0.737826 -0.462511 1.341495
1403715317562142976.000000 0.743926 -0.456402 1.335350
1403715317612143360.000000 0.750588 -0.450432 1.332693
1403715317662142976.000000 0.755469 -0.446852 1.330530
1403715317712143104.000000 0.760999 -0.442771 1.330275
1403715317762143232.000000 0.766096 -0.437931 1.324555
1403715317812143104.000000 0.770342 -0.432684 1.321527
1403715317862142976.000000 0.775749 -0.428601 1.318159
1403715317912143104.000000 0.781087 -0.423330 1.316957
1403715317962142976.000000 0.783376 -0.420940 1.316814
1403715318012143104.000000 0.786557 -0.416996 1.313154
1403715318062142976.000000 0.789007 -0.413325 1.310919
1403715318112143360.000000 0.791156 -0.410528 1.307840
1403715318162142976.000000 0.791192 -0.408254 1.307249
1403715318212143104.000000 0.791340 -0.405908 1.304720
1403715318262143232.000000 0.789886 -0.403281 1.302678
1403715318312143104.000000 0.791395 -0.402236 1.300767
1403715318362142976.000000 0.790388 -0.399248 1.298536
1403715318412143104.000000 0.787177 -0.398898 1.295954
1403715318462142976.000000 0.783667 -0.398122 1.295348
1403715318512143104.000000 0.780311 -0.397175 1.289277
1403715318562142976.000000 0.778994 -0.397644 1.286947
1403715318612143360.000000 0.775950 -0.396787 1.283441
1403715318662142976.000000 0.769957 -0.398526 1.280604
1403715318712143104.000000 0.768887 -0.398235 1.276427
1403715318762143232.000000 0.765503 -0.400575 1.271285
1403715318812143104.000000 0.760274 -0.404564 1.271855
1403715318862142976.000000 0.759487 -0.406627 1.267669
1403715318912143104.000000 0.756843 -0.410411 1.266075
1403715318962142976.000000 0.755532 -0.416390 1.262283
1403715319012143104.000000 0.753725 -0.421325 1.258465
1403715319062142976.000000 0.751475 -0.428949 1.256677
1403715319112143360.000000 0.750599 -0.436604 1.255241
1403715319162142976.000000 0.750090 -0.445398 1.247543
1403715319212143104.000000 0.748835 -0.454304 1.248505
1403715319262143232.000000 0.747703 -0.463879 1.246700
1403715319312143104.000000 0.747373 -0.473870 1.245449
1403715319362142976.000000 0.748001 -0.483236 1.244797
1403715319412143104.000000 0.748217 -0.494440 1.242320
1403715319462142976.000000 0.750790 -0.505776 1.241554
1403715319512143104.000000 0.752157 -0.516869 1.239914
1403715319562142976.000000 0.755579 -0.527632 1.238893
1403715319612143360.000000 0.757767 -0.538216 1.237858
1403715319662142976.000000 0.759356 -0.550324 1.239156
1403715319712143104.000000 0.762988 -0.562170 1.241189
1403715319762143232.000000 0.765718 -0.573553 1.244342
1403715319812143104.000000 0.771231 -0.585840 1.251379
1403715319862142976.000000 0.776697 -0.596741 1.253035
1403715319912143104.000000 0.783572 -0.609534 1.259347
1403715319962142976.000000 0.789011 -0.622079 1.264774
1403715320012143104.000000 0.795267 -0.635341 1.272944
1403715320062142976.000000 0.800936 -0.647457 1.278803
1403715320112143360.000000 0.807420 -0.660481 1.283759
1403715320162142976.000000 0.812630 -0.673289 1.290824
1403715320212143104.000000 0.819980 -0.686692 1.298080
1403715320262143232.000000 0.827683 -0.700008 1.302595
1403715320312143104.000000 0.834092 -0.712237 1.306243
1403715320362142976.000000 0.841859 -0.725538 1.313031
1403715320412143104.000000 0.849083 -0.738120 1.319505
1403715320462142976.000000 0.857745 -0.751387 1.326964
1403715320512143104.000000 0.864268 -0.762960 1.332571
1403715320562142976.000000 0.872032 -0.772756 1.334441
1403715320612143360.000000 0.881756 -0.784131 1.339138
1403715320662142976.000000 0.889283 -0.791805 1.343974
1403715320712143104.000000 0.897317 -0.801329 1.348646
1403715320762143232.000000 0.904275 -0.809408 1.353222
1403715320812143104.000000 0.912122 -0.816796 1.357597
1403715320862142976.000000 0.919629 -0.823109 1.361921
1403715320912143104.000000 0.925827 -0.828329 1.365388
1403715320962142976.000000 0.933717 -0.833695 1.367830
1403715321012143104.000000 0.938587 -0.836375 1.371892
1403715321062142976.000000 0.943429 -0.838837 1.373152
1403715321112143360.000000 0.946668 -0.840034 1.375970
1403715321162142976.000000 0.949984 -0.840454 1.378206
1403715321212143104.000000 0.951990 -0.841357 1.381619
1403715321262143232.000000 0.954260 -0.841277 1.382953
1403715321312143104.000000 0.955620 -0.841657 1.386273
1403715321362142976.000000 0.955871 -0.839176 1.388062
1403715321412143104.000000 0.955558 -0.836921 1.387824
1403715321462142976.000000 0.954315 -0.835239 1.390574
1403715321512143104.000000 0.951982 -0.831278 1.392081
1403715321562142976.000000 0.949818 -0.827484 1.393364
1403715321612143360.000000 0.946555 -0.823998 1.396446
1403715321662142976.000000 0.942315 -0.818887 1.397670
1403715321712143104.000000 0.937725 -0.815421 1.403308
1403715321762143232.000000 0.932501 -0.808169 1.400929
1403715321812143104.000000 0.925664 -0.801767 1.404051
1403715321862142976.000000 0.918720 -0.795113 1.407150
1403715321912143104.000000 0.912846 -0.787637 1.409203
1403715321962142976.000000 0.904923 -0.778896 1.412965
1403715322012143104.000000 0.897237 -0.769018 1.415071
1403715322062142976.000000 0.888711 -0.755965 1.416785
1403715322112143360.000000 0.880728 -0.744243 1.417433
1403715322162142976.000000 0.871571 -0.731335 1.418665
1403715322212143104.000000 0.862020 -0.718294 1.420903
1403715322262143232.000000 0.852102 -0.705383 1.420456
1403715322312143104.000000 0.842611 -0.691387 1.421256
1403715322362142976.000000 0.830851 -0.679172 1.425737
1403715322412143104.000000 0.820199 -0.664848 1.424196
1403715322462142976.000000 0.808988 -0.649075 1.419665
1403715322512143104.000000 0.797848 -0.636738 1.419610
1403715322562142976.000000 0.786396 -0.622696 1.412898
1403715322612143360.000000 0.775757 -0.613362 1.410417
1403715322662142976.000000 0.765312 -0.602482 1.405700
1403715322712143104.000000 0.752467 -0.591914 1.398094
1403715322762143232.000000 0.740344 -0.581631 1.393986
1403715322812143104.000000 0.728210 -0.572132 1.386345
1403715322862142976.000000 0.714586 -0.565324 1.384556
1403715322912143104.000000 0.702940 -0.556143 1.382798
1403715322962142976.000000 0.689812 -0.549879 1.381856
1403715323012143104.000000 0.676187 -0.542171 1.381136
1403715323062142976.000000 0.661938 -0.537546 1.382365
1403715323112143360.000000 0.650872 -0.534763 1.385945
1403715323162142976.000000 0.637906 -0.532345 1.386157
1403715323212143104.000000 0.623979 -0.528383 1.385423
1403715323262143232.000000 0.610403 -0.527087 1.386091
1403715323312143104.000000 0.596028 -0.524016 1.383413
1403715323362142976.000000 0.582492 -0.524587 1.380909
1403715323412143104.000000 0.568834 -0.524991 1.379589
1403715323462142976.000000 0.555056 -0.527152 1.376368
1403715323512143104.000000 0.541053 -0.528336 1.376226
1403715323562142976.000000 0.526374 -0.532382 1.378811
1403715323612143360.000000 0.512681 -0.536733 1.381435
1403715323662142976.000000 0.498289 -0.542211 1.385416
1403715323712143104.000000 0.484403 -0.547173 1.390258
1403715323762143232.000000 0.470150 -0.552462 1.394397
1403715323812143104.000000 0.457121 -0.558918 1.399952
1403715323862142976.000000 0.446043 -0.566251 1.401884
1403715323912143104.000000 0.436786 -0.572159 1.406741
1403715323962142976.000000 0.427775 -0.577728 1.410458
1403715324012143104.000000 0.419437 -0.582795 1.414199
1403715324062142976.000000 0.414640 -0.588641 1.418335
1403715324112143360.000000 0.409714 -0.594467 1.421223
1403715324162142976.000000 0.407505 -0.598522 1.423615
1403715324212143104.000000 0.406236 -0.601479 1.426671
1403715324262143232.000000 0.406221 -0.606318 1.428830
1403715324312143104.000000 0.406853 -0.608058 1.432191
1403715324362142976.000000 0.408653 -0.610430 1.434396
1403715324412143104.000000 0.412331 -0.612693 1.438204
1403715324462142976.000000 0.415254 -0.613004 1.440780
1403715324512143104.000000 0.418798 -0.613495 1.444238
1403715324562142976.000000 0.422016 -0.613069 1.447475
1403715324612143360.000000 0.424965 -0.611881 1.450530
1403715324662142976.000000 0.426586 -0.610150 1.453777
1403715324712143104.000000 0.427429 -0.607415 1.456177
1403715324762143232.000000 0.428906 -0.606569 1.459311
1403715324812143104.000000 0.429917 -0.604375 1.462559
1403715324862142976.000000 0.429346 -0.601695 1.464682
1403715324912143104.000000 0.429214 -0.600001 1.468482
1403715324962142976.000000 0.429474 -0.596660 1.470691
1403715325012143104.000000 0.430140 -0.595482 1.472322
1403715325062142976.000000 0.429894 -0.592404 1.474960
1403715325112143360.000000 0.431463 -0.591114 1.476886
1403715325162142976.000000 0.433884 -0.589634 1.478502
1403715325212143104.000000 0.435179 -0.586860 1.479158
1403715325262143232.000000 0.437584 -0.584706 1.481596
1403715325312143104.000000 0.440531 -0.582486 1.482888
1403715325362142976.000000 0.443918 -0.579464 1.482938
1403715325412143104.000000 0.448377 -0.577331 1.483010
1403715325462142976.000000 0.451749 -0.574104 1.483655
1403715325512143104.000000 0.455935 -0.570584 1.483065
1403715325562142976.000000 0.459814 -0.567842 1.484023
1403715325612143360.000000 0.463432 -0.563823 1.483964
1403715325662142976.000000 0.466039 -0.559850 1.484309
1403715325712143104.000000 0.470001 -0.557093 1.485074
1403715325762143232.000000 0.472240 -0.551790 1.484274
1403715325812143104.000000 0.473328 -0.547142 1.484825
1403715325862142976.000000 0.474372 -0.541176 1.484123
1403715325912143104.000000 0.475924 -0.535374 1.484648
1403715325962142976.000000 0.476545 -0.530379 1.483527
1403715326012143104.000000 0.473997 -0.522385 1.480527
1403715326062142976.000000 0.473416 -0.515585 1.481121
1403715326112143360.000000 0.472035 -0.509115 1.480129
1403715326162142976.000000 0.468490 -0.500118 1.477774
1403715326212143104.000000 0.465375 -0.492370 1.475637
1403715326262143232.000000 0.462162 -0.485512 1.473682
1403715326312143104.000000 0.459215 -0.478628 1.472282
1403715326362142976.000000 0.456987 -0.472480 1.470290
1403715326412143104.000000 0.453461 -0.466284 1.468131
1403715326462142976.000000 0.450571 -0.459562 1.466625
1403715326512143104.000000 0.448520 -0.454058 1.464922
1403715326562142976.000000 0.446340 -0.447114 1.463190
1403715326612143360.000000 0.445241 -0.440045 1.460104
1403715326662142976.000000 0.445215 -0.433730 1.457252
1403715326712143104.000000 0.445299 -0.426108 1.454338
1403715326762143232.000000 0.446618 -0.419169 1.452084
1403715326812143104.000000 0.448491 -0.412374 1.448805
1403715326862142976.000000 0.451001 -0.404815 1.447099
1403715326912143104.000000 0.453375 -0.396456 1.444544
1403715326962142976.000000 0.455856 -0.388488 1.442952
1403715327012143104.000000 0.458680 -0.380626 1.441026
1403715327062142976.000000 0.461357 -0.372520 1.438586
1403715327112143360.000000 0.464128 -0.364626 1.436777
1403715327162142976.000000 0.466658 -0.355642 1.434811
1403715327212143104.000000 0.468557 -0.346781 1.432951
1403715327262143232.000000 0.469369 -0.336395 1.431338
1403715327312143104.000000 0.470861 -0.327585 1.429682
1403715327362142976.000000 0.470203 -0.317427 1.428480
1403715327412143104.000000 0.471228 -0.306523 1.426762
1403715327462142976.000000 0.469527 -0.295707 1.424846
1403715327512143104.000000 0.468177 -0.285134 1.423901
1403715327562142976.000000 0.465847 -0.273717 1.422977
1403715327612143360.000000 0.463500 -0.262076 1.420920
1403715327662142976.000000 0.460447 -0.250555 1.419735
1403715327712143104.000000 0.455670 -0.238499 1.417977
1403715327762143232.000000 0.452294 -0.225807 1.414507
1403715327812143104.000000 0.448088 -0.214287 1.411849
1403715327862142976.000000 0.442954 -0.202141 1.409693
1403715327912143104.000000 0.438280 -0.191292 1.409822
1403715327962142976.000000 0.433350 -0.180531 1.406764
1403715328012143104.000000 0.426784 -0.169297 1.405937
1403715328062142976.000000 0.420622 -0.157906 1.404147
1403715328112143360.000000 0.415230 -0.148397 1.402112
1403715328162142976.000000 0.409497 -0.137501 1.399902
1403715328212143104.000000 0.403038 -0.127272 1.398276
1403715328262143232.000000 0.397730 -0.117918 1.397017
1403715328312143104.000000 0.391767 -0.107795 1.397864
1403715328362142976.000000 0.386845 -0.097251 1.395594
1403715328412143104.000000 0.382380 -0.088753 1.395509
1403715328462142976.000000 0.378246 -0.078570 1.393731
1403715328512143104.000000 0.376318 -0.070398 1.391974
1403715328562142976.000000 0.372553 -0.059511 1.392266
1403715328612143360.000000 0.371713 -0.049410 1.389306
1403715328662142976.000000 0.371540 -0.042044 1.391602
1403715328712143104.000000 0.370389 -0.032355 1.389376
1403715328762143232.000000 0.371207 -0.024570 1.388904
1403715328812143104.000000 0.372868 -0.015814 1.386828
1403715328862142976.000000 0.375061 -0.009605 1.387247
1403715328912143104.000000 0.377014 -0.003165 1.385619
1403715328962142976.000000 0.379855 0.002083 1.384952
1403715329012143104.000000 0.382695 0.007706 1.384029
1403715329062142976.000000 0.385197 0.012378 1.382492
1403715329112143360.000000 0.388961 0.018081 1.382014
1403715329162142976.000000 0.392187 0.022026 1.379836
1403715329212143104.000000 0.393977 0.028390 1.377894
1403715329262143232.000000 0.396970 0.032327 1.375340
1403715329312143104.000000 0.400240 0.036392 1.374829
1403715329362142976.000000 0.403306 0.040807 1.372939
1403715329412143104.000000 0.406670 0.044687 1.370005
1403715329462142976.000000 0.407915 0.048685 1.366848
1403715329512143104.000000 0.411760 0.051380 1.363829
1403715329562142976.000000 0.413549 0.054468 1.361754
1403715329612143360.000000 0.414845 0.057282 1.357198
1403715329662142976.000000 0.416883 0.059503 1.354327
1403715329712143104.000000 0.418339 0.061832 1.352655
1403715329762143232.000000 0.419730 0.062823 1.351519
1403715329812143104.000000 0.420467 0.064936 1.347659
1403715329862142976.000000 0.420677 0.066400 1.344086
1403715329912143104.000000 0.422450 0.067761 1.340597
1403715329962142976.000000 0.422808 0.069221 1.337586
1403715330012143104.000000 0.425191 0.069965 1.331552
1403715330062142976.000000 0.424655 0.071072 1.327752
1403715330112143360.000000 0.426683 0.072538 1.323188
1403715330162142976.000000 0.427502 0.073366 1.316918
1403715330212143104.000000 0.427655 0.074588 1.311055
1403715330262143232.000000 0.429091 0.074926 1.305614
1403715330312143104.000000 0.428742 0.075112 1.302576
1403715330362142976.000000 0.430368 0.076647 1.296631
1403715330412143104.000000 0.430305 0.076551 1.293442
1403715330462142976.000000 0.430429 0.076310 1.291253
1403715330512143104.000000 0.431371 0.076387 1.288695
1403715330562142976.000000 0.430409 0.075767 1.287517
1403715330612143360.000000 0.431947 0.074648 1.288862
1403715330662142976.000000 0.431635 0.074149 1.291094
1403715330712143104.000000 0.432408 0.073039 1.295909
1403715330762143232.000000 0.432626 0.072309 1.302193
1403715330812143104.000000 0.433385 0.071725 1.308414
1403715330862142976.000000 0.433575 0.071931 1.312380
1403715330912143104.000000 0.431822 0.071695 1.317378
1403715330962142976.000000 0.433059 0.073195 1.321639
1403715331012143104.000000 0.432014 0.073750 1.325404
1403715331062142976.000000 0.431331 0.074829 1.330057
1403715331112143360.000000 0.429962 0.076046 1.334520
1403715331162142976.000000 0.428672 0.078254 1.338473
1403715331212143104.000000 0.425613 0.080950 1.344611
1403715331262143232.000000 0.421557 0.083269 1.349833
1403715331312143104.000000 0.418177 0.085456 1.356524
1403715331362142976.000000 0.412699 0.087427 1.363213
1403715331412143104.000000 0.406054 0.089479 1.370959
1403715331462142976.000000 0.402448 0.092476 1.379210
1403715331512143104.000000 0.394742 0.093611 1.389250
1403715331562142976.000000 0.390600 0.095618 1.395927
1403715331612143360.000000 0.383416 0.097297 1.405348
1403715331662142976.000000 0.377322 0.098227 1.414319
1403715331712143104.000000 0.373400 0.100385 1.420964
1403715331762143232.000000 0.366234 0.101589 1.428035
1403715331812143104.000000 0.360504 0.103491 1.434575
1403715331862142976.000000 0.355332 0.104512 1.440745
1403715331912143104.000000 0.348863 0.105525 1.447508
1403715331962142976.000000 0.342454 0.106248 1.452514
1403715332012143104.000000 0.337522 0.107711 1.456080
1403715332062142976.000000 0.332749 0.108522 1.457934
1403715332112143360.000000 0.326466 0.108916 1.459752
1403715332162142976.000000 0.320700 0.110767 1.458431
1403715332212143104.000000 0.315863 0.110337 1.458307
1403715332262143232.000000 0.309152 0.110099 1.460326
1403715332312143104.000000 0.305424 0.110312 1.460406
1403715332362142976.000000 0.297932 0.109518 1.461407
1403715332412143104.000000 0.290693 0.108929 1.461928
1403715332462142976.000000 0.284596 0.108212 1.461632
1403715332512143104.000000 0.278060 0.107551 1.463689
1403715332562142976.000000 0.270608 0.104501 1.463914
1403715332612143360.000000 0.261076 0.102344 1.465398
1403715332662142976.000000 0.252212 0.099531 1.467530
1403715332712143104.000000 0.242921 0.095307 1.469028
1403715332762143232.000000 0.233867 0.091324 1.469438
1403715332812143104.000000 0.224761 0.087790 1.470826
1403715332862142976.000000 0.214628 0.083725 1.469824
1403715332912143104.000000 0.202362 0.076955 1.472604
1403715332962142976.000000 0.190606 0.071227 1.474339
1403715333012143104.000000 0.180674 0.067158 1.476017
1403715333062142976.000000 0.168897 0.061026 1.478433
1403715333112143360.000000 0.158375 0.056436 1.480283
1403715333162142976.000000 0.144856 0.051636 1.483483
1403715333212143104.000000 0.135299 0.048546 1.482742
1403715333262143232.000000 0.124054 0.045694 1.483602
1403715333312143104.000000 0.112876 0.044547 1.482615
1403715333362142976.000000 0.102236 0.042959 1.481124
1403715333412143104.000000 0.088704 0.042599 1.478584
1403715333462142976.000000 0.077140 0.042556 1.479463
1403715333512143104.000000 0.066058 0.043737 1.477775
1403715333562142976.000000 0.057793 0.045468 1.477415
1403715333612143360.000000 0.046881 0.047582 1.473914
1403715333662142976.000000 0.034631 0.047823 1.472128
1403715333712143104.000000 0.023433 0.050071 1.470972
1403715333762143232.000000 0.013532 0.054215 1.467678
1403715333812143104.000000 0.002290 0.056252 1.466078
1403715333862142976.000000 -0.009171 0.060093 1.463042
1403715333912143104.000000 -0.018475 0.064175 1.461697
1403715333962142976.000000 -0.031229 0.066261 1.460018
1403715334012143104.000000 -0.039399 0.069035 1.459856
1403715334062142976.000000 -0.050584 0.071251 1.461021
1403715334112143360.000000 -0.061276 0.073101 1.460940
1403715334162142976.000000 -0.072830 0.073552 1.459719
1403715334212143104.000000 -0.082386 0.076669 1.458810
1403715334262143232.000000 -0.092923 0.077444 1.458444
1403715334312143104.000000 -0.103756 0.078476 1.460936
1403715334362142976.000000 -0.113385 0.078640 1.461093
1403715334412143104.000000 -0.126574 0.078674 1.462344
1403715334462142976.000000 -0.136918 0.076877 1.464189
1403715334512143104.000000 -0.148027 0.075117 1.463669
1403715334562142976.000000 -0.159784 0.073588 1.465294
1403715334612143360.000000 -0.170990 0.072455 1.464207
1403715334662142976.000000 -0.182927 0.070425 1.463647
1403715334712143104.000000 -0.193532 0.069396 1.465754
1403715334762143232.000000 -0.205434 0.068330 1.467570
1403715334812143104.000000 -0.216712 0.064804 1.467258
1403715334862142976.000000 -0.227088 0.062609 1.465886
1403715334912143104.000000 -0.237326 0.059511 1.465330
1403715334962142976.000000 -0.249265 0.056770 1.465174
1403715335012143104.000000 -0.260621 0.053543 1.463494
1403715335062142976.000000 -0.271455 0.048910 1.463859
1403715335112143360.000000 -0.280353 0.046725 1.462869
1403715335162142976.000000 -0.290293 0.042323 1.462634
1403715335212143104.000000 -0.300545 0.039452 1.462564
1403715335262143232.000000 -0.310493 0.033138 1.462253
1403715335312143104.000000 -0.319731 0.029146 1.461694
1403715335362142976.000000 -0.328785 0.024802 1.461361
1403715335412143104.000000 -0.338914 0.020353 1.460935
1403715335462142976.000000 -0.346023 0.016384 1.460443
1403715335512143104.000000 -0.354594 0.010833 1.460864
1403715335562142976.000000 -0.362078 0.006870 1.459881
1403715335612143360.000000 -0.370351 0.000437 1.459817
1403715335662142976.000000 -0.378608 -0.005778 1.459570
1403715335712143104.000000 -0.385867 -0.011631 1.457683
1403715335762143232.000000 -0.392875 -0.015903 1.456833
1403715335812143104.000000 -0.400921 -0.022721 1.456117
1403715335862142976.000000 -0.409028 -0.028525 1.455437
1403715335912143104.000000 -0.415103 -0.033033 1.454949
1403715335962142976.000000 -0.422691 -0.039529 1.454368
1403715336012143104.000000 -0.430371 -0.045022 1.453123
1403715336062142976.000000 -0.437551 -0.052035 1.452672
1403715336112143360.000000 -0.443586 -0.059036 1.451413
1403715336162142976.000000 -0.451342 -0.066057 1.451818
1403715336212143104.000000 -0.459175 -0.072118 1.449959
1403715336262143232.000000 -0.466743 -0.079922 1.449790
1403715336312143104.000000 -0.473534 -0.085250 1.449661
1403715336362142976.000000 -0.480591 -0.090844 1.448404
1403715336412143104.000000 -0.487116 -0.096441 1.447603
1403715336462142976.000000 -0.494598 -0.102346 1.446565
1403715336512143104.000000 -0.500989 -0.107980 1.445850
1403715336562142976.000000 -0.509054 -0.114062 1.445278
1403715336612143360.000000 -0.515172 -0.119435 1.444708
1403715336662142976.000000 -0.520713 -0.125521 1.445013
1403715336712143104.000000 -0.526323 -0.131566 1.444429
1403715336762143232.000000 -0.533182 -0.136950 1.444662
1403715336812143104.000000 -0.538674 -0.142878 1.444766
1403715336862142976.000000 -0.544962 -0.148833 1.445670
1403715336912143104.000000 -0.550693 -0.155926 1.446547
1403715336962142976.000000 -0.555835 -0.161489 1.447825
1403715337012143104.000000 -0.559873 -0.167632 1.448185
1403715337062142976.000000 -0.564592 -0.174640 1.450752
1403715337112143360.000000 -0.569413 -0.179603 1.452447
1403715337162142976.000000 -0.573857 -0.185377 1.453856
1403715337212143104.000000 -0.576942 -0.190864 1.456943
1403715337262143232.000000 -0.580924 -0.196588 1.458464
1403715337312143104.000000 -0.584357 -0.203346 1.460373
1403715337362142976.000000 -0.587195 -0.208507 1.462301
1403715337412143104.000000 -0.589932 -0.215732 1.464439
1403715337462142976.000000 -0.592322 -0.222328 1.466914
1403715337512143104.000000 -0.594088 -0.228648 1.469587
1403715337562142976.000000 -0.597341 -0.236365 1.471352
1403715337612143360.000000 -0.599821 -0.244815 1.473153
1403715337662142976.000000 -0.603221 -0.254081 1.474357
1403715337712143104.000000 -0.606641 -0.262470 1.476556
1403715337762143232.000000 -0.609652 -0.271331 1.477765
1403715337812143104.000000 -0.614424 -0.279935 1.478883
1403715337862142976.000000 -0.617599 -0.289224 1.480186
1403715337912143104.000000 -0.620826 -0.299646 1.481574
1403715337962142976.000000 -0.624501 -0.309115 1.483344
1403715338012143104.000000 -0.627780 -0.318719 1.484686
1403715338062142976.000000 -0.631684 -0.329839 1.485922
1403715338112143360.000000 -0.633527 -0.337422 1.487806
1403715338162142976.000000 -0.637243 -0.347498 1.488376
1403715338212143104.000000 -0.640992 -0.357400 1.490497
1403715338262143232.000000 -0.644132 -0.367096 1.492341
1403715338312143104.000000 -0.647691 -0.376482 1.492823
1403715338362142976.000000 -0.649675 -0.385710 1.494365
1403715338412143104.000000 -0.654690 -0.394294 1.495875
1403715338462142976.000000 -0.657179 -0.402440 1.496480
1403715338512143104.000000 -0.662360 -0.413499 1.499613
1403715338562142976.000000 -0.666184 -0.423149 1.500114
1403715338612143360.000000 -0.669810 -0.432599 1.502401
1403715338662142976.000000 -0.673717 -0.441130 1.503719
1403715338712143104.000000 -0.679457 -0.451951 1.505652
1403715338762143232.000000 -0.682701 -0.460372 1.508557
1403715338812143104.000000 -0.688909 -0.469784 1.509461
1403715338862142976.000000 -0.693513 -0.478791 1.511164
1403715338912143104.000000 -0.698595 -0.488204 1.513093
1403715338962142976.000000 -0.704221 -0.498529 1.513515
1403715339012143104.000000 -0.710617 -0.509139 1.514298
1403715339062142976.000000 -0.714502 -0.518307 1.515441
1403715339112143360.000000 -0.719906 -0.528114 1.515010
1403715339162142976.000000 -0.724282 -0.536952 1.516071
1403715339212143104.000000 -0.729256 -0.547747 1.516028
1403715339262143232.000000 -0.734413 -0.559033 1.517152
1403715339312143104.000000 -0.738790 -0.569774 1.515076
1403715339362142976.000000 -0.742583 -0.579944 1.512991
1403715339412143104.000000 -0.745527 -0.589840 1.512500
1403715339462142976.000000 -0.749774 -0.600350 1.510089
1403715339512143104.000000 -0.752955 -0.610966 1.508794
1403715339562142976.000000 -0.755441 -0.619691 1.509406
1403715339612143360.000000 -0.759059 -0.629275 1.506626
1403715339662142976.000000 -0.762361 -0.641724 1.505371
1403715339712143104.000000 -0.765585 -0.652364 1.501557
1403715339762143232.000000 -0.769289 -0.662243 1.499619
1403715339812143104.000000 -0.770621 -0.672036 1.496962
1403715339862142976.000000 -0.773716 -0.681699 1.494250
1403715339912143104.000000 -0.776123 -0.691839 1.490021
1403715339962142976.000000 -0.775890 -0.699067 1.487390
1403715340012143104.000000 -0.775798 -0.706579 1.485173
1403715340062142976.000000 -0.775059 -0.714081 1.483702
1403715340112143360.000000 -0.773189 -0.719683 1.480783
1403715340162142976.000000 -0.770532 -0.724882 1.478279
1403715340212143104.000000 -0.766401 -0.729397 1.480583
1403715340262143232.000000 -0.761328 -0.733005 1.481585
1403715340312143104.000000 -0.756471 -0.735452 1.482178
1403715340362142976.000000 -0.750612 -0.737736 1.484999
1403715340412143104.000000 -0.744234 -0.738935 1.489405
1403715340462142976.000000 -0.737884 -0.741145 1.492257
1403715340512143104.000000 -0.731682 -0.742042 1.497321
1403715340562142976.000000 -0.725131 -0.744803 1.500412
1403715340612143360.000000 -0.718693 -0.746598 1.503171
1403715340662142976.000000 -0.711941 -0.748117 1.506158
1403715340712143104.000000 -0.705062 -0.749438 1.507413
1403715340762143232.000000 -0.698043 -0.751940 1.510703
1403715340812143104.000000 -0.690618 -0.755193 1.511496
1403715340862142976.000000 -0.683042 -0.759597 1.515404
1403715340912143104.000000 -0.675974 -0.763201 1.516750
1403715340962142976.000000 -0.667565 -0.767357 1.519771
1403715341012143104.000000 -0.661518 -0.772933 1.521906
1403715341062142976.000000 -0.652809 -0.777177 1.524298
1403715341112143360.000000 -0.645898 -0.781864 1.524163
1403715341162142976.000000 -0.638395 -0.788590 1.525819
1403715341212143104.000000 -0.630050 -0.795777 1.528415
1403715341262143232.000000 -0.622111 -0.802881 1.529856
1403715341312143104.000000 -0.614908 -0.811234 1.533002
1403715341362142976.000000 -0.607676 -0.819028 1.534522
1403715341412143104.000000 -0.600788 -0.825989 1.537528
1403715341462142976.000000 -0.594272 -0.833863 1.540335
1403715341512143104.000000 -0.588016 -0.840572 1.542652
1403715341562142976.000000 -0.581552 -0.846909 1.544043
1403715341612143360.000000 -0.575483 -0.854180 1.545846
1403715341662142976.000000 -0.569256 -0.861321 1.547481
1403715341712143104.000000 -0.564045 -0.866880 1.548720
1403715341762143232.000000 -0.557837 -0.872118 1.550598
1403715341812143104.000000 -0.552143 -0.876589 1.550623
1403715341862142976.000000 -0.546519 -0.880958 1.552359
1403715341912143104.000000 -0.540257 -0.884036 1.553358
1403715341962142976.000000 -0.534349 -0.884637 1.555293
1403715342012143104.000000 -0.527451 -0.885522 1.556605
1403715342062142976.000000 -0.520617 -0.887185 1.558903
1403715342112143360.000000 -0.515074 -0.887364 1.558153
1403715342162142976.000000 -0.507820 -0.889512 1.560510
1403715342212143104.000000 -0.501368 -0.888964 1.561234
1403715342262143232.000000 -0.495548 -0.889668 1.561835
1403715342312143104.000000 -0.488621 -0.890285 1.561908
1403715342362142976.000000 -0.481922 -0.892040 1.562262
1403715342412143104.000000 -0.475073 -0.893196 1.563583
1403715342462142976.000000 -0.468681 -0.895182 1.562872
1403715342512143104.000000 -0.461713 -0.897279 1.562115
1403715342562142976.000000 -0.454608 -0.897803 1.562522
1403715342612143360.000000 -0.446581 -0.901423 1.560901
1403715342662142976.000000 -0.437773 -0.904662 1.561182
1403715342712143104.000000 -0.428956 -0.907641 1.560666
1403715342762143232.000000 -0.419815 -0.909799 1.561164
1403715342812143104.000000 -0.410283 -0.909807 1.561629
1403715342862142976.000000 -0.399695 -0.911919 1.561548
1403715342912143104.000000 -0.389120 -0.914311 1.562611
1403715342962142976.000000 -0.378797 -0.915458 1.562215
1403715343012143104.000000 -0.367719 -0.917234 1.562289
1403715343062142976.000000 -0.356561 -0.918208 1.562298
1403715343112143360.000000 -0.345988 -0.919048 1.562002
1403715343162142976.000000 -0.334936 -0.920962 1.560380
1403715343212143104.000000 -0.324285 -0.922160 1.559704
1403715343262143232.000000 -0.313551 -0.921625 1.559002
1403715343312143104.000000 -0.301539 -0.924570 1.557576
1403715343362142976.000000 -0.290641 -0.926425 1.555885
1403715343412143104.000000 -0.281007 -0.926671 1.554063
1403715343462142976.000000 -0.268290 -0.929779 1.552158
1403715343512143104.000000 -0.257062 -0.931097 1.550315
1403715343562142976.000000 -0.245257 -0.931859 1.549364
1403715343612143360.000000 -0.232281 -0.936654 1.546755
1403715343662142976.000000 -0.219348 -0.937338 1.545513
1403715343712143104.000000 -0.207318 -0.938014 1.543944
1403715343762143232.000000 -0.194968 -0.939281 1.542114
1403715343812143104.000000 -0.182279 -0.939931 1.541064
1403715343862142976.000000 -0.168501 -0.940457 1.540958
1403715343912143104.000000 -0.154943 -0.942629 1.540549
1403715343962142976.000000 -0.141134 -0.942969 1.539290
1403715344012143104.000000 -0.128610 -0.941405 1.539155
1403715344062142976.000000 -0.114636 -0.940346 1.538835
1403715344112143360.000000 -0.101247 -0.940002 1.539265
1403715344162142976.000000 -0.087436 -0.938020 1.538644
1403715344212143104.000000 -0.074377 -0.937463 1.538682
1403715344262143232.000000 -0.060805 -0.934160 1.538726
1403715344312143104.000000 -0.046653 -0.933203 1.537566
1403715344362142976.000000 -0.033549 -0.930937 1.536274
1403715344412143104.000000 -0.020666 -0.927635 1.535742
1403715344462142976.000000 -0.007914 -0.923819 1.535640
1403715344512143104.000000 0.003574 -0.917707 1.533412
1403715344562142976.000000 0.013982 -0.911388 1.530763
1403715344612143360.000000 0.024034 -0.903910 1.529981
1403715344662142976.000000 0.036403 -0.897282 1.527489
1403715344712143104.000000 0.047407 -0.889260 1.526254
1403715344762143232.000000 0.055984 -0.877201 1.523206
1403715344812143104.000000 0.067303 -0.867163 1.523445
1403715344862142976.000000 0.076140 -0.856389 1.521826
1403715344912143104.000000 0.086546 -0.846365 1.520277
1403715344962142976.000000 0.095821 -0.828823 1.515853
1403715345012143104.000000 0.106318 -0.814528 1.515279
1403715345062142976.000000 0.115820 -0.801603 1.512769
1403715345112143360.000000 0.125586 -0.783935 1.511269
1403715345162142976.000000 0.135811 -0.768525 1.511156
1403715345212143104.000000 0.142973 -0.752066 1.508216
1403715345262143232.000000 0.151878 -0.734711 1.507057
1403715345312143104.000000 0.160278 -0.718829 1.505109
1403715345362142976.000000 0.168027 -0.701495 1.503729
1403715345412143104.000000 0.175540 -0.687631 1.502538
1403715345462142976.000000 0.182484 -0.669163 1.500325
1403715345512143104.000000 0.188487 -0.654150 1.500143
1403715345562142976.000000 0.196147 -0.636585 1.498169
1403715345612143360.000000 0.200309 -0.622187 1.497049
1403715345662142976.000000 0.206508 -0.603059 1.493913
1403715345712143104.000000 0.211850 -0.584281 1.490569
1403715345762143232.000000 0.217559 -0.565913 1.486179
1403715345812143104.000000 0.223255 -0.548119 1.485105
1403715345862142976.000000 0.227575 -0.531280 1.483229
1403715345912143104.000000 0.231379 -0.514771 1.478549
1403715345962142976.000000 0.237665 -0.494559 1.476414
1403715346012143104.000000 0.240863 -0.475587 1.474099
1403715346062142976.000000 0.245651 -0.457296 1.471651
1403715346112143360.000000 0.250344 -0.440034 1.468814
1403715346162142976.000000 0.255194 -0.425984 1.468012
1403715346212143104.000000 0.261753 -0.407210 1.467466
1403715346262143232.000000 0.268802 -0.388514 1.467622
1403715346312143104.000000 0.276295 -0.371530 1.467078
1403715346362142976.000000 0.283630 -0.358305 1.471325
1403715346412143104.000000 0.290520 -0.343959 1.472384
1403715346462142976.000000 0.297868 -0.329145 1.472846
1403715346512143104.000000 0.306777 -0.311658 1.474405
1403715346562142976.000000 0.312265 -0.297911 1.472965
1403715346612143360.000000 0.320243 -0.281377 1.473454
1403715346662142976.000000 0.326261 -0.268706 1.474461
1403715346712143104.000000 0.333950 -0.253625 1.475658
1403715346762143232.000000 0.340068 -0.238210 1.472483
1403715346812143104.000000 0.345900 -0.224741 1.474296
1403715346862142976.000000 0.350548 -0.212373 1.474673
1403715346912143104.000000 0.356894 -0.199420 1.475942
1403715346962142976.000000 0.360578 -0.186634 1.475733
1403715347012143104.000000 0.365383 -0.175444 1.477443
1403715347062142976.000000 0.368910 -0.165104 1.477142
1403715347112143360.000000 0.372384 -0.154042 1.477225
1403715347162142976.000000 0.376593 -0.143452 1.477952
1403715347212143104.000000 0.380479 -0.132524 1.478338
1403715347262143232.000000 0.383934 -0.124262 1.479127
1403715347312143104.000000 0.389123 -0.113583 1.481142
1403715347362142976.000000 0.394190 -0.101818 1.482322
1403715347412143104.000000 0.398403 -0.091690 1.482911
1403715347462142976.000000 0.402232 -0.081704 1.485149
1403715347512143104.000000 0.408074 -0.070622 1.488386
1403715347562142976.000000 0.410590 -0.062593 1.485703
1403715347612143360.000000 0.415729 -0.050130 1.488797
1403715347662142976.000000 0.420126 -0.038176 1.491207
1403715347712143104.000000 0.422594 -0.026977 1.488725
1403715347762143232.000000 0.429254 -0.013139 1.496673
1403715347812143104.000000 0.432169 -0.000856 1.497924
1403715347862142976.000000 0.435782 0.009000 1.501711
1403715347912143104.000000 0.440324 0.025511 1.504411
1403715347962142976.000000 0.442780 0.039487 1.506102
1403715348012143104.000000 0.446013 0.052952 1.507399
1403715348062142976.000000 0.446961 0.064322 1.509689
1403715348112143360.000000 0.451546 0.073665 1.514262
1403715348162142976.000000 0.452931 0.086579 1.512298
1403715348212143104.000000 0.455426 0.095581 1.513919
1403715348262143232.000000 0.454500 0.105646 1.514655
1403715348312143104.000000 0.455414 0.114877 1.514105
1403715348362142976.000000 0.457753 0.120340 1.515161
1403715348412143104.000000 0.459248 0.127448 1.513349
1403715348462142976.000000 0.459943 0.134909 1.512481
1403715348512143104.000000 0.462855 0.139813 1.509184
1403715348562142976.000000 0.465829 0.145594 1.505959
1403715348612143360.000000 0.470265 0.149188 1.501066
1403715348662142976.000000 0.474203 0.151092 1.493146
1403715348712143104.000000 0.478653 0.155001 1.488110
1403715348762143232.000000 0.481227 0.157110 1.476308
1403715348812143104.000000 0.486075 0.160754 1.470862
1403715348862142976.000000 0.489149 0.162254 1.462265
1403715348912143104.000000 0.493671 0.162325 1.455149
1403715348962142976.000000 0.500249 0.159858 1.448596
1403715349012143104.000000 0.504647 0.159318 1.442606
1403715349062142976.000000 0.510416 0.157186 1.438325
1403715349112143360.000000 0.515871 0.153480 1.429797
1403715349162142976.000000 0.519401 0.152109 1.424776
1403715349212143104.000000 0.525996 0.146912 1.420043
1403715349262143232.000000 0.530511 0.142191 1.412720
1403715349312143104.000000 0.534995 0.136429 1.408649
1403715349362142976.000000 0.538804 0.132793 1.403566
1403715349412143104.000000 0.545349 0.125165 1.397651
1403715349462142976.000000 0.549442 0.118011 1.393160
1403715349512143104.000000 0.552898 0.111436 1.386873
1403715349562142976.000000 0.556468 0.106454 1.378981
1403715349612143360.000000 0.558044 0.098465 1.369369
1403715349662142976.000000 0.560174 0.091372 1.365994
1403715349712143104.000000 0.562698 0.083308 1.359695
1403715349762143232.000000 0.564860 0.075213 1.354796
1403715349812143104.000000 0.565391 0.068220 1.350217
1403715349862142976.000000 0.567647 0.058570 1.346030
1403715349912143104.000000 0.566315 0.051480 1.341961
1403715349962142976.000000 0.568134 0.043150 1.337405
1403715350012143104.000000 0.568816 0.035105 1.332163
1403715350062142976.000000 0.570555 0.024872 1.329394
1403715350112143360.000000 0.569975 0.017364 1.325593
1403715350162142976.000000 0.570377 0.009510 1.320752
1403715350212143104.000000 0.571357 0.000980 1.317952
1403715350262143232.000000 0.574448 -0.009025 1.311981
1403715350312143104.000000 0.574215 -0.016687 1.307429
1403715350362142976.000000 0.575809 -0.025163 1.303325
1403715350412143104.000000 0.578955 -0.032631 1.299206
1403715350462142976.000000 0.580427 -0.038907 1.293659
1403715350512143104.000000 0.583474 -0.046447 1.290330
1403715350562142976.000000 0.586367 -0.050745 1.283522
1403715350612143360.000000 0.590909 -0.054691 1.278888
1403715350662142976.000000 0.593498 -0.056214 1.276072
1403715350712143104.000000 0.598244 -0.057297 1.273097
1403715350762143232.000000 0.602481 -0.058266 1.269335
1403715350812143104.000000 0.606885 -0.057819 1.265613
1403715350862142976.000000 0.612225 -0.057124 1.262172
1403715350912143104.000000 0.617949 -0.056424 1.259124
1403715350962142976.000000 0.623449 -0.054531 1.258278
1403715351012143104.000000 0.628578 -0.049448 1.256310
1403715351062142976.000000 0.635134 -0.045912 1.253119
1403715351112143360.000000 0.641081 -0.040811 1.252123
1403715351162142976.000000 0.646447 -0.034776 1.251006
1403715351212143104.000000 0.651560 -0.027907 1.249524
1403715351262143232.000000 0.658807 -0.021763 1.248758
1403715351312143104.000000 0.663814 -0.013185 1.247960
1403715351362142976.000000 0.669453 -0.003942 1.248108
1403715351412143104.000000 0.673937 0.006010 1.249052
1403715351462142976.000000 0.678896 0.016145 1.247882
1403715351512143104.000000 0.686755 0.026491 1.246697
1403715351562142976.000000 0.691150 0.037742 1.246291
1403715351612143360.000000 0.697024 0.048481 1.249328
1403715351662142976.000000 0.701217 0.060002 1.250577
1403715351712143104.000000 0.705505 0.072278 1.251300
1403715351762143232.000000 0.706133 0.085674 1.251813
1403715351812143104.000000 0.710738 0.097514 1.253324
1403715351862142976.000000 0.711409 0.110531 1.254767
1403715351912143104.000000 0.712484 0.123788 1.255389
1403715351962142976.000000 0.709966 0.139791 1.258548
1403715352012143104.000000 0.711963 0.152693 1.260728
1403715352062142976.000000 0.711653 0.166374 1.263309
1403715352112143360.000000 0.713329 0.179764 1.266353
1403715352162142976.000000 0.714152 0.191862 1.268565
1403715352212143104.000000 0.712995 0.204250 1.271719
1403715352262143232.000000 0.715624 0.218490 1.274081
1403715352312143104.000000 0.717108 0.231363 1.277180
1403715352362142976.000000 0.717833 0.243537 1.279002
1403715352412143104.000000 0.719864 0.256177 1.281941
1403715352462142976.000000 0.720831 0.268383 1.282448
1403715352512143104.000000 0.723308 0.279415 1.285958
1403715352562142976.000000 0.726202 0.291948 1.287685
1403715352612143360.000000 0.730110 0.302181 1.288086
1403715352662142976.000000 0.733054 0.312213 1.289226
1403715352712143104.000000 0.737657 0.322009 1.290376
1403715352762143232.000000 0.741239 0.331338 1.291881
1403715352812143104.000000 0.745106 0.339566 1.290443
1403715352862142976.000000 0.750015 0.349176 1.293074
1403715352912143104.000000 0.752859 0.356788 1.290888
1403715352962142976.000000 0.755180 0.365743 1.291481
1403715353012143104.000000 0.758991 0.373760 1.292440
1403715353062142976.000000 0.763750 0.379988 1.294063
1403715353112143360.000000 0.766080 0.386058 1.294841
1403715353162142976.000000 0.769431 0.391748 1.296667
1403715353212143104.000000 0.772180 0.397350 1.299888
1403715353262143232.000000 0.773446 0.402514 1.303652
1403715353312143104.000000 0.772953 0.407822 1.308707
1403715353362142976.000000 0.774355 0.413951 1.313423
1403715353412143104.000000 0.775769 0.417715 1.318809
1403715353462142976.000000 0.778810 0.421139 1.323356
1403715353512143104.000000 0.779147 0.426846 1.327882
1403715353562142976.000000 0.780201 0.429901 1.328200
1403715353612143360.000000 0.780437 0.433344 1.327547
1403715353662142976.000000 0.781571 0.438277 1.325705
1403715353712143104.000000 0.781511 0.444748 1.323469
1403715353762143232.000000 0.781283 0.447457 1.319785
1403715353812143104.000000 0.781697 0.451664 1.316039
1403715353862142976.000000 0.780667 0.455780 1.312565
1403715353912143104.000000 0.783402 0.458156 1.310585
1403715353962142976.000000 0.783008 0.461988 1.304268
1403715354012143104.000000 0.780838 0.464848 1.301399
1403715354062142976.000000 0.779876 0.469068 1.296723
1403715354112143360.000000 0.778681 0.471681 1.292819
1403715354162142976.000000 0.777296 0.475990 1.289761
1403715354212143104.000000 0.776323 0.478993 1.285425
1403715354262143232.000000 0.776188 0.482225 1.280877
1403715354312143104.000000 0.777271 0.484869 1.277955
1403715354362142976.000000 0.776699 0.486853 1.271800
1403715354412143104.000000 0.776888 0.488968 1.266710
1403715354462142976.000000 0.777546 0.491794 1.264061
1403715354512143104.000000 0.779099 0.493271 1.261012
1403715354562142976.000000 0.779307 0.496103 1.258043
1403715354612143360.000000 0.782017 0.497337 1.254726
1403715354662142976.000000 0.783327 0.500012 1.253141
1403715354712143104.000000 0.786647 0.502017 1.254496
1403715354762143232.000000 0.788356 0.504456 1.255635
1403715354812143104.000000 0.790165 0.508435 1.257024
1403715354862142976.000000 0.793481 0.510055 1.262213
1403715354912143104.000000 0.795385 0.513443 1.268001
1403715354962142976.000000 0.798387 0.516772 1.274995
1403715355012143104.000000 0.801588 0.518911 1.281907
1403715355062142976.000000 0.804594 0.521158 1.287603
1403715355112143360.000000 0.807345 0.524926 1.294464
1403715355162142976.000000 0.812702 0.526161 1.301922
1403715355212143104.000000 0.813731 0.529117 1.306920
1403715355262143232.000000 0.816643 0.531524 1.309002
1403715355312143104.000000 0.820339 0.532663 1.314301
1403715355362142976.000000 0.822347 0.535810 1.318193
1403715355412143104.000000 0.826951 0.537595 1.324564
1403715355462142976.000000 0.830214 0.538273 1.330658
1403715355512143104.000000 0.835119 0.540513 1.334965
1403715355562142976.000000 0.836157 0.545151 1.340182
1403715355612143360.000000 0.840721 0.547863 1.343555
1403715355662142976.000000 0.843339 0.550055 1.345914
1403715355712143104.000000 0.849922 0.550667 1.352108
1403715355762143232.000000 0.852793 0.553301 1.355082
1403715355812143104.000000 0.853289 0.555452 1.360736
1403715355862142976.000000 0.859425 0.556322 1.362218
1403715355912143104.000000 0.863121 0.556986 1.368852
1403715355962142976.000000 0.865964 0.558938 1.369630
1403715356012143104.000000 0.870170 0.561231 1.370733
1403715356062142976.000000 0.874360 0.564224 1.376945
1403715356112143360.000000 0.877497 0.566368 1.376702
1403715356162142976.000000 0.881984 0.568565 1.379391
1403715356212143104.000000 0.886009 0.571375 1.382248
1403715356262143232.000000 0.888875 0.573900 1.383776
1403715356312143104.000000 0.887782 0.578962 1.386612
1403715356362142976.000000 0.891742 0.583474 1.389743
1403715356412143104.000000 0.896308 0.588282 1.391419
1403715356462142976.000000 0.893765 0.594141 1.392561
1403715356512143104.000000 0.896157 0.599675 1.395177
1403715356562142976.000000 0.893929 0.606092 1.393911
1403715356612143360.000000 0.893348 0.613988 1.395142
1403715356662142976.000000 0.894479 0.620690 1.398446
1403715356712143104.000000 0.892732 0.629166 1.399192
1403715356762143232.000000 0.893089 0.637306 1.399348
1403715356812143104.000000 0.897266 0.644522 1.398856
1403715356862142976.000000 0.895902 0.653939 1.397496
1403715356912143104.000000 0.896266 0.662597 1.397957
1403715356962142976.000000 0.896550 0.671297 1.399698
1403715357012143104.000000 0.900999 0.679089 1.399604
1403715357062142976.000000 0.902122 0.687628 1.400979
1403715357112143360.000000 0.904144 0.695970 1.403624
1403715357162142976.000000 0.907412 0.705894 1.402471
1403715357212143104.000000 0.908902 0.714832 1.406429
1403715357262143232.000000 0.914192 0.724084 1.413407
1403715357312143104.000000 0.919752 0.732366 1.413096
1403715357362142976.000000 0.922416 0.742137 1.422688
1403715357412143104.000000 0.924021 0.752263 1.424841
1403715357462142976.000000 0.930090 0.761321 1.429461
1403715357512143104.000000 0.938225 0.769521 1.431055
1403715357562142976.000000 0.938928 0.779574 1.431810
1403715357612143360.000000 0.942395 0.787282 1.434193
1403715357662142976.000000 0.946139 0.797690 1.436953
1403715357712143104.000000 0.950719 0.808449 1.440334
1403715357762143232.000000 0.955073 0.819388 1.443782
1403715357812143104.000000 0.957227 0.830501 1.446062
1403715357862142976.000000 0.957856 0.839791 1.445951
1403715357912143104.000000 0.957824 0.848816 1.444301
1403715357962142976.000000 0.959038 0.859959 1.446084
1403715358012143104.000000 0.959097 0.872087 1.447346
1403715358062142976.000000 0.960350 0.882436 1.449339
1403715358112143360.000000 0.957126 0.894788 1.447638
1403715358162142976.000000 0.954388 0.906815 1.443547
1403715358212143104.000000 0.952236 0.919940 1.447392
1403715358262143232.000000 0.949758 0.931699 1.443243
1403715358312143104.000000 0.947786 0.944329 1.442663
1403715358362142976.000000 0.943078 0.959110 1.442660
1403715358412143104.000000 0.939797 0.972440 1.442715
1403715358462142976.000000 0.934598 0.987506 1.439780
1403715358512143104.000000 0.928683 1.003189 1.440562
1403715358562142976.000000 0.924047 1.017056 1.438282
1403715358612143360.000000 0.917057 1.033469 1.438004
1403715358662142976.000000 0.915104 1.048301 1.437268
1403715358712143104.000000 0.905477 1.064008 1.435949
1403715358762143232.000000 0.893174 1.081192 1.440169
1403715358812143104.000000 0.885073 1.096975 1.437431
1403715358862142976.000000 0.879443 1.111809 1.436231
1403715358912143104.000000 0.871452 1.127427 1.434740
1403715358962142976.000000 0.864439 1.140704 1.432607
1403715359012143104.000000 0.858449 1.154968 1.435689
1403715359062142976.000000 0.852833 1.169591 1.437273
1403715359112143360.000000 0.847295 1.182311 1.433454
1403715359162142976.000000 0.838925 1.192150 1.427995
1403715359212143104.000000 0.831692 1.205718 1.426238
1403715359262143232.000000 0.825726 1.217912 1.425635
1403715359312143104.000000 0.819026 1.228340 1.424026
1403715359362142976.000000 0.813561 1.238943 1.421974
1403715359412143104.000000 0.808244 1.247296 1.417003
1403715359462142976.000000 0.801102 1.257240 1.414470
1403715359512143104.000000 0.798786 1.264903 1.411207
1403715359562142976.000000 0.788751 1.274565 1.410160
1403715359612143360.000000 0.781620 1.281794 1.412980
1403715359662142976.000000 0.773092 1.288761 1.412097
1403715359712143104.000000 0.766111 1.294547 1.410791
1403715359762143232.000000 0.757075 1.301838 1.410696
1403715359812143104.000000 0.749700 1.305882 1.408414
1403715359862142976.000000 0.738484 1.312575 1.412472
1403715359912143104.000000 0.733132 1.316179 1.411657
1403715359962142976.000000 0.722630 1.321038 1.413274
1403715360012143104.000000 0.712379 1.325397 1.415608
1403715360062142976.000000 0.702131 1.329674 1.416277
1403715360112143360.000000 0.693216 1.333267 1.416083
1403715360162142976.000000 0.686258 1.336062 1.417290
1403715360212143104.000000 0.676759 1.339285 1.418881
1403715360262143232.000000 0.664931 1.344013 1.420026
1403715360312143104.000000 0.656835 1.346728 1.420519
1403715360362142976.000000 0.647872 1.350176 1.423300
1403715360412143104.000000 0.639990 1.352602 1.423267
1403715360462142976.000000 0.631629 1.355533 1.423687
1403715360512143104.000000 0.625095 1.358125 1.425472
1403715360562142976.000000 0.620480 1.361113 1.427263
1403715360612143360.000000 0.616088 1.363760 1.429324
1403715360662142976.000000 0.613246 1.364710 1.429012
1403715360712143104.000000 0.608406 1.368251 1.431255
1403715360762143232.000000 0.604110 1.372173 1.434533
1403715360812143104.000000 0.602067 1.373191 1.433803
1403715360862142976.000000 0.601567 1.374083 1.433207
1403715360912143104.000000 0.602387 1.376764 1.436403
1403715360962142976.000000 0.601606 1.377924 1.436263
1403715361012143104.000000 0.599773 1.379900 1.438842
1403715361062142976.000000 0.601033 1.380376 1.439352
1403715361112143360.000000 0.601801 1.381304 1.443407
1403715361162142976.000000 0.601473 1.381550 1.443890
1403715361212143104.000000 0.600842 1.381216 1.444531
1403715361262143232.000000 0.598521 1.387124 1.448320
1403715361312143104.000000 0.600745 1.387769 1.449753
1403715361362142976.000000 0.597276 1.393289 1.454218
1403715361412143104.000000 0.594601 1.396851 1.454583
1403715361462142976.000000 0.595517 1.399508 1.460058
1403715361512143104.000000 0.593263 1.403738 1.461581
1403715361562142976.000000 0.591664 1.407098 1.462500
1403715361612143360.000000 0.591272 1.410229 1.463468
1403715361662142976.000000 0.592527 1.409044 1.462430
1403715361712143104.000000 0.591931 1.410898 1.462858
1403715361762143232.000000 0.591130 1.410001 1.459923
1403715361812143104.000000 0.587301 1.419491 1.456903
1403715361862142976.000000 0.587317 1.419209 1.457236
1403715361912143104.000000 0.587938 1.421531 1.460404
1403715361962142976.000000 0.588241 1.420900 1.456782
1403715362012143104.000000 0.582285 1.436826 1.453838
1403715362062142976.000000 0.570616 1.460425 1.448349
1403715362112143360.000000 0.572918 1.462599 1.447539
1403715362162142976.000000 0.575169 1.464895 1.447194
1403715362212143104.000000 0.577576 1.465908 1.445744
1403715362262143232.000000 0.579094 1.473242 1.444850
1403715362312143104.000000 0.577820 1.482343 1.442578
1403715362362142976.000000 0.579153 1.488467 1.439637
1403715362412143104.000000 0.579756 1.497080 1.437198
1403715362462142976.000000 0.580002 1.502305 1.431532
1403715362512143104.000000 0.581860 1.508215 1.428300
1403715362562142976.000000 0.582495 1.518237 1.423904
1403715362612143360.000000 0.578620 1.533655 1.421892
1403715362662142976.000000 0.580620 1.545449 1.419757
1403715362712143104.000000 0.582041 1.557974 1.420199
1403715362762143232.000000 0.582708 1.572019 1.417963
1403715362812143104.000000 0.583722 1.584436 1.417432
1403715362862142976.000000 0.583532 1.597091 1.412193
1403715362912143104.000000 0.586469 1.608652 1.417150
1403715362962142976.000000 0.587533 1.617517 1.415144
1403715363012143104.000000 0.587550 1.626590 1.414140
1403715363062142976.000000 0.590187 1.637793 1.415777
1403715363112143360.000000 0.591835 1.646634 1.414803
1403715363162142976.000000 0.593235 1.659394 1.414947
1403715363212143104.000000 0.596322 1.665415 1.419595
1403715363262143232.000000 0.596752 1.669116 1.419279
1403715363312143104.000000 0.597097 1.671610 1.418975
1403715363362142976.000000 0.600357 1.676515 1.421098
1403715363412143104.000000 0.601315 1.676935 1.422701
1403715363462142976.000000 0.602514 1.675119 1.424696
1403715363512143104.000000 0.604370 1.676266 1.429227
1403715363562142976.000000 0.604763 1.673875 1.429302
1403715363612143360.000000 0.606228 1.675643 1.432437
1403715363662142976.000000 0.607650 1.670069 1.433333
1403715363712143104.000000 0.608931 1.666420 1.434851
1403715363762143232.000000 0.609616 1.662644 1.434900
1403715363812143104.000000 0.611042 1.654100 1.439648
1403715363862142976.000000 0.614216 1.649597 1.443456
1403715363912143104.000000 0.613272 1.645439 1.444069
1403715363962142976.000000 0.614539 1.638120 1.448708
1403715364012143104.000000 0.615365 1.631586 1.448580
1403715364062142976.000000 0.612996 1.625270 1.449599
1403715364112143360.000000 0.613843 1.618401 1.454335
1403715364162142976.000000 0.612625 1.610799 1.455608
1403715364212143104.000000 0.612118 1.606230 1.458640
1403715364262143232.000000 0.612655 1.600105 1.463360
1403715364312143104.000000 0.610289 1.594475 1.463955
1403715364362142976.000000 0.610538 1.591435 1.470247
1403715364412143104.000000 0.606831 1.584899 1.472550
1403715364462142976.000000 0.603282 1.582868 1.471722
1403715364512143104.000000 0.601094 1.577037 1.476543
1403715364562142976.000000 0.598617 1.571333 1.479052
1403715364612143360.000000 0.594796 1.564451 1.484417
1403715364662142976.000000 0.593598 1.559936 1.488109
1403715364712143104.000000 0.586675 1.551451 1.489018
1403715364762143232.000000 0.584776 1.544600 1.494159
1403715364812143104.000000 0.581640 1.539437 1.498015
1403715364862142976.000000 0.575459 1.529998 1.499855
1403715364912143104.000000 0.571785 1.519951 1.506764
1403715364962142976.000000 0.569099 1.513725 1.509883
1403715365012143104.000000 0.561354 1.504842 1.512035
1403715365062142976.000000 0.558057 1.497803 1.517748
1403715365112143360.000000 0.556184 1.491839 1.518676
1403715365162142976.000000 0.551718 1.484664 1.526359
1403715365212143104.000000 0.547383 1.478361 1.531152
1403715365262143232.000000 0.546472 1.473439 1.533522
1403715365312143104.000000 0.541962 1.466012 1.537104
1403715365362142976.000000 0.538727 1.460454 1.537375
1403715365412143104.000000 0.535033 1.456197 1.539239
1403715365462142976.000000 0.530278 1.450420 1.543974
1403715365512143104.000000 0.530625 1.446012 1.546137
1403715365562142976.000000 0.526527 1.442657 1.547023
1403715365612143360.000000 0.522669 1.437709 1.550610
1403715365662142976.000000 0.520842 1.434338 1.554751
1403715365712143104.000000 0.514869 1.431020 1.558311
1403715365762143232.000000 0.513212 1.429092 1.557837
1403715365812143104.000000 0.509463 1.425375 1.562072
1403715365862142976.000000 0.504669 1.421351 1.564688
1403715365912143104.000000 0.498178 1.418834 1.564858
1403715365962142976.000000 0.492843 1.415393 1.563471
1403715366012143104.000000 0.489944 1.412110 1.568723
1403715366062142976.000000 0.484950 1.409925 1.571549
1403715366112143360.000000 0.478511 1.407193 1.571271
1403715366162142976.000000 0.473041 1.403429 1.572698
1403715366212143104.000000 0.464903 1.400574 1.574123
1403715366262143232.000000 0.455572 1.397368 1.574417
1403715366312143104.000000 0.448495 1.393989 1.575950
1403715366362142976.000000 0.438221 1.391341 1.577446
1403715366412143104.000000 0.430025 1.387816 1.576163
1403715366462142976.000000 0.416406 1.384579 1.578127
1403715366512143104.000000 0.407805 1.380779 1.574542
1403715366562142976.000000 0.392932 1.376209 1.576466
1403715366612143360.000000 0.382083 1.372737 1.576233
1403715366662142976.000000 0.370753 1.368676 1.578121
1403715366712143104.000000 0.357045 1.364267 1.576550
1403715366762143232.000000 0.346867 1.360341 1.575733
1403715366812143104.000000 0.333305 1.356702 1.575276
1403715366862142976.000000 0.324658 1.352854 1.578056
1403715366912143104.000000 0.314486 1.349146 1.576650
1403715366962142976.000000 0.300757 1.342806 1.580263
1403715367012143104.000000 0.292058 1.337837 1.580507
1403715367062142976.000000 0.281090 1.331304 1.582442
1403715367112143360.000000 0.271850 1.327099 1.583279
1403715367162142976.000000 0.263607 1.321580 1.583827
1403715367212143104.000000 0.253920 1.313704 1.587221
1403715367262143232.000000 0.243865 1.307982 1.589031
1403715367312143104.000000 0.238700 1.300663 1.588528
1403715367362142976.000000 0.231633 1.292318 1.591284
1403715367412143104.000000 0.227376 1.285111 1.591731
1403715367462142976.000000 0.214228 1.275109 1.593900
1403715367512143104.000000 0.210222 1.267964 1.597113
1403715367562142976.000000 0.200291 1.257737 1.597773
1403715367612143360.000000 0.192056 1.245583 1.601508
1403715367662142976.000000 0.189574 1.235783 1.598813
1403715367712143104.000000 0.178652 1.221749 1.604060
1403715367762143232.000000 0.171627 1.209268 1.604050
1403715367812143104.000000 0.166861 1.195875 1.608974
1403715367862142976.000000 0.158878 1.183049 1.610917
1403715367912143104.000000 0.152572 1.168984 1.612459
1403715367962142976.000000 0.144371 1.153347 1.610890
1403715368012143104.000000 0.138312 1.137713 1.616035
1403715368062142976.000000 0.133180 1.122150 1.613671
1403715368112143360.000000 0.125880 1.107710 1.617387
1403715368162142976.000000 0.121850 1.094453 1.620387
1403715368212143104.000000 0.113412 1.078908 1.618238
1403715368262143232.000000 0.107215 1.065152 1.620411
1403715368312143104.000000 0.100421 1.049509 1.619051
1403715368362142976.000000 0.097830 1.036031 1.619467
1403715368412143104.000000 0.088588 1.021076 1.618593
1403715368462142976.000000 0.080359 1.006495 1.621030
1403715368512143104.000000 0.075236 0.992957 1.619323
1403715368562142976.000000 0.062518 0.975503 1.618852
1403715368612143360.000000 0.054349 0.960557 1.618730
1403715368662142976.000000 0.045930 0.945841 1.617885
1403715368712143104.000000 0.032138 0.930487 1.613531
1403715368762143232.000000 0.028084 0.918229 1.613399
1403715368812143104.000000 0.018706 0.904242 1.610044
1403715368862142976.000000 0.006096 0.888705 1.615655
1403715368912143104.000000 -0.004343 0.875417 1.612684
1403715368962142976.000000 -0.018775 0.860534 1.613926
1403715369012143104.000000 -0.029538 0.847000 1.608504
1403715369062142976.000000 -0.038694 0.834677 1.607762
1403715369112143360.000000 -0.047708 0.821474 1.608609
1403715369162142976.000000 -0.059701 0.805104 1.608287
1403715369212143104.000000 -0.071201 0.793857 1.607614
1403715369262143232.000000 -0.080371 0.780188 1.609179
1403715369312143104.000000 -0.091773 0.766814 1.606638
1403715369362142976.000000 -0.099163 0.754450 1.611264
1403715369412143104.000000 -0.109980 0.741516 1.607983
1403715369462142976.000000 -0.120648 0.727980 1.611161
1403715369512143104.000000 -0.128815 0.714851 1.608372
1403715369562142976.000000 -0.135464 0.702199 1.607101
1403715369612143360.000000 -0.141713 0.693833 1.609230
1403715369662142976.000000 -0.150052 0.679110 1.609247
1403715369712143104.000000 -0.158793 0.665197 1.606730
1403715369762143232.000000 -0.165802 0.651710 1.604519
1403715369812143104.000000 -0.171990 0.640548 1.602830
1403715369862142976.000000 -0.181139 0.622134 1.608281
1403715369912143104.000000 -0.184820 0.609386 1.607077
1403715369962142976.000000 -0.191182 0.595964 1.607567
1403715370012143104.000000 -0.194475 0.583459 1.603125
1403715370062142976.000000 -0.199397 0.568407 1.603510
1403715370112143360.000000 -0.203962 0.552618 1.604671
1403715370162142976.000000 -0.204355 0.541985 1.601138
1403715370212143104.000000 -0.206203 0.527265 1.600349
1403715370262143232.000000 -0.205951 0.516369 1.601466
1403715370312143104.000000 -0.207063 0.503846 1.602375
1403715370362142976.000000 -0.205287 0.494207 1.599560
1403715370412143104.000000 -0.205693 0.480829 1.601075
1403715370462142976.000000 -0.206377 0.468447 1.598076
1403715370512143104.000000 -0.207332 0.454627 1.598634
1403715370562142976.000000 -0.206765 0.444568 1.599706
1403715370612143360.000000 -0.206160 0.433069 1.598318
1403715370662142976.000000 -0.207148 0.420907 1.597487
1403715370712143104.000000 -0.206269 0.409695 1.596719
1403715370762143232.000000 -0.205893 0.396309 1.595701
1403715370812143104.000000 -0.206414 0.384452 1.594836
1403715370862142976.000000 -0.208555 0.370340 1.595628
1403715370912143104.000000 -0.208408 0.360383 1.595402
1403715370962142976.000000 -0.209859 0.347346 1.595362
1403715371012143104.000000 -0.208667 0.336389 1.592397
1403715371062142976.000000 -0.209671 0.325099 1.593066
1403715371112143360.000000 -0.208172 0.311612 1.592161
1403715371162142976.000000 -0.207280 0.299866 1.590262
1403715371212143104.000000 -0.205856 0.287625 1.590158
1403715371262143232.000000 -0.202056 0.275376 1.589287
1403715371312143104.000000 -0.199413 0.262437 1.585550
1403715371362142976.000000 -0.195274 0.249855 1.583715
1403715371412143104.000000 -0.189704 0.237625 1.582935
1403715371462142976.000000 -0.186642 0.220395 1.583194
1403715371512143104.000000 -0.178198 0.209099 1.581979
1403715371562142976.000000 -0.171110 0.194007 1.583451
1403715371612143360.000000 -0.162255 0.180447 1.581367
1403715371662142976.000000 -0.155992 0.164541 1.581606
1403715371712143104.000000 -0.148969 0.148454 1.581635
1403715371762143232.000000 -0.141247 0.134248 1.578349
1403715371812143104.000000 -0.134709 0.117930 1.577187
1403715371862142976.000000 -0.128409 0.101834 1.575987
1403715371912143104.000000 -0.122086 0.084590 1.574691
1403715371962142976.000000 -0.115967 0.067971 1.572290
1403715372012143104.000000 -0.109087 0.053530 1.570126
1403715372062142976.000000 -0.104989 0.032340 1.568636
1403715372112143360.000000 -0.098504 0.014842 1.568144
1403715372162142976.000000 -0.092095 -0.000113 1.565555
1403715372212143104.000000 -0.085186 -0.017270 1.565276
1403715372262143232.000000 -0.078043 -0.033899 1.564676
1403715372312143104.000000 -0.071942 -0.051037 1.564112
1403715372362142976.000000 -0.064896 -0.066292 1.565216
1403715372412143104.000000 -0.058077 -0.083193 1.568445
1403715372462142976.000000 -0.052817 -0.100759 1.570142
1403715372512143104.000000 -0.045600 -0.117929 1.572018
1403715372562142976.000000 -0.039514 -0.133555 1.574615
1403715372612143360.000000 -0.033045 -0.151125 1.578429
1403715372662142976.000000 -0.027234 -0.167332 1.580715
1403715372712143104.000000 -0.020688 -0.182101 1.583847
1403715372762143232.000000 -0.014316 -0.197828 1.585468
1403715372812143104.000000 -0.007779 -0.213991 1.587592
1403715372862142976.000000 -0.000301 -0.230444 1.592091
1403715372912143104.000000 0.004601 -0.246453 1.592723
1403715372962142976.000000 0.012136 -0.263452 1.595302
1403715373012143104.000000 0.019106 -0.277051 1.597139
1403715373062142976.000000 0.024225 -0.294150 1.597834
1403715373112143360.000000 0.030908 -0.308187 1.600095
1403715373162142976.000000 0.037090 -0.325461 1.601547
1403715373212143104.000000 0.042593 -0.338410 1.600707
1403715373262143232.000000 0.048273 -0.357186 1.603648
1403715373312143104.000000 0.053384 -0.370176 1.604350
1403715373362142976.000000 0.059129 -0.386865 1.605527
1403715373412143104.000000 0.065315 -0.402544 1.607368
1403715373462142976.000000 0.069267 -0.418967 1.606152
1403715373512143104.000000 0.076319 -0.433067 1.608829
1403715373562142976.000000 0.080803 -0.448357 1.609219
1403715373612143360.000000 0.086198 -0.462381 1.608021
1403715373662142976.000000 0.091283 -0.476552 1.608685
1403715373712143104.000000 0.096464 -0.488618 1.608757
1403715373762143232.000000 0.101558 -0.503134 1.609458
1403715373812143104.000000 0.107990 -0.513093 1.609667
1403715373862142976.000000 0.113302 -0.521549 1.609777
1403715373912143104.000000 0.118755 -0.535030 1.610788
1403715373962142976.000000 0.124924 -0.545372 1.613434
1403715374012143104.000000 0.129746 -0.554225 1.612259
1403715374062142976.000000 0.135802 -0.561125 1.612058
1403715374112143360.000000 0.140277 -0.570776 1.613813
1403715374162142976.000000 0.145385 -0.577612 1.613368
1403715374212143104.000000 0.152136 -0.583909 1.614845
1403715374262143232.000000 0.156458 -0.592042 1.615590
1403715374312143104.000000 0.160116 -0.598103 1.615345
1403715374362142976.000000 0.166592 -0.606299 1.614056
1403715374412143104.000000 0.170099 -0.612087 1.612631
1403715374462142976.000000 0.177383 -0.618733 1.617054
1403715374512143104.000000 0.183125 -0.623722 1.617073
1403715374562142976.000000 0.187739 -0.629257 1.614832
1403715374612143360.000000 0.194312 -0.636297 1.616750
1403715374662142976.000000 0.200498 -0.641296 1.616400
1403715374712143104.000000 0.206784 -0.646583 1.616494
1403715374762143232.000000 0.214777 -0.650798 1.618281
1403715374812143104.000000 0.223737 -0.655479 1.616525
1403715374862142976.000000 0.232642 -0.658582 1.617970
1403715374912143104.000000 0.241995 -0.663144 1.619137
1403715374962142976.000000 0.252847 -0.667717 1.621082
1403715375012143104.000000 0.263221 -0.671631 1.619476
1403715375062142976.000000 0.273597 -0.672737 1.618143
1403715375112143360.000000 0.285647 -0.675621 1.618855
1403715375162142976.000000 0.296019 -0.677004 1.617946
1403715375212143104.000000 0.307827 -0.678980 1.619542
1403715375262143232.000000 0.320088 -0.679143 1.619131
1403715375312143104.000000 0.331259 -0.677864 1.618595
1403715375362142976.000000 0.343115 -0.678892 1.618768
1403715375412143104.000000 0.354042 -0.677430 1.617189
1403715375462142976.000000 0.365097 -0.675086 1.616584
1403715375512143104.000000 0.377024 -0.672824 1.615797
1403715375562142976.000000 0.389869 -0.671617 1.615003
1403715375612143360.000000 0.401830 -0.671504 1.613878
1403715375662142976.000000 0.413565 -0.666788 1.612073
1403715375712143104.000000 0.425646 -0.663843 1.610990
1403715375762143232.000000 0.437300 -0.663285 1.609725
1403715375812143104.000000 0.449727 -0.657974 1.608750
1403715375862142976.000000 0.461426 -0.657283 1.606380
1403715375912143104.000000 0.474364 -0.651551 1.605306
1403715375962142976.000000 0.484946 -0.652811 1.602884
1403715376012143104.000000 0.497362 -0.647061 1.601734
1403715376062142976.000000 0.509200 -0.644755 1.596840
1403715376112143360.000000 0.519483 -0.641967 1.597470
1403715376162142976.000000 0.532044 -0.634468 1.596575
1403715376212143104.000000 0.543073 -0.628696 1.595932
1403715376262143232.000000 0.556662 -0.620412 1.593040
1403715376312143104.000000 0.566933 -0.615195 1.590917
1403715376362142976.000000 0.576622 -0.614279 1.588943
1403715376412143104.000000 0.585130 -0.612620 1.583029
1403715376462142976.000000 0.593862 -0.608134 1.583564
1403715376512143104.000000 0.603039 -0.601934 1.581376
1403715376562142976.000000 0.609930 -0.599906 1.578484
1403715376612143360.000000 0.616430 -0.594792 1.574764
1403715376662142976.000000 0.620997 -0.590622 1.570937
1403715376712143104.000000 0.627489 -0.587572 1.566701
1403715376762143232.000000 0.635850 -0.576661 1.565978
1403715376812143104.000000 0.639644 -0.575510 1.562317
1403715376862142976.000000 0.647864 -0.560914 1.559868
1403715376912143104.000000 0.650486 -0.558252 1.555926
1403715376962142976.000000 0.655165 -0.550733 1.553706
1403715377012143104.000000 0.657399 -0.541274 1.552762
1403715377062142976.000000 0.662119 -0.535364 1.553826
1403715377112143360.000000 0.668430 -0.522076 1.553946
1403715377162142976.000000 0.667857 -0.513527 1.546880
1403715377212143104.000000 0.668524 -0.506053 1.545395
1403715377262143232.000000 0.668686 -0.499518 1.544254
1403715377312143104.000000 0.672074 -0.484225 1.543417
1403715377362142976.000000 0.672012 -0.474938 1.542465
1403715377412143104.000000 0.671289 -0.460917 1.539283
1403715377462142976.000000 0.667254 -0.450730 1.534783
1403715377512143104.000000 0.665152 -0.441723 1.530681
1403715377562142976.000000 0.661428 -0.429234 1.525598
1403715377612143360.000000 0.660657 -0.417303 1.529215
1403715377662142976.000000 0.658144 -0.407167 1.523785
1403715377712143104.000000 0.655497 -0.396893 1.521098
1403715377762143232.000000 0.652927 -0.384000 1.521135
1403715377812143104.000000 0.649213 -0.372363 1.519271
1403715377862142976.000000 0.646248 -0.357580 1.518236
1403715377912143104.000000 0.640795 -0.343589 1.517373
1403715377962142976.000000 0.636884 -0.329871 1.514754
1403715378012143104.000000 0.631816 -0.317690 1.514389
1403715378062142976.000000 0.627365 -0.304518 1.512330
1403715378112143360.000000 0.622629 -0.290759 1.510154
1403715378162142976.000000 0.617416 -0.277696 1.509097
1403715378212143104.000000 0.610560 -0.263490 1.504279
1403715378262143232.000000 0.602706 -0.249083 1.498408
1403715378312143104.000000 0.597487 -0.236315 1.498680
1403715378362142976.000000 0.591300 -0.220635 1.497067
1403715378412143104.000000 0.585191 -0.210818 1.491369
1403715378462142976.000000 0.577597 -0.200843 1.488932
1403715378512143104.000000 0.570908 -0.191840 1.487593
1403715378562142976.000000 0.564019 -0.180111 1.483015
1403715378612143360.000000 0.558616 -0.172035 1.481814
1403715378662142976.000000 0.553253 -0.161117 1.482256
1403715378712143104.000000 0.548199 -0.152714 1.482947
1403715378762143232.000000 0.542954 -0.144140 1.480489
1403715378812143104.000000 0.537540 -0.135358 1.479170
1403715378862142976.000000 0.533619 -0.125737 1.479167
1403715378912143104.000000 0.529643 -0.117176 1.478058
1403715378962142976.000000 0.529100 -0.110125 1.485393
1403715379012143104.000000 0.526275 -0.101634 1.485039
1403715379062142976.000000 0.525073 -0.093816 1.486580
1403715379112143360.000000 0.521720 -0.085210 1.484786
1403715379162142976.000000 0.521489 -0.076639 1.488634
1403715379212143104.000000 0.520304 -0.068240 1.488078
1403715379262143232.000000 0.520640 -0.061340 1.490772
1403715379312143104.000000 0.520392 -0.050815 1.492177
1403715379362142976.000000 0.521219 -0.043544 1.496586
1403715379412143104.000000 0.521678 -0.035870 1.495073
1403715379462142976.000000 0.523180 -0.026163 1.498892
1403715379512143104.000000 0.524894 -0.016027 1.500557
1403715379562142976.000000 0.525566 -0.006393 1.500202
1403715379612143360.000000 0.527497 0.003628 1.503821
1403715379662142976.000000 0.530231 0.015032 1.505090
1403715379712143104.000000 0.531741 0.026527 1.506300
1403715379762143232.000000 0.534222 0.038717 1.506615
1403715379812143104.000000 0.537975 0.049565 1.511016
1403715379862142976.000000 0.540690 0.063962 1.509287
1403715379912143104.000000 0.543439 0.078235 1.512159
1403715379962142976.000000 0.547342 0.090724 1.513033
1403715380012143104.000000 0.552729 0.105456 1.516609
1403715380062142976.000000 0.555567 0.121944 1.519380
1403715380112143360.000000 0.558772 0.134131 1.518975
1403715380162142976.000000 0.565162 0.151586 1.522765
1403715380212143104.000000 0.565386 0.164975 1.522281
1403715380262143232.000000 0.569489 0.183831 1.523477
1403715380312143104.000000 0.574884 0.198952 1.530683
1403715380362142976.000000 0.577551 0.216188 1.530428
1403715380412143104.000000 0.580083 0.231908 1.532499
1403715380462142976.000000 0.582159 0.249388 1.529774
1403715380512143104.000000 0.586715 0.264078 1.533303
1403715380562142976.000000 0.586494 0.281428 1.531929
1403715380612143360.000000 0.589389 0.297727 1.532811
1403715380662142976.000000 0.591354 0.315205 1.536294
1403715380712143104.000000 0.593090 0.332461 1.535395
1403715380762143232.000000 0.595598 0.349148 1.539800
1403715380812143104.000000 0.596915 0.365006 1.541297
1403715380862142976.000000 0.599231 0.382315 1.543341
1403715380912143104.000000 0.601058 0.400952 1.545502
1403715380962142976.000000 0.602770 0.417996 1.547600
1403715381012143104.000000 0.601772 0.434177 1.545946
1403715381062142976.000000 0.602105 0.454022 1.546751
1403715381112143360.000000 0.603632 0.470133 1.548756
1403715381162142976.000000 0.605074 0.487213 1.551799
1403715381212143104.000000 0.604392 0.503572 1.551997
1403715381262143232.000000 0.604876 0.522943 1.553169
1403715381312143104.000000 0.603524 0.540309 1.550456
1403715381362142976.000000 0.604216 0.554011 1.552813
1403715381412143104.000000 0.603209 0.567595 1.550986
1403715381462142976.000000 0.603452 0.586012 1.555269
1403715381512143104.000000 0.600912 0.602289 1.553192
1403715381562142976.000000 0.601854 0.617443 1.555995
1403715381612143360.000000 0.598982 0.629551 1.553451
1403715381662142976.000000 0.597946 0.646488 1.555397
1403715381712143104.000000 0.595563 0.662143 1.552863
1403715381762143232.000000 0.592245 0.676627 1.551838
1403715381812143104.000000 0.590519 0.691492 1.551083
1403715381862142976.000000 0.586415 0.704936 1.547913
1403715381912143104.000000 0.583459 0.723685 1.545170
1403715381962142976.000000 0.581733 0.734916 1.542912
1403715382012143104.000000 0.578811 0.753273 1.543026
1403715382062142976.000000 0.577758 0.771969 1.541980
1403715382112143360.000000 0.578249 0.785724 1.543776
1403715382162142976.000000 0.578105 0.800495 1.543789
1403715382212143104.000000 0.579221 0.819157 1.542524
1403715382262143232.000000 0.582024 0.833657 1.546331
1403715382312143104.000000 0.583329 0.849781 1.547930
1403715382362142976.000000 0.583559 0.868558 1.541753
1403715382412143104.000000 0.587012 0.882603 1.545601
1403715382462142976.000000 0.589523 0.899597 1.542500
1403715382512143104.000000 0.593998 0.912488 1.545647
1403715382562142976.000000 0.596283 0.926045 1.543774
1403715382612143360.000000 0.601371 0.944817 1.543456
1403715382662142976.000000 0.604034 0.960419 1.540394
1403715382712143104.000000 0.608178 0.978630 1.538436
1403715382762143232.000000 0.612578 0.990160 1.538550
1403715382812143104.000000 0.619069 1.004091 1.542286
1403715382862142976.000000 0.623238 1.016645 1.540504
1403715382912143104.000000 0.630783 1.034717 1.537764
1403715382962142976.000000 0.635900 1.047962 1.537397
1403715383012143104.000000 0.642643 1.061028 1.534893
1403715383062142976.000000 0.648544 1.076554 1.530652
1403715383112143360.000000 0.657036 1.089754 1.531430
1403715383162142976.000000 0.665952 1.104239 1.530838
1403715383212143104.000000 0.674999 1.116462 1.530791
1403715383262143232.000000 0.682152 1.129387 1.526856
1403715383312143104.000000 0.692312 1.140561 1.526593
1403715383362142976.000000 0.699250 1.151293 1.523934
1403715383412143104.000000 0.710368 1.162003 1.525503
1403715383462142976.000000 0.720724 1.173235 1.523411
1403715383512143104.000000 0.731492 1.183694 1.520931
1403715383562142976.000000 0.740377 1.191193 1.521105
1403715383612143360.000000 0.752657 1.199751 1.520572
1403715383662142976.000000 0.766449 1.210077 1.519844
1403715383712143104.000000 0.775125 1.215727 1.517639
1403715383762143232.000000 0.787928 1.221812 1.518841
1403715383812143104.000000 0.798279 1.227608 1.517711
1403715383862142976.000000 0.806622 1.232207 1.512423
1403715383912143104.000000 0.816856 1.237135 1.511276
1403715383962142976.000000 0.826715 1.242634 1.508019
1403715384012143104.000000 0.835914 1.247477 1.505046
1403715384062142976.000000 0.845331 1.252039 1.504687
1403715384112143360.000000 0.855274 1.256704 1.504608
1403715384162142976.000000 0.864533 1.260569 1.502019
1403715384212143104.000000 0.872951 1.263625 1.501119
1403715384262143232.000000 0.881800 1.268189 1.498540
1403715384312143104.000000 0.891971 1.271324 1.500141
1403715384362142976.000000 0.898560 1.272994 1.498460
1403715384412143104.000000 0.907792 1.275917 1.499779
1403715384462142976.000000 0.914826 1.278049 1.498740
1403715384512143104.000000 0.920647 1.279644 1.497645
1403715384562142976.000000 0.927388 1.281501 1.498476
1403715384612143360.000000 0.933455 1.283129 1.497600
1403715384662142976.000000 0.941604 1.283686 1.496489
1403715384712143104.000000 0.946215 1.283726 1.495980
1403715384762143232.000000 0.950797 1.283028 1.495813
1403715384812143104.000000 0.956321 1.281994 1.496284
1403715384862142976.000000 0.961319 1.280719 1.496839
1403715384912143104.000000 0.965001 1.278356 1.496601
1403715384962142976.000000 0.971056 1.275166 1.499347
1403715385012143104.000000 0.974392 1.271224 1.498681
1403715385062142976.000000 0.976944 1.268947 1.498625
1403715385112143360.000000 0.980782 1.264380 1.499910
1403715385162142976.000000 0.984209 1.260200 1.501206
1403715385212143104.000000 0.986192 1.254574 1.500722
1403715385262143232.000000 0.990001 1.249799 1.502748
1403715385312143104.000000 0.992505 1.244867 1.504341
1403715385362142976.000000 0.995683 1.239093 1.505196
1403715385412143104.000000 0.999910 1.232441 1.507185
1403715385462142976.000000 1.001881 1.227966 1.507880
1403715385512143104.000000 1.004976 1.220519 1.510792
1403715385562142976.000000 1.009882 1.214484 1.512814
1403715385612143360.000000 1.013270 1.207827 1.515997
1403715385662142976.000000 1.015159 1.200692 1.518114
1403715385712143104.000000 1.019855 1.193967 1.520324
1403715385762143232.000000 1.019962 1.186459 1.521972
1403715385812143104.000000 1.021881 1.179491 1.524813
1403715385862142976.000000 1.024906 1.171080 1.528051
1403715385912143104.000000 1.023585 1.162856 1.531597
1403715385962142976.000000 1.022847 1.154820 1.534028
1403715386012143104.000000 1.023240 1.146418 1.536265
1403715386062142976.000000 1.019589 1.138509 1.539248
1403715386112143360.000000 1.016887 1.130718 1.540414
1403715386162142976.000000 1.013982 1.123787 1.543076
1403715386212143104.000000 1.010999 1.116883 1.544981
1403715386262143232.000000 1.008356 1.109898 1.547164
1403715386312143104.000000 1.003563 1.103398 1.549098
1403715386362142976.000000 1.001603 1.099264 1.549597
1403715386412143104.000000 0.996371 1.092750 1.552371
1403715386462142976.000000 0.992573 1.086664 1.551072
1403715386512143104.000000 0.988626 1.081450 1.553206
1403715386562142976.000000 0.983165 1.078670 1.552810
1403715386612143360.000000 0.980247 1.072897 1.552302
1403715386662142976.000000 0.975966 1.069410 1.553880
1403715386712143104.000000 0.970397 1.066305 1.553714
1403715386762143232.000000 0.963806 1.064005 1.554112
1403715386812143104.000000 0.956673 1.061256 1.553418
1403715386862142976.000000 0.949963 1.059052 1.553047
1403715386912143104.000000 0.939753 1.057244 1.549694
1403715386962142976.000000 0.932585 1.055280 1.549612
1403715387012143104.000000 0.922972 1.053376 1.547073
1403715387062142976.000000 0.912221 1.050633 1.546252
1403715387112143360.000000 0.898959 1.048818 1.543591
1403715387162142976.000000 0.886355 1.045597 1.542324
1403715387212143104.000000 0.871830 1.041806 1.538245
1403715387262143232.000000 0.859242 1.037741 1.536222
1403715387312143104.000000 0.842700 1.034963 1.534367
1403715387362142976.000000 0.828729 1.029525 1.529719
1403715387412143104.000000 0.812807 1.026558 1.527225
1403715387462142976.000000 0.797988 1.023461 1.525831
1403715387512143104.000000 0.781793 1.019684 1.523431
1403715387562142976.000000 0.766554 1.014937 1.521448
1403715387612143360.000000 0.752094 1.011422 1.520711
1403715387662142976.000000 0.734673 1.007334 1.521173
1403715387712143104.000000 0.716878 1.003270 1.525200
1403715387762143232.000000 0.703791 0.997303 1.526462
1403715387812143104.000000 0.688061 0.991605 1.531553
1403715387862142976.000000 0.672200 0.985201 1.536308
1403715387912143104.000000 0.656495 0.977538 1.541999
1403715387962142976.000000 0.640422 0.972080 1.546744
1403715388012143104.000000 0.624395 0.964077 1.548942
1403715388062142976.000000 0.609278 0.955024 1.549775
1403715388112143360.000000 0.592611 0.947014 1.547949
1403715388162142976.000000 0.577101 0.938415 1.546475
1403715388212143104.000000 0.562747 0.928539 1.542580
1403715388262143232.000000 0.547722 0.918219 1.535668
1403715388312143104.000000 0.531517 0.909683 1.531637
1403715388362142976.000000 0.516728 0.898704 1.524888
1403715388412143104.000000 0.502028 0.889064 1.519782
1403715388462142976.000000 0.485260 0.877601 1.511965
1403715388512143104.000000 0.471062 0.866572 1.507102
1403715388562142976.000000 0.454445 0.856230 1.500808
1403715388612143360.000000 0.439285 0.846323 1.495775
1403715388662142976.000000 0.424107 0.834585 1.488826
1403715388712143104.000000 0.408786 0.823649 1.484540
1403715388762143232.000000 0.394635 0.813533 1.477808
1403715388812143104.000000 0.379827 0.801617 1.472983
1403715388862142976.000000 0.363852 0.791232 1.467480
1403715388912143104.000000 0.350508 0.780372 1.464512
1403715388962142976.000000 0.335358 0.769669 1.462264
1403715389012143104.000000 0.318054 0.757823 1.460645
1403715389062142976.000000 0.304783 0.747799 1.461804
1403715389112143360.000000 0.290678 0.737841 1.464336
1403715389162142976.000000 0.275922 0.726686 1.464273
1403715389212143104.000000 0.260729 0.716407 1.469323
1403715389262143232.000000 0.245749 0.706357 1.471419
1403715389312143104.000000 0.231487 0.695118 1.474846
1403715389362142976.000000 0.220874 0.686404 1.476778
1403715389412143104.000000 0.207767 0.675707 1.479620
1403715389462142976.000000 0.195220 0.665436 1.481008
1403715389512143104.000000 0.182149 0.655387 1.481589
1403715389562142976.000000 0.169019 0.645837 1.485143
1403715389612143360.000000 0.158168 0.637102 1.485360
1403715389662142976.000000 0.148003 0.628388 1.487333
1403715389712143104.000000 0.137042 0.618373 1.489494
1403715389762143232.000000 0.122952 0.608878 1.489649
1403715389812143104.000000 0.112933 0.599982 1.491655
1403715389862142976.000000 0.101972 0.590939 1.492295
1403715389912143104.000000 0.091091 0.581372 1.492414
1403715389962142976.000000 0.078480 0.573348 1.492809
1403715390012143104.000000 0.071453 0.565414 1.490558
1403715390062142976.000000 0.060169 0.554725 1.488700
1403715390112143360.000000 0.049872 0.546559 1.488616
1403715390162142976.000000 0.039252 0.536327 1.486133
1403715390212143104.000000 0.033146 0.526925 1.485378
1403715390262143232.000000 0.023732 0.516411 1.484164
1403715390312143104.000000 0.015447 0.505863 1.482516
1403715390362142976.000000 0.005159 0.494013 1.481164
1403715390412143104.000000 -0.000415 0.483827 1.479540
1403715390462142976.000000 -0.006252 0.470948 1.477246
1403715390512143104.000000 -0.010897 0.460412 1.475012
1403715390562142976.000000 -0.017931 0.447284 1.474290
1403715390612143360.000000 -0.018314 0.435632 1.470632
1403715390662142976.000000 -0.022229 0.423797 1.468493
1403715390712143104.000000 -0.024667 0.413143 1.468198
1403715390762143232.000000 -0.026887 0.400967 1.465610
1403715390812143104.000000 -0.028071 0.389661 1.463218
1403715390862142976.000000 -0.025773 0.380141 1.461630
1403715390912143104.000000 -0.027817 0.367384 1.459061
1403715390962142976.000000 -0.026612 0.355780 1.458402
1403715391012143104.000000 -0.025838 0.343163 1.455045
1403715391062142976.000000 -0.024536 0.330749 1.454397
1403715391112143360.000000 -0.019795 0.319405 1.452596
1403715391162142976.000000 -0.018358 0.304876 1.453199
1403715391212143104.000000 -0.015396 0.292645 1.452456
1403715391262143232.000000 -0.011721 0.279849 1.450597
1403715391312143104.000000 -0.005765 0.266035 1.449122
1403715391362142976.000000 -0.002874 0.250889 1.447894
1403715391412143104.000000 0.002471 0.236321 1.446071
1403715391462142976.000000 0.005806 0.220049 1.443544
1403715391512143104.000000 0.008687 0.203007 1.443682
1403715391562142976.000000 0.013829 0.186234 1.443681
1403715391612143360.000000 0.019896 0.170268 1.441676
1403715391662142976.000000 0.024809 0.151234 1.440700
1403715391712143104.000000 0.030538 0.133656 1.441884
1403715391762143232.000000 0.035661 0.115093 1.443028
1403715391812143104.000000 0.040841 0.096369 1.445289
1403715391862142976.000000 0.046745 0.076975 1.451056
1403715391912143104.000000 0.050813 0.056799 1.456128
1403715391962142976.000000 0.056849 0.038364 1.462081
1403715392012143104.000000 0.063666 0.018214 1.469016
1403715392062142976.000000 0.068646 -0.003651 1.474612
1403715392112143360.000000 0.073213 -0.025361 1.481690
1403715392162142976.000000 0.081009 -0.044791 1.486952
1403715392212143104.000000 0.087993 -0.065736 1.494124
1403715392262143232.000000 0.095937 -0.084501 1.498921
1403715392312143104.000000 0.103627 -0.106437 1.505455
1403715392362142976.000000 0.112768 -0.128679 1.512181
1403715392412143104.000000 0.120491 -0.149198 1.515590
1403715392462142976.000000 0.130209 -0.168849 1.522717
1403715392512143104.000000 0.138890 -0.192025 1.530339
1403715392562142976.000000 0.147277 -0.211692 1.533381
1403715392612143360.000000 0.156137 -0.228891 1.535155
1403715392662142976.000000 0.163802 -0.248308 1.539009
1403715392712143104.000000 0.170705 -0.267851 1.543166
1403715392762143232.000000 0.177816 -0.284002 1.544992
1403715392812143104.000000 0.183332 -0.303145 1.548231
1403715392862142976.000000 0.189682 -0.321639 1.551193
1403715392912143104.000000 0.193692 -0.339985 1.552413
1403715392962142976.000000 0.200915 -0.353435 1.552719
1403715393012143104.000000 0.206595 -0.368024 1.554489
1403715393062142976.000000 0.211510 -0.384955 1.557277
1403715393112143360.000000 0.217062 -0.399499 1.557061
1403715393162142976.000000 0.221986 -0.414067 1.557743
1403715393212143104.000000 0.229750 -0.428504 1.562865
1403715393262143232.000000 0.235205 -0.442886 1.564236
1403715393312143104.000000 0.241463 -0.455920 1.565172
1403715393362142976.000000 0.247522 -0.469720 1.566520
1403715393412143104.000000 0.253814 -0.479559 1.566079
1403715393462142976.000000 0.258421 -0.489486 1.564428
1403715393512143104.000000 0.264310 -0.499192 1.565161
1403715393562142976.000000 0.267901 -0.507256 1.563004
1403715393612143360.000000 0.273996 -0.515618 1.565458
1403715393662142976.000000 0.278085 -0.522427 1.566505
1403715393712143104.000000 0.279433 -0.526796 1.563506
1403715393762143232.000000 0.283648 -0.532535 1.563538
1403715393812143104.000000 0.284500 -0.537049 1.561248
1403715393862142976.000000 0.288890 -0.542964 1.564829
1403715393912143104.000000 0.290357 -0.545877 1.563922
1403715393962142976.000000 0.292476 -0.548697 1.561090
1403715394012143104.000000 0.296334 -0.552278 1.563428
1403715394062142976.000000 0.297159 -0.554015 1.561907
1403715394112143360.000000 0.299240 -0.556625 1.560361
1403715394162142976.000000 0.300911 -0.559672 1.559594
1403715394212143104.000000 0.301427 -0.561091 1.557715
1403715394262143232.000000 0.304371 -0.563480 1.558944
1403715394312143104.000000 0.304730 -0.563147 1.557646
1403715394362142976.000000 0.305262 -0.564528 1.556306
1403715394412143104.000000 0.306086 -0.564751 1.555133
1403715394462142976.000000 0.306802 -0.566448 1.555256
1403715394512143104.000000 0.307408 -0.565583 1.554634
1403715394562142976.000000 0.305802 -0.566379 1.554106
1403715394612143360.000000 0.306275 -0.568036 1.553436
1403715394662142976.000000 0.305097 -0.567648 1.554182
1403715394712143104.000000 0.302972 -0.565956 1.553442
1403715394762143232.000000 0.300929 -0.567828 1.554113
1403715394812143104.000000 0.297815 -0.568430 1.553575
1403715394862142976.000000 0.295350 -0.569687 1.553577
1403715394912143104.000000 0.289779 -0.568615 1.552731
1403715394962142976.000000 0.288148 -0.568795 1.550765
1403715395012143104.000000 0.284352 -0.569377 1.550345
1403715395062142976.000000 0.278034 -0.567440 1.551068
1403715395112143360.000000 0.273225 -0.567040 1.551064
1403715395162142976.000000 0.267181 -0.566084 1.547803
1403715395212143104.000000 0.261742 -0.566432 1.548418
1403715395262143232.000000 0.257060 -0.563507 1.549540
1403715395312143104.000000 0.252873 -0.565037 1.546866
1403715395362142976.000000 0.248973 -0.564056 1.545839
1403715395412143104.000000 0.243073 -0.562491 1.544480
1403715395462142976.000000 0.238187 -0.559770 1.541613
1403715395512143104.000000 0.233035 -0.557752 1.539384
1403715395562142976.000000 0.226961 -0.555714 1.538998
1403715395612143360.000000 0.221589 -0.552099 1.534136
1403715395662142976.000000 0.215299 -0.550198 1.531375
1403715395712143104.000000 0.210270 -0.544842 1.526268
1403715395762143232.000000 0.204362 -0.542583 1.522071
1403715395812143104.000000 0.198046 -0.539334 1.522573
1403715395862142976.000000 0.192941 -0.534069 1.518344
1403715395912143104.000000 0.188341 -0.529095 1.515110
1403715395962142976.000000 0.181627 -0.525073 1.510874
1403715396012143104.000000 0.175651 -0.519465 1.507268
1403715396062142976.000000 0.170379 -0.514544 1.505592
1403715396112143360.000000 0.163395 -0.508844 1.501656
1403715396162142976.000000 0.158965 -0.502927 1.499688
1403715396212143104.000000 0.155656 -0.497446 1.496444
1403715396262143232.000000 0.151258 -0.491270 1.494404
1403715396312143104.000000 0.149842 -0.485599 1.490966
1403715396362142976.000000 0.148153 -0.479106 1.489272
1403715396412143104.000000 0.145374 -0.472519 1.485430
1403715396462142976.000000 0.143549 -0.465588 1.482743
1403715396512143104.000000 0.142312 -0.458769 1.479377
1403715396562142976.000000 0.137938 -0.453281 1.478786
1403715396612143360.000000 0.134417 -0.447501 1.476978
1403715396662142976.000000 0.132443 -0.441065 1.474868
1403715396712143104.000000 0.129365 -0.434983 1.472450
1403715396762143232.000000 0.126173 -0.430572 1.468915
1403715396812143104.000000 0.125020 -0.424198 1.464227
1403715396862142976.000000 0.119803 -0.420453 1.461536
1403715396912143104.000000 0.115867 -0.415397 1.458396
1403715396962142976.000000 0.113018 -0.409207 1.454340
1403715397012143104.000000 0.108491 -0.403947 1.449388
1403715397062142976.000000 0.105343 -0.398571 1.444763
1403715397112143360.000000 0.102556 -0.392434 1.440165
1403715397162142976.000000 0.097706 -0.386204 1.436266
1403715397212143104.000000 0.094409 -0.378273 1.431279
1403715397262143232.000000 0.091012 -0.369887 1.428247
1403715397312143104.000000 0.086878 -0.361914 1.424720
1403715397362142976.000000 0.084232 -0.351576 1.420449
1403715397412143104.000000 0.079701 -0.342179 1.415015
1403715397462142976.000000 0.078376 -0.331170 1.411654
1403715397512143104.000000 0.075799 -0.320198 1.407720
1403715397562142976.000000 0.074890 -0.307900 1.404449
1403715397612143360.000000 0.074912 -0.294819 1.401915
1403715397662142976.000000 0.074958 -0.280877 1.399691
1403715397712143104.000000 0.076109 -0.266562 1.397854
1403715397762143232.000000 0.077485 -0.251252 1.395865
1403715397812143104.000000 0.079045 -0.236463 1.394846
1403715397862142976.000000 0.081372 -0.221364 1.394203
1403715397912143104.000000 0.084761 -0.205526 1.393025
1403715397962142976.000000 0.088440 -0.189984 1.392963
1403715398012143104.000000 0.091956 -0.174004 1.392475
1403715398062142976.000000 0.096728 -0.159163 1.391771
1403715398112143360.000000 0.100416 -0.144596 1.391396
1403715398162142976.000000 0.104155 -0.130160 1.388861
1403715398212143104.000000 0.108985 -0.116678 1.387345
1403715398262143232.000000 0.113746 -0.104150 1.385160
1403715398312143104.000000 0.118525 -0.091045 1.381630
1403715398362142976.000000 0.123600 -0.079451 1.379389
1403715398412143104.000000 0.126802 -0.069132 1.377179
1403715398462142976.000000 0.130739 -0.060048 1.374798
1403715398512143104.000000 0.134560 -0.051020 1.372005
1403715398562142976.000000 0.138875 -0.041082 1.369204
1403715398612143360.000000 0.142888 -0.032588 1.366702
1403715398662142976.000000 0.146722 -0.024345 1.365054
1403715398712143104.000000 0.150528 -0.016884 1.363140
1403715398762143232.000000 0.154270 -0.010287 1.361414
1403715398812143104.000000 0.157412 -0.004302 1.360041
1403715398862142976.000000 0.159181 -0.000035 1.358952
1403715398912143104.000000 0.160914 0.004033 1.357269
1403715398962142976.000000 0.162098 0.007323 1.355641
1403715399012143104.000000 0.161869 0.009899 1.354779
1403715399062142976.000000 0.160846 0.010334 1.353586
1403715399112143360.000000 0.160134 0.010193 1.353079
1403715399162142976.000000 0.158079 0.009250 1.352558
1403715399212143104.000000 0.155397 0.007262 1.352409
1403715399262143232.000000 0.153017 0.005361 1.352106
1403715399312143104.000000 0.148991 0.001702 1.351396
1403715399362142976.000000 0.145445 -0.002817 1.350744
1403715399412143104.000000 0.141496 -0.007707 1.349463
1403715399462142976.000000 0.136718 -0.012780 1.348860
1403715399512143104.000000 0.132134 -0.018412 1.347684
1403715399562142976.000000 0.126916 -0.025051 1.347478
1403715399612143360.000000 0.120121 -0.032073 1.346767
1403715399662142976.000000 0.113644 -0.039096 1.346699
1403715399712143104.000000 0.107170 -0.046070 1.346549
1403715399762143232.000000 0.099250 -0.052471 1.346305
1403715399812143104.000000 0.091730 -0.058674 1.346663
1403715399862142976.000000 0.083442 -0.065121 1.347419
1403715399912143104.000000 0.075509 -0.070431 1.348384
1403715399962142976.000000 0.066289 -0.075529 1.348832
1403715400012143104.000000 0.057173 -0.079236 1.349677
1403715400062142976.000000 0.047846 -0.082237 1.351693
1403715400112143360.000000 0.038007 -0.084785 1.352952
1403715400162142976.000000 0.027463 -0.087000 1.354854
1403715400212143104.000000 0.017331 -0.088520 1.356411
1403715400262143232.000000 0.006634 -0.089582 1.358640
1403715400312143104.000000 -0.004785 -0.090347 1.360535
1403715400362142976.000000 -0.016686 -0.090128 1.362745
1403715400412143104.000000 -0.029179 -0.089581 1.363753
1403715400462142976.000000 -0.042860 -0.088880 1.365596
1403715400512143104.000000 -0.056048 -0.087373 1.366799
1403715400562142976.000000 -0.071410 -0.085595 1.368146
1403715400612143360.000000 -0.088239 -0.083671 1.369862
1403715400662142976.000000 -0.103262 -0.080519 1.370459
1403715400712143104.000000 -0.120138 -0.078340 1.370392
1403715400762143232.000000 -0.135746 -0.074366 1.372481
1403715400812143104.000000 -0.151545 -0.070556 1.373343
1403715400862142976.000000 -0.168666 -0.064121 1.372431
1403715400912143104.000000 -0.183831 -0.058380 1.371873
1403715400962142976.000000 -0.199377 -0.052607 1.371751
1403715401012143104.000000 -0.215875 -0.046393 1.372026
1403715401062142976.000000 -0.231265 -0.039760 1.371235
1403715401112143360.000000 -0.244383 -0.031975 1.371444
1403715401162142976.000000 -0.258650 -0.024763 1.371697
1403715401212143104.000000 -0.272335 -0.014684 1.371501
1403715401262143232.000000 -0.285180 -0.004870 1.371932
1403715401312143104.000000 -0.297812 0.007229 1.370901
1403715401362142976.000000 -0.308773 0.016211 1.373313
1403715401412143104.000000 -0.320246 0.028433 1.375390
1403715401462142976.000000 -0.332318 0.041596 1.375998
1403715401512143104.000000 -0.342078 0.054404 1.378858
1403715401562142976.000000 -0.351344 0.068948 1.380779
1403715401612143360.000000 -0.360606 0.084249 1.383729
1403715401662142976.000000 -0.369749 0.100849 1.385666
1403715401712143104.000000 -0.378424 0.116993 1.388618
1403715401762143232.000000 -0.387417 0.131084 1.393027
1403715401812143104.000000 -0.395530 0.148038 1.395009
1403715401862142976.000000 -0.400950 0.162949 1.396406
1403715401912143104.000000 -0.406384 0.177393 1.398474
1403715401962142976.000000 -0.413317 0.192311 1.401026
1403715402012143104.000000 -0.418276 0.206284 1.405351
1403715402062142976.000000 -0.420891 0.220392 1.403847
1403715402112143360.000000 -0.425695 0.235301 1.405234
1403715402162142976.000000 -0.430517 0.247316 1.410019
1403715402212143104.000000 -0.434141 0.260502 1.411030
1403715402262143232.000000 -0.438054 0.273483 1.411874
1403715402312143104.000000 -0.442464 0.286012 1.412973
1403715402362142976.000000 -0.445409 0.297264 1.412228
1403715402412143104.000000 -0.449861 0.307799 1.412982
1403715402462142976.000000 -0.454384 0.318512 1.413402
1403715402512143104.000000 -0.457740 0.330094 1.412692
1403715402562142976.000000 -0.463230 0.339965 1.412878
1403715402612143360.000000 -0.469349 0.351058 1.413608
1403715402662142976.000000 -0.475439 0.361622 1.413591
1403715402712143104.000000 -0.482562 0.371671 1.413698
1403715402762143232.000000 -0.491689 0.381896 1.414315
1403715402812143104.000000 -0.501205 0.390937 1.414970
1403715402862142976.000000 -0.511036 0.400427 1.415272
1403715402912143104.000000 -0.521273 0.410123 1.415012
1403715402962142976.000000 -0.531891 0.419782 1.415197
1403715403012143104.000000 -0.542117 0.428537 1.414797
1403715403062142976.000000 -0.551628 0.437076 1.415044
1403715403112143360.000000 -0.562254 0.446445 1.414848
1403715403162142976.000000 -0.569038 0.455402 1.415046
1403715403212143104.000000 -0.577395 0.463410 1.417175
1403715403262143232.000000 -0.587057 0.472271 1.418874
1403715403312143104.000000 -0.590984 0.482179 1.418220
1403715403362142976.000000 -0.596473 0.490946 1.420610
1403715403412143104.000000 -0.600546 0.500852 1.422089
1403715403462142976.000000 -0.603069 0.510903 1.421962
1403715403512143104.000000 -0.605226 0.521225 1.424186
1403715403562142976.000000 -0.610344 0.532645 1.426547
1403715403612143360.000000 -0.610697 0.542262 1.426743
1403715403662142976.000000 -0.610669 0.553427 1.427482
1403715403712143104.000000 -0.609390 0.564290 1.426768
1403715403762143232.000000 -0.610146 0.576396 1.428557
1403715403812143104.000000 -0.608722 0.588005 1.429088
1403715403862142976.000000 -0.607075 0.599373 1.430749
1403715403912143104.000000 -0.604025 0.611815 1.431049
1403715403962142976.000000 -0.599955 0.623610 1.432028
1403715404012143104.000000 -0.594087 0.635796 1.432093
1403715404062142976.000000 -0.589621 0.648621 1.433533
1403715404112143360.000000 -0.582595 0.660894 1.434309
1403715404162142976.000000 -0.574985 0.674779 1.436927
1403715404212143104.000000 -0.567639 0.687325 1.439361
1403715404262143232.000000 -0.559990 0.699684 1.438328
1403715404312143104.000000 -0.552362 0.712478 1.439542
1403715404362142976.000000 -0.545447 0.727069 1.442171
1403715404412143104.000000 -0.538859 0.738474 1.441376
1403715404462142976.000000 -0.533126 0.750527 1.441810
1403715404512143104.000000 -0.524547 0.766241 1.443197
1403715404562142976.000000 -0.518219 0.780942 1.442589
1403715404612143360.000000 -0.511309 0.796536 1.441452
1403715404662142976.000000 -0.505444 0.809750 1.439632
1403715404712143104.000000 -0.500032 0.828716 1.440568
1403715404762143232.000000 -0.493903 0.847545 1.440606
1403715404812143104.000000 -0.490252 0.866084 1.437817
1403715404862142976.000000 -0.486270 0.881988 1.436192
1403715404912143104.000000 -0.481746 0.898484 1.434855
1403715404962142976.000000 -0.476658 0.910134 1.436086
1403715405012143104.000000 -0.470624 0.928084 1.434431
1403715405062142976.000000 -0.466952 0.944540 1.430976
1403715405112143360.000000 -0.462606 0.957389 1.426297
1403715405162142976.000000 -0.456634 0.972775 1.427838
1403715405212143104.000000 -0.452354 0.987956 1.425590
1403715405262143232.000000 -0.446093 0.997860 1.422548
1403715405312143104.000000 -0.442294 1.009912 1.416165
1403715405362142976.000000 -0.438056 1.021135 1.417831
1403715405412143104.000000 -0.432845 1.033682 1.417573
1403715405462142976.000000 -0.428226 1.044080 1.415264
1403715405512143104.000000 -0.422270 1.056325 1.413135
1403715405562142976.000000 -0.416935 1.064759 1.410477
1403715405612143360.000000 -0.411503 1.072678 1.408650
1403715405662142976.000000 -0.405990 1.080034 1.405416
1403715405712143104.000000 -0.402075 1.088346 1.404095
1403715405762143232.000000 -0.396709 1.097597 1.401169
1403715405812143104.000000 -0.388755 1.106653 1.399178
1403715405862142976.000000 -0.386770 1.113473 1.398738
1403715405912143104.000000 -0.380752 1.122782 1.398742
1403715405962142976.000000 -0.371591 1.129622 1.394287
1403715406012143104.000000 -0.364251 1.135152 1.391923
1403715406062142976.000000 -0.357014 1.142268 1.389761
1403715406112143360.000000 -0.349306 1.149517 1.387684
1403715406162142976.000000 -0.340723 1.155280 1.383579
1403715406212143104.000000 -0.333366 1.161355 1.380110
1403715406262143232.000000 -0.326312 1.171229 1.378874
1403715406312143104.000000 -0.318690 1.176817 1.374176
1403715406362142976.000000 -0.309721 1.183762 1.370448
1403715406412143104.000000 -0.301655 1.191292 1.366894
1403715406462142976.000000 -0.293343 1.197421 1.361610
1403715406512143104.000000 -0.285412 1.201906 1.356240
1403715406562142976.000000 -0.278546 1.207811 1.353112
1403715406612143360.000000 -0.269385 1.212090 1.347723
1403715406662142976.000000 -0.261655 1.215066 1.342990
1403715406712143104.000000 -0.254657 1.218196 1.338249
1403715406762143232.000000 -0.245961 1.220672 1.333108
1403715406812143104.000000 -0.238375 1.222633 1.328784
1403715406862142976.000000 -0.231699 1.225118 1.324695
1403715406912143104.000000 -0.223713 1.224772 1.319987
1403715406962142976.000000 -0.215329 1.224598 1.314581
1403715407012143104.000000 -0.209325 1.228416 1.312782
1403715407062142976.000000 -0.202069 1.228746 1.309004
1403715407112143360.000000 -0.193605 1.227956 1.305240
1403715407162142976.000000 -0.187178 1.227901 1.301446
1403715407212143104.000000 -0.179682 1.227527 1.298196
1403715407262143232.000000 -0.172038 1.225386 1.294618
1403715407312143104.000000 -0.165134 1.223715 1.291739
1403715407362142976.000000 -0.156446 1.220763 1.288762
1403715407412143104.000000 -0.148376 1.218221 1.286732
1403715407462142976.000000 -0.139550 1.213449 1.284881
1403715407512143104.000000 -0.130054 1.209507 1.283259
1403715407562142976.000000 -0.120864 1.203388 1.281739
1403715407612143360.000000 -0.110585 1.197703 1.281272
1403715407662142976.000000 -0.099958 1.190791 1.280857
1403715407712143104.000000 -0.088963 1.183783 1.280942
1403715407762143232.000000 -0.078473 1.176289 1.280919
1403715407812143104.000000 -0.066797 1.169045 1.281526
1403715407862142976.000000 -0.055432 1.161470 1.282334
1403715407912143104.000000 -0.044073 1.155160 1.284072
1403715407962142976.000000 -0.030183 1.147502 1.285083
1403715408012143104.000000 -0.017099 1.140000 1.286935
1403715408062142976.000000 -0.005196 1.133212 1.291482
1403715408112143360.000000 -0.009165 1.117613 1.302501
1403715408162142976.000000 0.012645 1.115250 1.307016
1403715408212143104.000000 0.024436 1.108631 1.313981
1403715408262143232.000000 0.045462 1.101590 1.327915
1403715408312143104.000000 0.061664 1.095213 1.329352
1403715408362142976.000000 0.090638 1.093578 1.335369
1403715408412143104.000000 0.094318 1.080380 1.348768
1403715408462142976.000000 0.101957 1.072674 1.343847
1403715408512143104.000000 0.127429 1.069682 1.354615
1403715408562142976.000000 0.134088 1.061435 1.346751
1403715408612143360.000000 0.149170 1.056324 1.351825
1403715408662142976.000000 0.168679 1.052737 1.352614
1403715408712143104.000000 0.173092 1.042087 1.344045
1403715408762143232.000000 0.187060 1.039351 1.342572
1403715408812143104.000000 0.197961 1.035407 1.342118
1403715408862142976.000000 0.207605 1.028960 1.339733
1403715408912143104.000000 0.219012 1.026236 1.340018
1403715408962142976.000000 0.231415 1.022813 1.337033
1403715409012143104.000000 0.241597 1.021507 1.345431
1403715409062142976.000000 0.249731 1.019703 1.337921
1403715409112143360.000000 0.257422 1.017901 1.341614
1403715409162142976.000000 0.265186 1.015217 1.341365
1403715409212143104.000000 0.276937 1.019410 1.344841
1403715409262143232.000000 0.278566 1.016662 1.345622
1403715409312143104.000000 0.284165 1.015215 1.349123
1403715409362142976.000000 0.289949 1.015481 1.351003
1403715409412143104.000000 0.294332 1.012325 1.353687
1403715409462142976.000000 0.298869 1.010417 1.356831
1403715409512143104.000000 0.302829 1.009526 1.366057
1403715409562142976.000000 0.306667 1.007990 1.369167
1403715409612143360.000000 0.309796 1.006501 1.372709
1403715409662142976.000000 0.311719 1.007269 1.374906
1403715409712143104.000000 0.312633 1.004543 1.379732
1403715409762143232.000000 0.316822 1.003427 1.384536
1403715409812143104.000000 0.319744 1.003645 1.389300
1403715409862142976.000000 0.321573 1.002575 1.395621
1403715409912143104.000000 0.325075 1.001084 1.400657
1403715409962142976.000000 0.326779 1.001255 1.403115
1403715410012143104.000000 0.328861 0.999686 1.408711
1403715410062142976.000000 0.333890 0.997204 1.412997
1403715410112143360.000000 0.337855 0.997452 1.418712
1403715410162142976.000000 0.342283 0.992089 1.423224
1403715410212143104.000000 0.350130 0.993921 1.425633
1403715410262143232.000000 0.355303 0.988785 1.433492
1403715410312143104.000000 0.361617 0.987655 1.431404
1403715410362142976.000000 0.368499 0.985689 1.432732
1403715410412143104.000000 0.375173 0.981772 1.431617
1403715410462142976.000000 0.380630 0.979389 1.429562
1403715410512143104.000000 0.382984 0.976290 1.425465
1403715410562142976.000000 0.390432 0.974779 1.426236
1403715410612143360.000000 0.395385 0.971161 1.423571
1403715410662142976.000000 0.401936 0.971154 1.422424
1403715410712143104.000000 0.410228 0.970520 1.423277
1403715410762143232.000000 0.417505 0.970162 1.420903
1403715410812143104.000000 0.425003 0.969338 1.420917
1403715410862142976.000000 0.430170 0.969277 1.421354
1403715410912143104.000000 0.436661 0.969493 1.421443
1403715410962142976.000000 0.443261 0.970568 1.418736
1403715411012143104.000000 0.449391 0.972381 1.417599
1403715411062142976.000000 0.452752 0.973226 1.415107
1403715411112143360.000000 0.457134 0.974452 1.413423
1403715411162142976.000000 0.460848 0.976396 1.413249
1403715411212143104.000000 0.466319 0.979171 1.410915
1403715411262143232.000000 0.471035 0.981312 1.411130
1403715411312143104.000000 0.476073 0.984656 1.410850
1403715411362142976.000000 0.478788 0.986396 1.406918
1403715411412143104.000000 0.482654 0.987384 1.407641
1403715411462142976.000000 0.485833 0.989882 1.407409
1403715411512143104.000000 0.486546 0.990413 1.404994
1403715411562142976.000000 0.490014 0.991891 1.404524
1403715411612143360.000000 0.491686 0.993335 1.403575
1403715411662142976.000000 0.491840 0.994992 1.400469
1403715411712143104.000000 0.494537 0.996497 1.398948
1403715411762143232.000000 0.493018 0.997180 1.397648
1403715411812143104.000000 0.490967 0.998106 1.395342
1403715411862142976.000000 0.491438 0.998771 1.395818
1403715411912143104.000000 0.491333 1.001654 1.392740
1403715411962142976.000000 0.489993 1.003407 1.390578
1403715412012143104.000000 0.489971 1.004796 1.390961
1403715412062142976.000000 0.489884 1.007812 1.389317
1403715412112143360.000000 0.488421 1.008114 1.387910
1403715412162142976.000000 0.484936 1.009687 1.384894
1403715412212143104.000000 0.484203 1.011990 1.384226
1403715412262143232.000000 0.481797 1.012532 1.383543
1403715412312143104.000000 0.479902 1.014247 1.382743
1403715412362142976.000000 0.476739 1.015597 1.380673
1403715412412143104.000000 0.475624 1.016798 1.380424
1403715412462142976.000000 0.473260 1.016904 1.381815
1403715412512143104.000000 0.470672 1.020293 1.377215
1403715412562142976.000000 0.469199 1.021169 1.377814
1403715412612143360.000000 0.467508 1.023326 1.375475
1403715412662142976.000000 0.463619 1.022377 1.375584
1403715412712143104.000000 0.462514 1.024520 1.375701
1403715412762143232.000000 0.460335 1.025632 1.374290
1403715412812143104.000000 0.457373 1.027204 1.372583
1403715412862142976.000000 0.456028 1.028080 1.373248
1403715412912143104.000000 0.455669 1.028199 1.373322
1403715412962142976.000000 0.455380 1.031024 1.370707
1403715413012143104.000000 0.454658 1.032251 1.369983
1403715413062142976.000000 0.453713 1.032695 1.368139
1403715413112143360.000000 0.453395 1.033147 1.365827
1403715413162142976.000000 0.453737 1.034295 1.361930
1403715413212143104.000000 0.453513 1.035829 1.358230
1403715413262143232.000000 0.452726 1.035971 1.352493
1403715413312143104.000000 0.452341 1.037711 1.345115
1403715413362142976.000000 0.451838 1.037779 1.337623
1403715413412143104.000000 0.452149 1.040731 1.329010
1403715413462142976.000000 0.450903 1.040684 1.325570
1403715413512143104.000000 0.450377 1.042516 1.318909
1403715413562142976.000000 0.449620 1.041697 1.316459
1403715413612143360.000000 0.449518 1.041416 1.310277
1403715413662142976.000000 0.447882 1.042069 1.307338
1403715413712143104.000000 0.447017 1.042664 1.303098
1403715413762143232.000000 0.446205 1.046089 1.298028
1403715413812143104.000000 0.441996 1.043224 1.295864
1403715413862142976.000000 0.440379 1.043321 1.288936
1403715413912143104.000000 0.438291 1.044132 1.284835
1403715413962142976.000000 0.436233 1.043865 1.279959
1403715414012143104.000000 0.433244 1.044712 1.273794
1403715414062142976.000000 0.431446 1.045755 1.271902
1403715414112143360.000000 0.428232 1.043894 1.277207
1403715414162142976.000000 0.425762 1.044999 1.273852
1403715414212143104.000000 0.425427 1.049841 1.270360
1403715414262143232.000000 0.421922 1.049588 1.263278
1403715414312143104.000000 0.420949 1.050323 1.263181
1403715414362142976.000000 0.420325 1.054278 1.265561
1403715414412143104.000000 0.424206 1.060530 1.267885
1403715414462142976.000000 0.424696 1.060374 1.278023
1403715414512143104.000000 0.421629 1.058655 1.268827
1403715414562142976.000000 0.422590 1.059253 1.280401
1403715414612143360.000000 0.435019 1.065911 1.280916
1403715414662142976.000000 0.431543 1.061330 1.273665
1403715414712143104.000000 0.431060 1.063333 1.274404
1403715414762143232.000000 0.437462 1.069443 1.271049
1403715414812143104.000000 0.436038 1.066465 1.270603
1403715414862142976.000000 0.438263 1.068049 1.268062
1403715414912143104.000000 0.440980 1.069827 1.265445
1403715414962142976.000000 0.443816 1.071252 1.261789
1403715415012143104.000000 0.445943 1.071021 1.257240
1403715415062142976.000000 0.448040 1.073020 1.254713
1403715415112143360.000000 0.447653 1.071555 1.251541
1403715415162142976.000000 0.448792 1.071564 1.248284
1403715415212143104.000000 0.452899 1.074139 1.241246
1403715415262143232.000000 0.453269 1.073383 1.238215
1403715415312143104.000000 0.453806 1.071960 1.234597
1403715415362142976.000000 0.453713 1.070446 1.232020
1403715415412143104.000000 0.453552 1.068702 1.230007
1403715415462142976.000000 0.449619 1.064247 1.231632
1403715415512143104.000000 0.450517 1.063418 1.228461
1403715415562142976.000000 0.451895 1.063444 1.223177
1403715415612143360.000000 0.450919 1.062698 1.221763
1403715415662142976.000000 0.453413 1.061287 1.218688
1403715415712143104.000000 0.453254 1.061228 1.215833
1403715415762143232.000000 0.444575 1.056756 1.219355
1403715415812143104.000000 0.443343 1.058002 1.220297
1403715415862142976.000000 0.445546 1.055978 1.222519
1403715415912143104.000000 0.452966 1.060817 1.212214
1403715415962142976.000000 0.472429 1.072285 1.206254
1403715416012143104.000000 0.471422 1.070552 1.209752
1403715416062142976.000000 0.454094 1.064781 1.208293
1403715416112143360.000000 0.451121 1.060647 1.206229
1403715416162142976.000000 0.453330 1.060647 1.209991
1403715416212143104.000000 0.452193 1.062523 1.210555
1403715416262143232.000000 0.454406 1.061585 1.208950
1403715416312143104.000000 0.454661 1.061245 1.208714
1403715416362142976.000000 0.452881 1.063343 1.209745
1403715416412143104.000000 0.452950 1.061717 1.209130
1403715416462142976.000000 0.453010 1.061562 1.209105
1403715416512143104.000000 0.452797 1.062164 1.209258
1403715416562142976.000000 0.452539 1.062976 1.209048
1403715416612143360.000000 0.452739 1.062124 1.209283
1403715416662142976.000000 0.452649 1.061536 1.209046
1403715416712143104.000000 0.452410 1.061699 1.208759
1403715416762143232.000000 0.452662 1.062155 1.208769
1403715416812143104.000000 0.452778 1.061875 1.208475
1403715416862142976.000000 0.452241 1.061963 1.208661
1403715416912143104.000000 0.452371 1.061702 1.208294
1403715416962142976.000000 0.452451 1.062012 1.208708
1403715417012143104.000000 0.452661 1.061413 1.208498
1403715417062142976.000000 0.452496 1.062088 1.208831
1403715417112143360.000000 0.452408 1.061869 1.208813
1403715417162142976.000000 0.452057 1.062207 1.208825
1403715417212143104.000000 0.451942 1.062422 1.208637
1403715417262143232.000000 0.452341 1.062117 1.208664
1403715417312143104.000000 0.452096 1.062254 1.208611
1403715417362142976.000000 0.452150 1.062080 1.208637
1403715417412143104.000000 0.451973 1.062427 1.208569
1403715417462142976.000000 0.452114 1.062724 1.208845
1403715417512143104.000000 0.452007 1.062550 1.208716
1403715417562142976.000000 0.452084 1.062569 1.208757
1403715417612143360.000000 0.452003 1.062705 1.208892
1403715417662142976.000000 0.452142 1.062333 1.208722
1403715417712143104.000000 0.451905 1.062471 1.208720
1403715417762143232.000000 0.451841 1.063236 1.208962
1403715417812143104.000000 0.451983 1.062685 1.208751
1403715417862142976.000000 0.451883 1.063071 1.208790
1403715417912143104.000000 0.451781 1.062923 1.208771
1403715417962142976.000000 0.451999 1.062577 1.208741
1403715418012143104.000000 0.451907 1.063013 1.208880
1403715418062142976.000000 0.451884 1.063087 1.209008
1403715418112143360.000000 0.451927 1.062780 1.208813
1403715418162142976.000000 0.452036 1.062793 1.208936
1403715418212143104.000000 0.452239 1.062332 1.208633
1403715418262143232.000000 0.451826 1.062735 1.208629
1403715418312143104.000000 0.451564 1.063086 1.208739
1403715418362142976.000000 0.451934 1.062450 1.208595
1403715418412143104.000000 0.451778 1.062826 1.208840
1403715418462142976.000000 0.451947 1.062925 1.208902
1403715418512143104.000000 0.451702 1.063179 1.208946
1403715418562142976.000000 0.451904 1.062928 1.208908
1403715418612143360.000000 0.451930 1.062747 1.208725
1403715418662142976.000000 0.451916 1.062736 1.208804
1403715418712143104.000000 0.451947 1.062875 1.208632
1403715418762143232.000000 0.452081 1.062781 1.208747
1403715418812143104.000000 0.452077 1.062348 1.208587