frame_id,timestamp,rel_time_s,state,last_state,tracking_method,wider_window_used,initial_matches,matches_before_tlm_opt,outliers_before_tlm_opt,matches_after_tlm_opt,outliers_after_tlm_opt,final_inliers,outlier_ratio,opt_type,need_new_kf,new_kf_created,total_kf_in_map,total_mp_in_map,local_map_mp_count,local_kf_count,map_updated,reloc_attempted,reloc_success,reloc_candidates,reloc_bow_pass,reloc_pnp_inliers,imu_initialized,imu_predicted,bias_acc_norm,bias_gyro_norm,preintegration_ms,pose_pred_ms,track_local_map_ms,need_new_kf_ms,total_tracking_ms
111,1403715278.812143,0.000000,OK,NOT_INITIALIZED,none,no,0,0,0,0,0,0,0.0000,PoseOpt,no,no,2,358,0,0,no,no,no,0,0,0,no,no,0.000000,0.000000,0.000,0.000,0.000,0.000,26.157
112,1403715278.862143,0.050000,OK,OK,RefKF,no,320,533,0,533,36,497,0.0675,PoseOpt,yes,yes,2,1429,1429,2,no,no,no,0,0,0,no,no,0.000000,0.000000,0.000,3.418,1.659,0.059,5.752
113,1403715278.912143,0.100000,OK,OK,MM,no,396,435,0,435,13,422,0.0299,PoseOpt,yes,yes,3,876,876,3,yes,no,no,0,0,0,no,no,0.000000,0.000000,0.000,1.451,1.191,0.041,3.042
114,1403715278.962143,0.150000,OK,OK,MM,no,361,438,0,438,12,426,0.0274,PoseOpt,yes,yes,4,759,759,4,yes,no,no,0,0,0,no,no,0.000000,0.000000,0.000,1.251,1.265,0.042,2.880
115,1403715279.012143,0.200000,OK,OK,MM,no,381,498,0,498,10,488,0.0201,PoseOpt,yes,yes,5,879,879,5,yes,no,no,0,0,0,no,no,0.000000,0.000000,0.000,1.311,1.519,0.026,3.223
116,1403715279.062143,0.250000,OK,OK,MM,no,413,547,0,547,16,531,0.0293,PoseOpt,no,no,6,959,959,6,yes,no,no,0,0,0,no,no,0.000000,0.000000,0.000,1.516,1.542,0.027,3.382
117,1403715279.112143,0.300000,OK,OK,MM,no,446,510,0,510,27,483,0.0529,PoseOpt,yes,yes,6,959,959,6,no,no,no,0,0,0,no,no,0.000000,0.000000,0.000,1.632,1.474,0.037,3.504
118,1403715279.162143,0.350000,OK,OK,MM,no,421,571,0,571,12,559,0.0210,PoseOpt,no,no,7,1005,1005,7,yes,no,no,0,0,0,no,no,0.000000,0.000000,0.000,1.547,1.635,0.029,3.511
119,1403715279.212143,0.400000,OK,OK,MM,no,474,546,0,546,15,531,0.0275,PoseOpt,yes,yes,7,1005,1005,7,no,no,no,0,0,0,no,no,0.000000,0.000000,0.000,1.621,1.470,0.035,3.456
120,1403715279.262143,0.450000,OK,OK,MM,no,464,559,0,559,21,538,0.0376,PoseOpt,yes,yes,8,1000,1000,8,yes,no,no,0,0,0,no,no,0.000000,0.000000,0.000,1.588,1.592,0.027,3.544
121,1403715279.312143,0.500000,OK,OK,MM,no,442,568,0,568,16,552,0.0282,PoseOpt,yes,yes,9,1035,1035,9,yes,no,no,0,0,0,no,no,0.000000,0.000000,0.000,1.619,1.677,0.027,3.663
122,1403715279.362143,0.550000,OK,OK,MM,no,461,590,0,590,22,568,0.0373,PoseOpt,no,no,9,1023,1023,9,yes,no,no,0,0,0,no,no,0.000000,0.000000,0.000,1.708,1.771,0.026,3.818
123,1403715279.412143,0.600000,OK,OK,MM,no,473,562,0,562,17,545,0.0302,PoseOpt,yes,yes,9,1023,1023,9,no,no,no,0,0,0,no,no,0.000000,0.000000,0.000,1.630,1.665,0.034,3.647
124,1403715279.462143,0.650000,OK,OK,MM,no,460,560,0,560,13,547,0.0232,PoseOpt,yes,yes,10,1047,1047,10,yes,no,no,0,0,0,no,no,0.000000,0.000000,0.000,1.612,1.789,0.027,3.772
125,1403715279.512143,0.700000,OK,OK,MM,no,470,563,0,563,7,556,0.0124,PoseOpt,no,no,10,1023,1023,10,yes,no,no,0,0,0,no,no,0.000000,0.000000,0.000,1.632,1.640,0.027,3.642
126,1403715279.562143,0.750000,OK,OK,MM,no,477,570,0,570,16,554,0.0281,PoseOpt,yes,yes,10,1023,1023,10,no,no,no,0,0,0,no,no,0.000000,0.000000,0.000,1.709,1.872,0.041,3.962
127,1403715279.612143,0.800000,OK,OK,MM,no,504,580,0,580,10,570,0.0172,PoseOpt,no,no,9,992,992,9,yes,no,no,0,0,0,no,no,0.000000,0.000000,0.000,1.718,1.737,0.026,3.801
128,1403715279.662143,0.850000,OK,OK,MM,no,472,564,0,564,17,547,0.0301,PoseOpt,yes,yes,9,992,992,9,no,no,no,0,0,0,no,no,0.000000,0.000000,0.000,1.670,1.546,0.026,3.559
129,1403715279.712143,0.900000,OK,OK,MM,no,461,553,0,553,21,532,0.0380,PoseOpt,yes,yes,10,1025,1025,10,yes,no,no,0,0,0,no,no,0.000000,0.000000,0.000,1.594,1.619,0.026,3.576
130,1403715279.762143,0.950000,OK,OK,MM,no,459,575,0,575,22,553,0.0383,PoseOpt,no,no,9,1010,1010,9,yes,no,no,0,0,0,no,no,0.000000,0.000000,0.000,1.567,1.649,0.025,3.540
131,1403715279.812143,1.000000,OK,OK,MM,no,471,579,0,579,21,558,0.0363,PoseOpt,yes,yes,9,1010,1010,9,no,no,no,0,0,0,no,no,0.000000,0.000000,0.000,1.545,1.822,0.051,3.819
132,1403715279.862143,1.050000,OK,OK,MM,no,462,558,0,558,16,542,0.0287,PoseOpt,yes,yes,9,1024,1024,9,yes,no,no,0,0,0,no,no,0.000000,0.000000,0.000,1.780,1.838,0.028,3.997
133,1403715279.912143,1.100000,OK,OK,MM,no,456,572,0,572,17,555,0.0297,PoseOpt,no,no,10,1042,1042,10,yes,no,no,0,0,0,no,no,0.000000,0.000000,0.000,1.659,1.631,0.029,3.641
134,1403715279.962143,1.150000,OK,OK,MM,no,463,583,0,583,24,559,0.0412,PoseOpt,yes,yes,10,1042,1042,10,no,no,no,0,0,0,no,no,0.000000,0.000000,0.000,1.692,1.800,0.040,3.881
135,1403715280.012143,1.200000,OK,OK,MM,no,448,589,0,589,30,559,0.0509,PoseOpt,no,no,10,1049,1049,10,yes,no,no,0,0,0,no,no,0.000000,0.000000,0.000,1.726,1.706,0.026,3.771
136,1403715280.062143,1.250000,OK,OK,MM,no,473,550,0,550,30,520,0.0545,PoseOpt,yes,yes,10,1049,1049,10,no,no,no,0,0,0,no,no,0.000000,0.000000,0.000,1.613,1.658,0.038,3.663
137,1403715280.112143,1.300000,OK,OK,MM,no,430,568,0,568,34,534,0.0599,PoseOpt,yes,yes,10,1089,1089,10,yes,no,no,0,0,0,no,no,0.000000,0.000000,0.000,1.616,1.771,0.027,3.770
138,1403715280.162143,1.350000,OK,OK,MM,no,434,562,0,562,32,530,0.0569,PoseOpt,yes,yes,11,1108,1108,11,yes,no,no,0,0,0,no,no,0.000000,0.000000,0.000,1.540,1.737,0.027,3.653
139,1403715280.212143,1.400000,OK,OK,MM,no,444,580,0,580,30,550,0.0517,PoseOpt,yes,yes,11,1107,1107,11,yes,no,no,0,0,0,no,no,0.000000,0.000000,0.000,1.636,1.782,0.026,3.808
140,1403715280.262143,1.450000,OK,OK,MM,no,420,567,0,567,41,526,0.0723,PoseOpt,yes,yes,10,1099,1099,10,yes,no,no,0,0,0,no,no,0.000000,0.000000,0.000,1.551,1.839,0.028,3.782
141,1403715280.312143,1.500000,OK,OK,MM,no,418,560,0,560,40,520,0.0714,PoseOpt,yes,yes,11,1124,1124,11,yes,no,no,0,0,0,no,no,0.000000,0.000000,0.000,1.542,1.809,0.029,3.747
142,1403715280.362143,1.550000,OK,OK,MM,no,427,582,0,582,45,537,0.0773,PoseOpt,yes,yes,12,1167,1167,12,yes,no,no,0,0,0,no,no,0.000000,0.000000,0.000,1.611,1.958,0.032,3.977
143,1403715280.412143,1.600000,OK,OK,MM,no,442,587,0,587,50,537,0.0852,PoseOpt,yes,yes,12,1180,1180,12,yes,no,no,0,0,0,no,no,0.000000,0.000000,0.000,1.558,1.786,0.025,3.738
144,1403715280.462143,1.650000,OK,OK,MM,no,463,568,0,568,45,523,0.0792,PoseOpt,yes,yes,13,1200,1200,13,yes,no,no,0,0,0,no,no,0.000000,0.000000,0.000,1.676,1.849,0.027,3.949
145,1403715280.512143,1.700000,OK,OK,MM,no,425,597,0,597,54,543,0.0905,PoseOpt,no,no,13,1218,1218,13,yes,no,no,0,0,0,no,no,0.000000,0.000000,0.000,1.509,1.932,0.024,3.802
146,1403715280.562143,1.750000,OK,OK,MM,no,398,542,0,542,61,481,0.1125,PoseOpt,yes,yes,13,1218,1218,13,no,no,no,0,0,0,no,no,0.000000,0.000000,0.000,1.521,1.893,0.043,3.823
147,1403715280.612143,1.800000,OK,OK,MM,no,375,524,0,524,69,455,0.1317,PoseOpt,yes,yes,13,1200,1200,13,yes,no,no,0,0,0,no,no,0.000000,0.000000,0.000,1.448,2.118,0.023,3.944
148,1403715280.662143,1.850000,OK,OK,MM,no,354,512,0,512,55,457,0.1074,PoseOpt,yes,yes,14,1217,1217,14,yes,no,no,0,0,0,no,no,0.000000,0.000000,0.000,1.397,1.724,0.023,3.507
149,1403715280.712143,1.900000,OK,OK,MM,no,384,520,0,520,57,463,0.1096,PoseOpt,yes,yes,14,1194,1194,14,yes,no,no,0,0,0,no,no,0.000000,0.000000,0.000,1.369,1.926,0.039,3.714
150,1403715280.762143,1.950000,OK,OK,MM,no,378,530,0,530,63,467,0.1189,PoseOpt,yes,yes,14,1213,1213,14,yes,no,no,0,0,0,no,no,0.000000,0.000000,0.000,1.363,1.841,0.022,3.635
151,1403715280.812143,2.000000,OK,OK,MM,no,378,497,0,497,50,447,0.1006,PoseOpt,yes,yes,14,1203,1203,14,yes,no,no,0,0,0,no,no,0.000000,0.000000,0.000,1.349,1.695,0.022,3.410
152,1403715280.862143,2.050000,OK,OK,MM,no,332,472,0,472,62,410,0.1314,PoseOpt,yes,yes,15,1228,1228,15,yes,no,no,0,0,0,no,no,0.000000,0.000000,0.000,1.303,1.590,0.023,3.234
153,1403715280.912143,2.100000,OK,OK,MM,no,331,483,0,483,68,415,0.1408,PoseOpt,yes,yes,15,1244,1244,15,yes,no,no,0,0,0,no,no,0.000000,0.000000,0.000,1.298,1.699,0.020,3.366
154,1403715280.962143,2.150000,OK,OK,MM,no,332,487,0,487,54,433,0.1109,PoseOpt,yes,yes,16,1261,1261,16,yes,no,no,0,0,0,no,no,0.000000,0.000000,0.000,1.324,1.668,0.020,3.348
155,1403715281.012143,2.200000,OK,OK,MM,no,353,519,0,519,50,469,0.0963,PoseOpt,no,no,15,1240,1240,15,yes,no,no,0,0,0,no,no,0.000000,0.000000,0.000,1.316,1.734,0.021,3.402
156,1403715281.062143,2.250000,OK,OK,MM,no,402,492,0,492,65,427,0.1321,PoseOpt,yes,yes,15,1240,1240,15,no,no,no,0,0,0,no,no,0.000000,0.000000,0.000,1.508,1.775,0.021,3.657
157,1403715281.112143,2.300000,OK,OK,MM,no,355,498,0,498,48,450,0.0964,PoseOpt,no,no,15,1251,1251,15,yes,no,no,0,0,0,no,no,0.000000,0.000000,0.000,1.401,1.858,0.023,3.615
158,1403715281.162143,2.350000,OK,OK,MM,no,376,485,0,485,58,427,0.1196,PoseOpt,yes,yes,15,1251,1251,15,no,no,no,0,0,0,no,no,0.000000,0.000000,0.000,1.492,1.821,0.024,3.705
159,1403715281.212143,2.400000,OK,OK,MM,no,372,497,0,497,51,446,0.1026,PoseOpt,yes,yes,16,1291,1291,16,yes,no,no,0,0,0,no,no,0.000000,0.000000,0.000,1.361,1.701,0.022,3.417
160,1403715281.262143,2.450000,OK,OK,MM,no,383,500,0,500,69,431,0.1380,PoseOpt,yes,yes,16,1288,1288,16,yes,no,no,0,0,0,no,no,0.000000,0.000000,0.000,1.410,1.759,0.021,3.536
161,1403715281.312143,2.500000,OK,OK,MM,no,374,492,0,492,45,447,0.0915,PoseOpt,yes,yes,16,1282,1282,16,yes,no,no,0,0,0,no,no,0.000000,0.000000,0.000,1.348,1.751,0.022,3.459
162,1403715281.362143,2.550000,OK,OK,MM,no,361,530,0,530,46,484,0.0868,PoseOpt,no,no,17,1314,1314,17,yes,no,no,0,0,0,no,no,0.000000,0.000000,0.000,1.411,1.882,0.021,3.646
163,1403715281.412143,2.600000,OK,OK,MM,no,396,506,0,506,56,450,0.1107,PoseOpt,yes,yes,17,1314,1314,17,no,no,no,0,0,0,no,no,0.000000,0.000000,0.000,1.529,1.937,0.023,3.838
164,1403715281.462143,2.650000,OK,OK,MM,no,382,545,0,545,53,492,0.0972,PoseOpt,no,no,17,1337,1337,17,yes,no,no,0,0,0,no,no,0.000000,0.000000,0.000,1.439,1.867,0.022,3.660
165,1403715281.512143,2.700000,OK,OK,MM,no,433,517,0,517,52,465,0.1006,PoseOpt,yes,yes,17,1337,1337,17,no,no,no,0,0,0,no,no,0.000000,0.000000,0.000,1.650,1.911,0.024,3.925
166,1403715281.562143,2.750000,OK,OK,MM,no,376,500,0,500,39,461,0.0780,PoseOpt,no,no,17,1347,1347,17,yes,no,no,0,0,0,no,no,0.000000,0.000000,0.000,1.530,1.773,0.023,3.660
167,1403715281.612143,2.800000,OK,OK,MM,no,366,500,0,500,47,453,0.0940,PoseOpt,yes,yes,17,1347,1347,17,no,no,no,0,0,0,no,no,0.000000,0.000000,0.000,1.490,1.890,0.023,3.751
168,1403715281.662143,2.850000,OK,OK,MM,no,377,516,0,516,49,467,0.0950,PoseOpt,yes,yes,17,1363,1363,17,yes,no,no,0,0,0,no,no,0.000000,0.000000,0.000,1.535,1.819,0.022,3.721
169,1403715281.712143,2.900000,OK,OK,MM,no,390,505,0,505,47,458,0.0931,PoseOpt,yes,yes,17,1366,1366,17,yes,no,no,0,0,0,no,no,0.000000,0.000000,0.000,1.498,1.739,0.021,3.604
170,1403715281.762143,2.950000,OK,OK,MM,no,365,503,0,503,51,452,0.1014,PoseOpt,yes,yes,17,1369,1369,17,yes,no,no,0,0,0,no,no,0.000000,0.000000,0.000,1.398,1.845,0.021,3.635
171,1403715281.812143,3.000000,OK,OK,MM,no,359,479,0,479,44,435,0.0919,PoseOpt,yes,yes,17,1363,1363,17,yes,no,no,0,0,0,no,no,0.000000,0.000000,0.000,1.400,1.759,0.021,3.527
172,1403715281.862143,3.050000,OK,OK,MM,no,333,477,0,477,53,424,0.1111,PoseOpt,yes,yes,17,1363,1363,17,yes,no,no,0,0,0,no,no,0.000000,0.000000,0.000,1.337,1.822,0.021,3.650
173,1403715281.912143,3.100000,OK,OK,MM,no,350,477,0,477,51,426,0.1069,PoseOpt,yes,yes,18,1387,1387,18,yes,no,no,0,0,0,no,no,0.000000,0.000000,0.000,1.294,1.764,0.021,3.436
174,1403715281.962143,3.150000,OK,OK,MM,no,322,473,0,473,52,421,0.1099,PoseOpt,no,no,19,1404,1404,19,no,no,no,0,0,0,no,no,0.000000,0.000000,0.000,1.342,1.947,0.027,3.645
175,1403715282.012143,3.200000,OK,OK,MM,no,333,469,0,469,48,421,0.1023,PoseOpt,yes,yes,18,1389,1389,18,yes,no,no,0,0,0,no,no,0.000000,0.000000,0.000,1.349,2.032,0.023,4.029
176,1403715282.062143,3.250000,OK,OK,MM,no,342,480,0,480,55,425,0.1146,PoseOpt,no,no,19,1426,1426,19,yes,no,no,0,0,0,no,no,0.000000,0.000000,0.000,1.299,1.788,0.022,3.662
177,1403715282.112143,3.300000,OK,OK,MM,no,344,475,0,475,55,420,0.1158,PoseOpt,yes,yes,18,1410,1410,18,no,no,no,0,0,0,no,no,0.000000,0.000000,0.000,1.367,1.865,0.024,3.624
178,1403715282.162143,3.350000,OK,OK,MM,no,325,482,0,482,68,414,0.1411,PoseOpt,no,no,19,1451,1451,19,no,no,no,0,0,0,no,no,0.000000,0.000000,0.000,1.329,1.867,0.023,3.550
179,1403715282.212143,3.400000,OK,OK,MM,no,330,479,0,479,52,427,0.1086,PoseOpt,yes,yes,19,1451,1451,19,yes,no,no,0,0,0,no,no,0.000000,0.000000,0.000,1.304,1.906,0.023,3.604
180,1403715282.262143,3.450000,OK,OK,MM,no,335,469,0,469,64,405,0.1365,PoseOpt,no,no,20,1498,1498,20,no,no,no,0,0,0,no,no,0.000000,0.000000,0.000,1.294,1.928,0.024,3.583
181,1403715282.312143,3.500000,OK,OK,MM,no,322,446,0,446,63,383,0.1413,PoseOpt,yes,yes,19,1477,1477,19,yes,no,no,0,0,0,no,no,0.000000,0.000000,0.000,1.292,1.788,0.023,3.460
182,1403715282.362143,3.550000,OK,OK,MM,no,299,434,0,434,49,385,0.1129,PoseOpt,no,no,20,1502,1502,20,no,no,no,0,0,0,no,no,0.000000,0.000000,0.000,1.182,1.811,0.022,3.355
183,1403715282.412143,3.600000,OK,OK,MM,no,304,408,0,408,47,361,0.1152,PoseOpt,yes,yes,20,1501,1501,20,yes,no,no,0,0,0,no,no,0.000000,0.000000,0.000,1.158,1.695,0.023,3.234
184,1403715282.462143,3.650000,OK,OK,MM,no,285,439,0,439,58,381,0.1321,PoseOpt,no,no,21,1540,1540,21,yes,no,no,0,0,0,no,no,0.000000,0.000000,0.000,1.167,1.774,0.020,4.379
185,1403715282.512143,3.700000,OK,OK,MM,no,302,430,0,430,53,377,0.1233,PoseOpt,yes,yes,20,1521,1521,20,no,no,no,0,0,0,no,no,0.000000,0.000000,0.000,1.199,1.829,0.022,3.421
186,1403715282.562143,3.750000,OK,OK,MM,no,300,471,0,471,62,409,0.1316,PoseOpt,no,no,21,1564,1564,21,no,no,no,0,0,0,no,no,0.000000,0.000000,0.000,1.484,1.947,0.021,3.789
187,1403715282.612143,3.800000,OK,OK,MM,no,313,446,0,446,69,377,0.1547,PoseOpt,yes,yes,21,1563,1563,21,yes,no,no,0,0,0,no,no,0.000000,0.000000,0.000,1.254,1.817,0.021,3.465
188,1403715282.662143,3.850000,OK,OK,MM,no,310,476,0,476,53,423,0.1113,PoseOpt,no,no,22,1616,1616,22,no,no,no,0,0,0,no,no,0.000000,0.000000,0.000,1.153,2.076,0.025,3.616
189,1403715282.712143,3.900000,OK,OK,MM,no,326,451,0,451,71,380,0.1574,PoseOpt,yes,yes,21,1599,1599,21,yes,no,no,0,0,0,no,no,0.000000,0.000000,0.000,1.282,1.870,0.022,3.552
190,1403715282.762143,3.950000,OK,OK,MM,no,287,481,0,481,76,405,0.1580,PoseOpt,no,no,22,1656,1656,22,no,no,no,0,0,0,no,no,0.000000,0.000000,0.000,1.290,2.053,0.025,3.749
191,1403715282.812143,4.000000,OK,OK,MM,no,299,463,0,463,74,389,0.1598,PoseOpt,yes,yes,22,1656,1656,22,yes,no,no,0,0,0,no,no,0.000000,0.000000,0.000,1.234,2.048,0.023,3.696
192,1403715282.862143,4.050000,OK,OK,MM,no,302,472,0,472,64,408,0.1356,PoseOpt,no,no,23,1711,1711,23,no,no,no,0,0,0,no,no,0.000000,0.000000,0.000,1.210,2.186,0.026,3.803
193,1403715282.912143,4.100000,OK,OK,MM,no,322,474,0,474,67,407,0.1414,PoseOpt,yes,yes,23,1710,1710,23,yes,no,no,0,0,0,no,no,0.000000,0.000000,0.000,1.242,2.129,0.024,3.815
194,1403715282.962143,4.150000,OK,OK,MM,no,315,453,0,453,49,404,0.1082,PoseOpt,no,no,24,1736,1736,24,no,no,no,0,0,0,no,no,0.000000,0.000000,0.000,1.191,2.174,0.027,3.762
195,1403715283.012143,4.200000,OK,OK,MM,no,308,426,0,426,63,363,0.1479,PoseOpt,yes,yes,23,1718,1718,23,yes,no,no,0,0,0,no,no,0.000000,0.000000,0.000,1.152,1.901,0.023,3.469
196,1403715283.062143,4.250000,OK,OK,MM,no,284,457,0,457,65,392,0.1422,PoseOpt,no,no,24,1770,1770,24,no,no,no,0,0,0,no,no,0.000000,0.000000,0.000,1.112,2.107,0.024,3.606
197,1403715283.112143,4.300000,OK,OK,MM,no,313,429,0,429,53,376,0.1235,PoseOpt,yes,yes,24,1768,1768,24,yes,no,no,0,0,0,no,no,0.000000,0.000000,0.000,1.218,1.971,0.022,3.604
198,1403715283.162143,4.350000,OK,OK,MM,no,309,465,0,465,51,414,0.1097,PoseOpt,no,no,25,1794,1794,25,no,no,no,0,0,0,no,no,0.000000,0.000000,0.000,1.154,2.085,0.024,3.642
199,1403715283.212143,4.400000,OK,OK,MM,no,302,437,0,437,62,375,0.1419,PoseOpt,yes,yes,24,1773,1773,24,yes,no,no,0,0,0,no,no,0.000000,0.000000,0.000,1.187,1.977,0.021,3.597
200,1403715283.262143,4.450000,OK,OK,MM,no,304,414,0,414,56,358,0.1353,PoseOpt,no,no,25,1822,1822,25,no,no,no,0,0,0,no,no,0.000000,0.000000,0.000,1.091,1.965,0.026,3.471
201,1403715283.312143,4.500000,OK,OK,MM,no,284,425,0,425,66,359,0.1553,PoseOpt,yes,yes,25,1820,1820,25,yes,no,no,0,0,0,no,no,0.000000,0.000000,0.000,1.106,1.937,0.022,3.453
202,1403715283.362143,4.550000,OK,OK,MM,no,273,444,0,444,59,385,0.1329,PoseOpt,no,no,26,1858,1858,26,no,no,no,0,0,0,no,no,0.000000,0.000000,0.000,1.065,2.063,0.026,3.543
203,1403715283.412143,4.600000,OK,OK,MM,no,296,408,0,408,49,359,0.1201,PoseOpt,yes,yes,26,1858,1858,26,yes,no,no,0,0,0,no,no,0.000000,0.000000,0.000,1.175,1.983,0.021,3.584
204,1403715283.462143,4.650000,OK,OK,MM,no,267,432,0,432,52,380,0.1204,PoseOpt,no,no,27,1877,1877,27,no,no,no,0,0,0,no,no,0.000000,0.000000,0.000,1.080,2.142,0.021,3.634
205,1403715283.512143,4.700000,OK,OK,MM,no,298,422,0,422,63,359,0.1493,PoseOpt,yes,yes,26,1860,1860,26,yes,no,no,0,0,0,no,no,0.000000,0.000000,0.000,1.136,1.974,0.019,3.545
206,1403715283.562143,4.750000,OK,OK,MM,no,279,452,0,452,53,399,0.1173,PoseOpt,no,no,27,1877,1877,27,no,no,no,0,0,0,no,no,0.000000,0.000000,0.000,1.090,2.437,0.042,4.144
207,1403715283.612143,4.800000,OK,OK,MM,no,311,419,0,419,51,368,0.1217,PoseOpt,yes,yes,26,1855,1855,26,yes,no,no,0,0,0,no,no,0.000000,0.000000,0.000,1.140,1.977,0.021,3.544
208,1403715283.662143,4.850000,OK,OK,MM,no,315,451,0,451,55,396,0.1220,PoseOpt,no,no,27,1886,1886,27,no,no,no,0,0,0,no,no,0.000000,0.000000,0.000,1.105,2.112,0.022,3.633
209,1403715283.712143,4.900000,OK,OK,MM,no,310,420,0,420,49,371,0.1167,PoseOpt,yes,yes,27,1886,1886,27,yes,no,no,0,0,0,no,no,0.000000,0.000000,0.000,1.105,2.243,0.027,3.880
210,1403715283.762143,4.950000,OK,OK,MM,no,315,448,0,448,58,390,0.1295,PoseOpt,no,no,28,1908,1908,28,no,no,no,0,0,0,no,no,0.000000,0.000000,0.000,1.139,2.157,0.022,3.719
211,1403715283.812143,5.000000,OK,OK,MM,no,326,444,0,444,42,402,0.0946,PoseOpt,yes,yes,26,1867,1867,26,yes,no,no,0,0,0,no,no,0.000000,0.000000,0.000,1.177,1.989,0.019,3.599
212,1403715283.862143,5.050000,OK,OK,MM,no,332,466,0,466,51,415,0.1094,PoseOpt,no,no,27,1896,1896,27,no,no,no,0,0,0,no,no,0.000000,0.000000,0.000,1.207,2.068,0.022,3.680
213,1403715283.912143,5.100000,OK,OK,MM,no,359,468,0,468,45,423,0.0962,PoseOpt,yes,yes,27,1895,1895,27,yes,no,no,0,0,0,no,no,0.000000,0.000000,0.000,1.313,2.063,0.021,3.809
214,1403715283.962143,5.150000,OK,OK,MM,no,361,510,0,510,41,469,0.0804,PoseOpt,no,no,28,1954,1954,28,no,no,no,0,0,0,no,no,0.000000,0.000000,0.000,1.275,2.280,0.023,3.983
215,1403715284.012143,5.200000,OK,OK,MM,no,396,504,0,504,54,450,0.1071,PoseOpt,yes,yes,28,1953,1953,28,yes,no,no,0,0,0,no,no,0.000000,0.000000,0.000,1.485,2.085,0.024,4.034
216,1403715284.062143,5.250000,OK,OK,MM,no,354,502,0,502,50,452,0.0996,PoseOpt,no,no,29,1996,1996,29,no,no,no,0,0,0,no,no,0.000000,0.000000,0.000,1.260,2.325,0.027,4.038
217,1403715284.112143,5.300000,OK,OK,MM,no,369,496,0,496,59,437,0.1190,PoseOpt,yes,yes,29,1996,1996,29,yes,no,no,0,0,0,no,no,0.000000,0.000000,0.000,1.296,2.220,0.024,3.978
218,1403715284.162143,5.350000,OK,OK,MM,no,346,531,0,531,56,475,0.1055,PoseOpt,no,no,30,2039,2039,30,no,no,no,0,0,0,no,no,0.000000,0.000000,0.000,1.300,2.455,0.028,4.229
219,1403715284.212143,5.400000,OK,OK,MM,no,364,490,0,490,55,435,0.1122,PoseOpt,yes,yes,29,2017,2017,29,yes,no,no,0,0,0,no,no,0.000000,0.000000,0.000,1.312,2.292,0.023,4.063
220,1403715284.262143,5.450000,OK,OK,MM,no,353,515,0,515,61,454,0.1184,PoseOpt,no,no,30,2018,2018,30,no,no,no,0,0,0,no,no,0.000000,0.000000,0.000,1.269,2.353,0.025,4.068
221,1403715284.312143,5.500000,OK,OK,MM,no,369,482,0,482,53,429,0.1100,PoseOpt,yes,yes,29,1993,1993,29,yes,no,no,0,0,0,no,no,0.000000,0.000000,0.000,1.327,2.119,0.022,3.916
222,1403715284.362143,5.550000,OK,OK,MM,no,358,515,0,515,53,462,0.1029,PoseOpt,no,no,30,2030,2030,30,no,no,no,0,0,0,no,no,0.000000,0.000000,0.000,1.351,2.487,0.026,4.306
223,1403715284.412143,5.600000,OK,OK,MM,no,383,516,0,516,44,472,0.0853,PoseOpt,no,no,29,2011,2011,29,yes,no,no,0,0,0,no,no,0.000000,0.000000,0.000,1.467,2.269,0.023,4.161
224,1403715284.462143,5.650000,OK,OK,MM,no,392,513,0,513,42,471,0.0819,PoseOpt,no,no,29,2011,2011,29,no,no,no,0,0,0,no,no,0.000000,0.000000,0.000,1.403,2.436,0.022,4.276
225,1403715284.512143,5.700000,OK,OK,MM,no,390,503,0,503,51,452,0.1014,PoseOpt,yes,yes,29,2011,2011,29,no,no,no,0,0,0,no,no,0.000000,0.000000,0.000,1.410,2.321,0.023,4.206
226,1403715284.562143,5.750000,OK,OK,MM,no,372,528,0,528,56,472,0.1061,PoseOpt,no,no,30,2028,2028,30,no,no,no,0,0,0,no,no,0.000000,0.000000,0.000,1.325,2.379,0.025,4.146
227,1403715284.612143,5.800000,OK,OK,MM,no,370,519,0,519,62,457,0.1195,PoseOpt,yes,yes,30,2028,2028,30,yes,no,no,0,0,0,no,no,0.000000,0.000000,0.000,1.402,2.309,0.023,4.175
228,1403715284.662143,5.850000,OK,OK,MM,no,363,537,0,537,56,481,0.1043,PoseOpt,no,no,31,2077,2077,31,no,no,no,0,0,0,no,no,0.000000,0.000000,0.000,1.361,2.344,0.024,4.146
229,1403715284.712143,5.900000,OK,OK,MM,no,383,501,0,501,54,447,0.1078,PoseOpt,yes,yes,30,2057,2057,30,yes,no,no,0,0,0,no,no,0.000000,0.000000,0.000,1.384,2.243,0.024,4.087
230,1403715284.762143,5.950000,OK,OK,MM,no,356,532,0,532,55,477,0.1034,PoseOpt,no,no,31,2077,2077,31,no,no,no,0,0,0,no,no,0.000000,0.000000,0.000,1.313,2.476,0.028,4.261
231,1403715284.812143,6.000000,OK,OK,MM,no,389,511,0,511,50,461,0.0978,PoseOpt,yes,yes,31,2075,2075,31,yes,no,no,0,0,0,no,no,0.000000,0.000000,0.000,1.331,2.142,0.022,3.951
232,1403715284.862143,6.050000,OK,OK,MM,no,359,541,0,541,63,478,0.1165,PoseOpt,no,no,32,2082,2082,32,no,no,no,0,0,0,no,no,0.000000,0.000000,0.000,1.353,2.534,0.026,4.368
233,1403715284.912143,6.100000,OK,OK,MM,no,384,531,0,531,55,476,0.1036,PoseOpt,no,no,31,2053,2053,31,yes,no,no,0,0,0,no,no,0.000000,0.000000,0.000,1.469,2.601,0.023,4.517
234,1403715284.962143,6.150000,OK,OK,MM,no,377,511,0,511,60,451,0.1174,PoseOpt,yes,yes,31,2053,2053,31,no,no,no,0,0,0,no,no,0.000000,0.000000,0.000,1.500,2.307,0.022,4.298
235,1403715285.012143,6.200000,OK,OK,MM,no,328,514,0,514,66,448,0.1284,PoseOpt,no,no,32,2085,2085,32,no,no,no,0,0,0,no,no,0.000000,0.000000,0.000,1.379,2.446,0.030,4.339
236,1403715285.062143,6.250000,OK,OK,MM,no,344,493,0,493,59,434,0.1197,PoseOpt,yes,yes,31,2071,2071,31,yes,no,no,0,0,0,no,no,0.000000,0.000000,0.000,1.263,2.343,0.023,4.082
237,1403715285.112143,6.300000,OK,OK,MM,no,358,493,0,493,47,446,0.0953,PoseOpt,no,no,32,2115,2115,32,no,no,no,0,0,0,no,no,0.000000,0.000000,0.000,1.479,2.351,0.025,4.271
238,1403715285.162143,6.350000,OK,OK,MM,no,358,505,0,505,65,440,0.1287,PoseOpt,yes,yes,32,2115,2115,32,yes,no,no,0,0,0,no,no,0.000000,0.000000,0.000,1.363,2.255,0.025,4.126
239,1403715285.212143,6.400000,OK,OK,MM,no,347,507,0,507,53,454,0.1045,PoseOpt,no,no,33,2107,2107,33,no,no,no,0,0,0,no,no,0.000000,0.000000,0.000,1.675,3.014,0.032,5.274
240,1403715285.262143,6.450000,OK,OK,MM,no,356,487,0,487,46,441,0.0945,PoseOpt,yes,yes,32,2091,2091,32,yes,no,no,0,0,0,no,no,0.000000,0.000000,0.000,1.274,2.213,0.022,4.035
241,1403715285.312143,6.500000,OK,OK,MM,no,330,474,0,474,41,433,0.0865,PoseOpt,no,no,33,2106,2106,33,no,no,no,0,0,0,no,no,0.000000,0.000000,0.000,1.291,2.437,0.023,4.185
242,1403715285.362143,6.550000,OK,OK,MM,no,353,488,0,488,51,437,0.1045,PoseOpt,yes,yes,32,2090,2090,32,yes,no,no,0,0,0,no,no,0.000000,0.000000,0.000,1.230,2.254,0.023,3.935
243,1403715285.412143,6.600000,OK,OK,MM,no,358,505,0,505,53,452,0.1050,PoseOpt,no,no,33,2095,2095,33,no,no,no,0,0,0,no,no,0.000000,0.000000,0.000,1.361,2.486,0.025,4.310
244,1403715285.462143,6.650000,OK,OK,MM,no,365,485,0,485,45,440,0.0928,PoseOpt,no,no,31,2045,2045,31,yes,no,no,0,0,0,no,no,0.000000,0.000000,0.000,1.302,2.232,0.022,3.957
245,1403715285.512143,6.700000,OK,OK,MM,no,364,487,0,487,53,434,0.1088,PoseOpt,no,no,31,2045,2045,31,no,no,no,0,0,0,no,no,0.000000,0.000000,0.000,1.333,2.263,0.027,4.049
246,1403715285.562143,6.750000,OK,OK,MM,no,360,458,0,458,42,416,0.0917,PoseOpt,yes,yes,31,2045,2045,31,no,no,no,0,0,0,no,no,0.000000,0.000000,0.000,1.304,2.288,0.022,4.048
247,1403715285.612143,6.800000,OK,OK,MM,no,357,502,0,502,38,464,0.0757,PoseOpt,no,no,32,2104,2104,32,no,no,no,0,0,0,no,no,0.000000,0.000000,0.000,1.304,2.395,0.037,4.255
248,1403715285.662143,6.850000,OK,OK,MM,no,368,480,0,480,43,437,0.0896,PoseOpt,yes,yes,31,2086,2086,31,yes,no,no,0,0,0,no,no,0.000000,0.000000,0.000,1.322,2.102,0.023,3.880
249,1403715285.712143,6.900000,OK,OK,MM,no,346,503,0,503,58,445,0.1153,PoseOpt,no,no,32,2145,2145,32,no,no,no,0,0,0,no,no,0.000000,0.000000,0.000,1.291,2.428,0.026,4.192
250,1403715285.762143,6.950000,OK,OK,MM,no,362,498,0,498,44,454,0.0884,PoseOpt,yes,yes,32,2144,2144,32,yes,no,no,0,0,0,no,no,0.000000,0.000000,0.000,1.242,2.190,0.023,3.888
251,1403715285.812143,7.000000,OK,OK,MM,no,358,519,0,519,52,467,0.1002,PoseOpt,no,no,33,2151,2151,33,no,no,no,0,0,0,no,no,0.000000,0.000000,0.000,1.318,2.534,0.031,4.374
252,1403715285.862143,7.050000,OK,OK,MM,no,370,496,0,496,52,444,0.1048,PoseOpt,no,no,32,2126,2150,33,yes,no,no,0,0,0,no,no,0.000000,0.000000,0.000,1.426,2.497,0.024,4.558
253,1403715285.912143,7.100000,OK,OK,MM,no,355,475,0,475,45,430,0.0947,PoseOpt,yes,yes,32,2126,2126,32,no,no,no,0,0,0,no,no,0.000000,0.000000,0.000,1.330,2.280,0.024,4.186
254,1403715285.962143,7.150000,OK,OK,MM,no,350,480,0,480,53,427,0.1104,PoseOpt,no,no,33,2163,2163,33,no,no,no,0,0,0,no,no,0.000000,0.000000,0.000,1.266,2.372,0.033,4.115
255,1403715286.012143,7.200000,OK,OK,MM,no,348,487,0,487,40,447,0.0821,PoseOpt,yes,yes,32,2143,2143,32,yes,no,no,0,0,0,no,no,0.000000,0.000000,0.000,1.203,2.305,0.022,4.008
256,1403715286.062143,7.250000,OK,OK,MM,no,355,497,0,497,44,453,0.0885,PoseOpt,no,no,33,2153,2153,33,no,no,no,0,0,0,no,no,0.000000,0.000000,0.000,1.278,2.210,0.027,4.009
257,1403715286.112143,7.300000,OK,OK,MM,no,364,496,0,496,41,455,0.0827,PoseOpt,yes,yes,33,2153,2153,33,yes,no,no,0,0,0,no,no,0.000000,0.000000,0.000,1.263,2.054,0.022,3.782
258,1403715286.162143,7.350000,OK,OK,MM,no,354,506,0,506,51,455,0.1008,PoseOpt,no,no,34,2173,2173,34,no,no,no,0,0,0,no,no,0.000000,0.000000,0.000,1.303,2.303,0.028,4.083
259,1403715286.212143,7.400000,OK,OK,MM,no,383,515,0,515,55,460,0.1068,PoseOpt,no,no,34,2171,2171,34,yes,no,no,0,0,0,no,no,0.000000,0.000000,0.000,1.465,2.457,0.023,4.390
260,1403715286.262143,7.450000,OK,OK,MM,no,372,469,0,469,39,430,0.0832,PoseOpt,yes,yes,33,2149,2149,33,no,no,no,0,0,0,no,no,0.000000,0.000000,0.000,1.373,2.208,0.023,4.032
261,1403715286.312143,7.500000,OK,OK,MM,no,316,484,0,484,44,440,0.0909,PoseOpt,no,no,34,2199,2199,34,no,no,no,0,0,0,no,no,0.000000,0.000000,0.000,1.266,2.283,0.025,4.002
262,1403715286.362143,7.550000,OK,OK,MM,no,337,478,0,478,42,436,0.0879,PoseOpt,yes,yes,33,2177,2177,33,yes,no,no,0,0,0,no,no,0.000000,0.000000,0.000,1.286,2.090,0.025,3.856
263,1403715286.412143,7.600000,OK,OK,MM,no,350,490,0,490,35,455,0.0714,PoseOpt,no,no,34,2206,2206,34,no,no,no,0,0,0,no,no,0.000000,0.000000,0.000,1.341,2.250,0.027,4.052
264,1403715286.462143,7.650000,OK,OK,MM,no,375,477,0,477,35,442,0.0734,PoseOpt,yes,yes,34,2205,2205,34,yes,no,no,0,0,0,no,no,0.000000,0.000000,0.000,1.320,2.083,0.022,3.863
265,1403715286.512143,7.700000,OK,OK,MM,no,354,497,0,497,41,456,0.0825,PoseOpt,no,no,35,2228,2228,35,no,no,no,0,0,0,no,no,0.000000,0.000000,0.000,1.484,2.284,0.024,4.198
266,1403715286.562143,7.750000,OK,OK,MM,no,356,469,0,469,38,431,0.0810,PoseOpt,yes,yes,35,2227,2227,35,yes,no,no,0,0,0,no,no,0.000000,0.000000,0.000,1.309,2.207,0.022,4.145
267,1403715286.612143,7.800000,OK,OK,MM,no,347,482,0,482,52,430,0.1079,PoseOpt,no,no,36,2236,2236,36,no,no,no,0,0,0,no,no,0.000000,0.000000,0.000,1.348,2.930,0.026,4.759
268,1403715286.662143,7.850000,OK,OK,MM,no,339,449,0,449,36,413,0.0802,PoseOpt,no,no,35,2213,2213,35,yes,no,no,0,0,0,no,no,0.000000,0.000000,0.000,1.276,1.962,0.020,3.662
269,1403715286.712143,7.900000,OK,OK,MM,no,320,425,0,425,52,373,0.1224,PoseOpt,yes,yes,35,2213,2213,35,no,no,no,0,0,0,no,no,0.000000,0.000000,0.000,1.211,2.122,0.020,3.794
270,1403715286.762143,7.950000,OK,OK,MM,no,301,459,0,459,39,420,0.0850,PoseOpt,no,no,36,2248,2248,36,no,no,no,0,0,0,no,no,0.000000,0.000000,0.000,1.166,2.165,0.025,3.769
271,1403715286.812143,8.000000,OK,OK,MM,no,334,417,0,417,45,372,0.1079,PoseOpt,yes,yes,35,2229,2229,35,yes,no,no,0,0,0,no,no,0.000000,0.000000,0.000,1.284,1.788,0.020,3.504
272,1403715286.862143,8.050000,OK,OK,MM,no,305,449,0,449,38,411,0.0846,PoseOpt,no,no,36,2275,2275,36,no,no,no,0,0,0,no,no,0.000000,0.000000,0.000,1.139,2.095,0.022,3.629
273,1403715286.912143,8.100000,OK,OK,MM,no,325,424,0,424,34,390,0.0802,PoseOpt,yes,yes,35,2248,2248,35,yes,no,no,0,0,0,no,no,0.000000,0.000000,0.000,1.240,1.948,0.020,3.616
274,1403715286.962143,8.150000,OK,OK,MM,no,341,471,0,471,33,438,0.0701,PoseOpt,no,no,36,2277,2277,36,no,no,no,0,0,0,no,no,0.000000,0.000000,0.000,1.243,2.110,0.022,3.763
275,1403715287.012143,8.200000,OK,OK,MM,no,353,432,0,432,25,407,0.0579,PoseOpt,yes,yes,35,2259,2228,27,yes,no,no,0,0,0,no,no,0.000000,0.000000,0.000,1.407,1.902,0.021,3.750
276,1403715287.062143,8.250000,OK,OK,MM,no,333,445,0,445,32,413,0.0719,PoseOpt,no,no,36,2278,2278,36,no,no,no,0,0,0,no,no,0.000000,0.000000,0.000,1.255,2.000,0.022,3.644
277,1403715287.112143,8.300000,OK,OK,MM,no,333,422,0,422,39,383,0.0924,PoseOpt,yes,yes,36,2276,2276,33,yes,no,no,0,0,0,no,no,0.000000,0.000000,0.000,1.326,1.942,0.022,3.681
278,1403715287.162143,8.350000,OK,OK,MM,no,320,436,0,436,34,402,0.0780,PoseOpt,no,no,37,2300,2300,34,no,no,no,0,0,0,no,no,0.000000,0.000000,0.000,1.253,2.000,0.022,3.641
279,1403715287.212143,8.400000,OK,OK,MM,no,338,418,0,418,36,382,0.0861,PoseOpt,yes,yes,36,2276,2276,33,yes,no,no,0,0,0,no,no,0.000000,0.000000,0.000,1.261,1.904,0.021,3.575
280,1403715287.262143,8.450000,OK,OK,MM,no,317,430,0,430,27,403,0.0628,PoseOpt,no,no,37,2298,2298,34,no,no,no,0,0,0,no,no,0.000000,0.000000,0.000,1.189,2.069,0.022,3.633
281,1403715287.312143,8.500000,OK,OK,MM,no,342,405,0,405,24,381,0.0593,PoseOpt,yes,yes,37,2297,2266,29,yes,no,no,0,0,0,no,no,0.000000,0.000000,0.000,1.228,1.864,0.021,3.490
282,1403715287.362143,8.550000,OK,OK,MM,no,318,433,0,433,20,413,0.0462,PoseOpt,no,no,38,2320,2289,30,no,no,no,0,0,0,no,no,0.000000,0.000000,0.000,1.318,1.978,0.022,3.686
283,1403715287.412143,8.600000,OK,OK,MM,no,359,425,0,425,25,400,0.0588,PoseOpt,no,no,37,2302,2271,29,yes,no,no,0,0,0,no,no,0.000000,0.000000,0.000,1.297,1.773,0.019,3.432
284,1403715287.462143,8.650000,OK,OK,MM,no,327,404,0,404,27,377,0.0668,PoseOpt,yes,yes,37,2302,2271,29,no,no,no,0,0,0,no,no,0.000000,0.000000,0.000,1.299,1.976,0.020,3.690
285,1403715287.512143,8.700000,OK,OK,MM,no,308,443,0,443,31,412,0.0700,PoseOpt,no,no,38,2351,2320,30,no,no,no,0,0,0,no,no,0.000000,0.000000,0.000,1.205,2.142,0.023,3.753
286,1403715287.562143,8.750000,OK,OK,MM,no,364,431,0,431,32,399,0.0742,PoseOpt,yes,yes,38,2349,2318,30,yes,no,no,0,0,0,no,no,0.000000,0.000000,0.000,1.453,1.913,0.022,3.759
287,1403715287.612143,8.800000,OK,OK,MM,no,344,457,0,457,35,422,0.0766,PoseOpt,no,no,39,2391,2360,31,no,no,no,0,0,0,no,no,0.000000,0.000000,0.000,1.279,2.030,0.022,3.692
288,1403715287.662143,8.850000,OK,OK,MM,no,370,433,0,433,27,406,0.0624,PoseOpt,yes,yes,38,2367,2336,30,yes,no,no,0,0,0,no,no,0.000000,0.000000,0.000,1.379,1.874,0.020,3.656
289,1403715287.712143,8.900000,OK,OK,MM,no,343,463,0,463,31,432,0.0670,PoseOpt,no,no,39,2417,2386,31,no,no,no,0,0,0,no,no,0.000000,0.000000,0.000,1.299,2.297,0.027,4.081
290,1403715287.762143,8.950000,OK,OK,MM,no,354,425,0,425,31,394,0.0729,PoseOpt,yes,yes,39,2416,2385,31,yes,no,no,0,0,0,no,no,0.000000,0.000000,0.000,1.295,1.980,0.022,3.685
291,1403715287.812143,9.000000,OK,OK,MM,no,315,437,0,437,27,410,0.0618,PoseOpt,no,no,40,2447,2416,32,no,no,no,0,0,0,no,no,0.000000,0.000000,0.000,1.252,2.117,0.022,3.771
292,1403715287.862143,9.050000,OK,OK,MM,no,337,431,0,431,36,395,0.0835,PoseOpt,yes,yes,39,2429,2398,31,yes,no,no,0,0,0,no,no,0.000000,0.000000,0.000,1.257,1.930,0.021,3.609
293,1403715287.912143,9.100000,OK,OK,MM,no,325,431,0,431,37,394,0.0858,PoseOpt,no,no,40,2453,2422,32,no,no,no,0,0,0,no,no,0.000000,0.000000,0.000,1.198,1.935,0.023,3.523
294,1403715287.962143,9.150000,OK,OK,MM,no,305,398,0,398,33,365,0.0829,PoseOpt,yes,yes,40,2450,2419,32,yes,no,no,0,0,0,no,no,0.000000,0.000000,0.000,1.145,1.950,0.021,3.491
295,1403715288.012143,9.200000,OK,OK,MM,no,290,406,0,406,35,371,0.0862,PoseOpt,no,no,41,2477,2009,30,no,no,no,0,0,0,no,no,0.000000,0.000000,0.000,1.063,1.809,0.021,3.261
296,1403715288.062143,9.250000,OK,OK,MM,no,287,385,0,385,32,353,0.0831,PoseOpt,yes,yes,40,2457,1989,29,yes,no,no,0,0,0,no,no,0.000000,0.000000,0.000,1.022,1.658,0.020,3.062
297,1403715288.112143,9.300000,OK,OK,MM,no,286,401,0,401,25,376,0.0623,PoseOpt,no,no,41,2497,2466,33,no,no,no,0,0,0,no,no,0.000000,0.000000,0.000,1.055,2.017,0.031,3.665
298,1403715288.162143,9.350000,OK,OK,MM,no,299,380,0,380,23,357,0.0605,PoseOpt,yes,yes,40,2474,2006,29,yes,no,no,0,0,0,no,no,0.000000,0.000000,0.000,1.271,1.793,0.019,3.463
299,1403715288.212143,9.400000,OK,OK,MM,no,291,380,0,380,30,350,0.0789,PoseOpt,no,no,41,2488,2020,30,no,no,no,0,0,0,no,no,0.000000,0.000000,0.000,1.120,1.794,0.020,3.333
300,1403715288.262143,9.450000,OK,OK,MM,no,286,384,0,384,33,351,0.0859,PoseOpt,yes,yes,41,2488,2020,30,yes,no,no,0,0,0,no,no,0.000000,0.000000,0.000,1.050,1.931,0.018,3.379
301,1403715288.312143,9.500000,OK,OK,MM,no,292,391,0,391,30,361,0.0767,PoseOpt,no,no,42,2511,2043,31,no,no,no,0,0,0,no,no,0.000000,0.000000,0.000,1.089,1.844,0.022,3.388
302,1403715288.362143,9.550000,OK,OK,MM,no,317,402,0,402,24,378,0.0597,PoseOpt,no,no,42,2511,2480,34,yes,no,no,0,0,0,no,no,0.000000,0.000000,0.000,1.118,1.869,0.018,3.367
303,1403715288.412143,9.600000,OK,OK,MM,no,304,389,0,389,25,364,0.0643,PoseOpt,no,no,42,2511,2480,34,no,no,no,0,0,0,no,no,0.000000,0.000000,0.000,1.080,1.862,0.017,3.271
304,1403715288.462143,9.650000,OK,OK,MM,no,307,392,0,392,25,367,0.0638,PoseOpt,no,no,42,2511,2480,34,no,no,no,0,0,0,no,no,0.000000,0.000000,0.000,1.076,1.850,0.017,3.272
305,1403715288.512143,9.700000,OK,OK,MM,no,301,355,0,355,21,334,0.0592,PoseOpt,yes,yes,42,2511,2480,34,no,no,no,0,0,0,no,no,0.000000,0.000000,0.000,1.069,1.759,0.019,3.269
306,1403715288.562143,9.750000,OK,OK,MM,no,297,397,0,397,33,364,0.0831,PoseOpt,no,no,43,2526,2495,35,no,no,no,0,0,0,no,no,0.000000,0.000000,0.000,1.062,1.971,0.020,3.506
307,1403715288.612143,9.800000,OK,OK,MM,no,318,396,0,396,34,362,0.0859,PoseOpt,no,no,42,2510,2479,34,yes,no,no,0,0,0,no,no,0.000000,0.000000,0.000,1.107,1.891,0.018,3.444
308,1403715288.662143,9.850000,OK,OK,MM,no,307,383,0,383,30,353,0.0783,PoseOpt,no,no,42,2510,2479,34,no,no,no,0,0,0,no,no,0.000000,0.000000,0.000,1.178,1.801,0.018,3.364
309,1403715288.712143,9.900000,OK,OK,MM,no,300,384,0,384,31,353,0.0807,PoseOpt,no,no,42,2510,2479,34,no,no,no,0,0,0,no,no,0.000000,0.000000,0.000,1.097,1.903,0.017,3.341
310,1403715288.762143,9.950000,OK,OK,MM,no,312,382,0,382,28,354,0.0733,PoseOpt,no,no,42,2510,2479,34,no,no,no,0,0,0,no,no,0.000000,0.000000,0.000,1.221,1.931,0.018,3.507
311,1403715288.812143,10.000000,OK,OK,MM,no,314,381,0,381,29,352,0.0761,PoseOpt,no,no,42,2510,2479,34,no,no,no,0,0,0,no,no,0.000000,0.000000,0.000,1.070,1.782,0.017,3.185
312,1403715288.862143,10.050000,OK,OK,MM,no,300,379,0,379,34,345,0.0897,PoseOpt,yes,yes,42,2510,2479,34,no,no,no,0,0,0,no,no,0.000000,0.000000,0.000,1.032,1.669,0.018,3.070
313,1403715288.912143,10.100000,OK,OK,MM,no,285,407,0,407,28,379,0.0688,PoseOpt,no,no,43,2560,2529,35,no,no,no,0,0,0,no,no,0.000000,0.000000,0.000,1.061,2.121,0.022,3.607
314,1403715288.962143,10.150000,OK,OK,MM,no,313,383,0,383,27,356,0.0705,PoseOpt,yes,yes,43,2560,2092,32,yes,no,no,0,0,0,no,no,0.000000,0.000000,0.000,1.124,1.889,0.019,3.428
315,1403715289.012143,10.200000,OK,OK,MM,no,302,421,0,421,25,396,0.0594,PoseOpt,no,no,44,2604,2136,33,no,no,no,0,0,0,no,no,0.000000,0.000000,0.000,1.244,1.929,0.022,3.658
316,1403715289.062143,10.250000,OK,OK,MM,no,329,425,0,425,24,401,0.0565,PoseOpt,yes,yes,43,2583,2552,35,yes,no,no,0,0,0,no,no,0.000000,0.000000,0.000,1.130,1.916,0.018,3.463
317,1403715289.112143,10.300000,OK,OK,MM,no,325,425,0,425,30,395,0.0706,PoseOpt,no,no,44,2616,2585,36,no,no,no,0,0,0,no,no,0.000000,0.000000,0.000,1.142,2.249,0.025,3.875
318,1403715289.162143,10.350000,OK,OK,MM,no,313,400,0,400,36,364,0.0900,PoseOpt,yes,yes,43,2601,2570,35,yes,no,no,0,0,0,no,no,0.000000,0.000000,0.000,1.137,1.899,0.020,3.440
319,1403715289.212143,10.400000,OK,OK,MM,no,281,425,0,425,26,399,0.0612,PoseOpt,no,no,44,2645,2177,33,no,no,no,0,0,0,no,no,0.000000,0.000000,0.000,1.036,1.957,0.024,3.420
320,1403715289.262143,10.450000,OK,OK,MM,no,319,403,0,403,28,375,0.0695,PoseOpt,yes,yes,43,2625,2594,35,yes,no,no,0,0,0,no,no,0.000000,0.000000,0.000,1.108,1.806,0.020,3.339
321,1403715289.312143,10.500000,OK,OK,MM,no,305,420,0,420,28,392,0.0667,PoseOpt,no,no,44,2654,2186,33,no,no,no,0,0,0,no,no,0.000000,0.000000,0.000,1.155,1.963,0.023,3.521
322,1403715289.362143,10.550000,OK,OK,MM,no,308,404,0,404,22,382,0.0545,PoseOpt,yes,yes,44,2654,2186,33,yes,no,no,0,0,0,no,no,0.000000,0.000000,0.000,1.148,1.836,0.021,3.389
323,1403715289.412143,10.600000,OK,OK,MM,no,300,426,0,426,27,399,0.0634,PoseOpt,no,no,45,2665,2197,34,no,no,no,0,0,0,no,no,0.000000,0.000000,0.000,1.116,2.119,0.024,3.661
324,1403715289.462143,10.650000,OK,OK,MM,no,319,427,0,427,27,400,0.0632,PoseOpt,no,no,45,2665,2197,34,yes,no,no,0,0,0,no,no,0.000000,0.000000,0.000,1.126,1.956,0.020,3.476
325,1403715289.512143,10.700000,OK,OK,MM,no,306,406,0,406,16,390,0.0394,PoseOpt,yes,yes,45,2665,2197,34,no,no,no,0,0,0,no,no,0.000000,0.000000,0.000,1.121,1.963,0.019,3.564
326,1403715289.562143,10.750000,OK,OK,MM,no,310,449,0,449,24,425,0.0535,PoseOpt,no,no,46,2738,2270,35,no,no,no,0,0,0,no,no,0.000000,0.000000,0.000,1.100,2.143,0.026,3.798
327,1403715289.612143,10.800000,OK,OK,MM,no,345,451,0,451,22,429,0.0488,PoseOpt,yes,yes,45,2717,2249,34,yes,no,no,0,0,0,no,no,0.000000,0.000000,0.000,1.174,2.233,0.021,3.871
328,1403715289.662143,10.850000,OK,OK,MM,no,351,478,0,478,26,452,0.0544,PoseOpt,no,no,46,2767,2234,34,no,no,no,0,0,0,no,no,0.000000,0.000000,0.000,1.227,2.235,0.024,3.880
329,1403715289.712143,10.900000,OK,OK,MM,no,357,452,0,452,31,421,0.0686,PoseOpt,yes,yes,45,2751,2218,33,yes,no,no,0,0,0,no,no,0.000000,0.000000,0.000,1.314,1.825,0.021,3.566
330,1403715289.762143,10.950000,OK,OK,MM,no,348,496,0,496,32,464,0.0645,PoseOpt,no,no,46,2801,2268,34,no,no,no,0,0,0,no,no,0.000000,0.000000,0.000,1.216,2.244,0.027,3.920
331,1403715289.812143,11.000000,OK,OK,MM,no,394,486,0,486,32,454,0.0658,PoseOpt,no,no,46,2800,2332,35,yes,no,no,0,0,0,no,no,0.000000,0.000000,0.000,1.263,1.966,0.021,3.633
332,1403715289.862143,11.050000,OK,OK,MM,no,377,471,0,471,24,447,0.0510,PoseOpt,yes,yes,46,2800,2267,34,no,no,no,0,0,0,no,no,0.000000,0.000000,0.000,1.295,2.115,0.024,3.859
333,1403715289.912143,11.100000,OK,OK,MM,no,378,525,0,525,21,504,0.0400,PoseOpt,no,no,47,2840,2307,35,no,no,no,0,0,0,no,no,0.000000,0.000000,0.000,1.338,2.369,0.024,4.154
334,1403715289.962143,11.150000,OK,OK,MM,no,432,502,0,502,30,472,0.0598,PoseOpt,no,no,47,2840,2372,36,yes,no,no,0,0,0,no,no,0.000000,0.000000,0.000,1.473,2.160,0.022,4.057
335,1403715290.012143,11.200000,OK,OK,MM,no,406,503,0,503,25,478,0.0497,PoseOpt,no,no,47,2840,2372,36,no,no,no,0,0,0,no,no,0.000000,0.000000,0.000,1.447,2.272,0.023,4.132
336,1403715290.062143,11.250000,OK,OK,MM,no,415,510,0,510,36,474,0.0706,PoseOpt,no,no,47,2840,2372,36,no,no,no,0,0,0,no,no,0.000000,0.000000,0.000,1.377,2.198,0.023,3.999
337,1403715290.112143,11.300000,OK,OK,MM,no,384,499,0,499,31,468,0.0621,PoseOpt,no,no,47,2840,2372,36,no,no,no,0,0,0,no,no,0.000000,0.000000,0.000,1.335,2.392,0.025,4.163
338,1403715290.162143,11.350000,OK,OK,MM,no,401,477,0,477,26,451,0.0545,PoseOpt,yes,yes,47,2840,2372,36,no,no,no,0,0,0,no,no,0.000000,0.000000,0.000,1.434,2.194,0.023,4.074
339,1403715290.212143,11.400000,OK,OK,MM,no,364,493,0,493,25,468,0.0507,PoseOpt,no,no,48,2840,2372,37,no,no,no,0,0,0,no,no,0.000000,0.000000,0.000,1.247,2.258,0.024,3.953
340,1403715290.262143,11.450000,OK,OK,MM,no,391,475,0,475,30,445,0.0632,PoseOpt,yes,yes,46,2797,2264,34,yes,no,no,0,0,0,no,no,0.000000,0.000000,0.000,1.270,1.992,0.022,3.736
341,1403715290.312143,11.500000,OK,OK,MM,no,383,498,0,498,32,466,0.0643,PoseOpt,no,no,47,2809,2276,35,no,no,no,0,0,0,no,no,0.000000,0.000000,0.000,1.304,2.274,0.024,4.004
342,1403715290.362143,11.550000,OK,OK,MM,no,397,470,0,470,19,451,0.0404,PoseOpt,yes,yes,46,2798,2265,34,yes,no,no,0,0,0,no,no,0.000000,0.000000,0.000,1.366,2.167,0.022,4.006
343,1403715290.412143,11.600000,OK,OK,MM,no,372,490,0,490,23,467,0.0469,PoseOpt,no,no,47,2850,2317,35,no,no,no,0,0,0,no,no,0.000000,0.000000,0.000,1.336,2.242,0.026,4.037
344,1403715290.462143,11.650000,OK,OK,MM,no,378,481,0,481,26,455,0.0541,PoseOpt,yes,yes,47,2849,2316,35,yes,no,no,0,0,0,no,no,0.000000,0.000000,0.000,1.291,1.996,0.022,3.730
345,1403715290.512143,11.700000,OK,OK,MM,no,391,497,0,497,22,475,0.0443,PoseOpt,no,no,48,2886,2353,36,no,no,no,0,0,0,no,no,0.000000,0.000000,0.000,1.448,2.326,0.024,4.233
346,1403715290.562143,11.750000,OK,OK,MM,no,391,459,0,459,17,442,0.0370,PoseOpt,yes,yes,48,2884,2416,37,yes,no,no,0,0,0,no,no,0.000000,0.000000,0.000,1.312,1.977,0.023,3.751
347,1403715290.612143,11.800000,OK,OK,MM,no,369,472,0,472,26,446,0.0551,PoseOpt,no,no,49,2902,2434,38,no,no,no,0,0,0,no,no,0.000000,0.000000,0.000,1.334,2.519,0.027,4.327
348,1403715290.662143,11.850000,OK,OK,MM,no,372,462,0,462,23,439,0.0498,PoseOpt,yes,yes,48,2873,2405,37,yes,no,no,0,0,0,no,no,0.000000,0.000000,0.000,1.228,2.071,0.022,3.745
349,1403715290.712143,11.900000,OK,OK,MM,no,368,466,0,466,19,447,0.0408,PoseOpt,no,no,49,2885,2352,37,no,no,no,0,0,0,no,no,0.000000,0.000000,0.000,1.324,2.197,0.027,3.990
350,1403715290.762143,11.950000,OK,OK,MM,no,375,460,0,460,21,439,0.0457,PoseOpt,yes,yes,48,2869,2336,36,yes,no,no,0,0,0,no,no,0.000000,0.000000,0.000,1.312,2.348,0.024,4.169
351,1403715290.812143,12.000000,OK,OK,MM,no,363,445,0,445,22,423,0.0494,PoseOpt,no,no,49,2895,2362,37,no,no,no,0,0,0,no,no,0.000000,0.000000,0.000,1.331,2.716,0.037,4.741
352,1403715290.862143,12.050000,OK,OK,MM,no,364,442,0,442,27,415,0.0611,PoseOpt,no,no,49,2895,2362,37,no,no,no,0,0,0,no,no,0.000000,0.000000,0.000,1.212,2.164,0.022,3.795
353,1403715290.912143,12.100000,OK,OK,MM,no,349,445,0,445,25,420,0.0562,PoseOpt,yes,yes,49,2894,2361,37,yes,no,no,0,0,0,no,no,0.000000,0.000000,0.000,1.231,2.012,0.022,3.670
354,1403715290.962143,12.150000,OK,OK,MM,no,367,456,0,456,31,425,0.0680,PoseOpt,no,no,50,2921,2388,38,no,no,no,0,0,0,no,no,0.000000,0.000000,0.000,1.246,2.227,0.024,3.919
355,1403715291.012143,12.200000,OK,OK,MM,no,360,435,0,435,17,418,0.0391,PoseOpt,no,no,49,2901,2368,37,yes,no,no,0,0,0,no,no,0.000000,0.000000,0.000,1.160,1.943,0.022,3.524
356,1403715291.062143,12.250000,OK,OK,MM,no,338,425,0,425,15,410,0.0353,PoseOpt,yes,yes,49,2901,2368,37,no,no,no,0,0,0,no,no,0.000000,0.000000,0.000,1.184,2.079,0.021,3.682
357,1403715291.112143,12.300000,OK,OK,MM,no,335,474,0,474,26,448,0.0549,PoseOpt,no,no,50,2948,2415,38,no,no,no,0,0,0,no,no,0.000000,0.000000,0.000,1.216,2.148,0.022,3.788
358,1403715291.162143,12.350000,OK,OK,MM,no,372,448,0,448,24,424,0.0536,PoseOpt,no,no,49,2928,2395,37,yes,no,no,0,0,0,no,no,0.000000,0.000000,0.000,1.218,1.828,0.021,3.479
359,1403715291.212143,12.400000,OK,OK,MM,no,364,434,0,434,23,411,0.0530,PoseOpt,yes,yes,49,2928,2395,37,no,no,no,0,0,0,no,no,0.000000,0.000000,0.000,1.261,2.157,0.025,3.913
360,1403715291.262143,12.450000,OK,OK,MM,no,350,444,0,444,25,419,0.0563,PoseOpt,no,no,50,2957,2424,38,no,no,no,0,0,0,no,no,0.000000,0.000000,0.000,1.258,2.555,0.022,4.235
361,1403715291.312143,12.500000,OK,OK,MM,no,346,443,0,443,27,416,0.0609,PoseOpt,no,no,49,2942,2409,37,yes,no,no,0,0,0,no,no,0.000000,0.000000,0.000,1.150,1.870,0.024,3.434
362,1403715291.362143,12.550000,OK,OK,MM,no,342,423,0,423,25,398,0.0591,PoseOpt,yes,yes,49,2942,2409,37,no,no,no,0,0,0,no,no,0.000000,0.000000,0.000,1.167,2.129,0.022,3.747
363,1403715291.412143,12.600000,OK,OK,MM,no,330,445,0,445,19,426,0.0427,PoseOpt,no,no,50,2971,2438,38,no,no,no,0,0,0,no,no,0.000000,0.000000,0.000,1.196,2.067,0.022,3.700
364,1403715291.462143,12.650000,OK,OK,MM,no,367,440,0,440,20,420,0.0455,PoseOpt,no,no,50,2970,2437,38,yes,no,no,0,0,0,no,no,0.000000,0.000000,0.000,1.165,1.797,0.021,3.355
365,1403715291.512143,12.700000,OK,OK,MM,no,350,426,0,426,20,406,0.0469,PoseOpt,yes,yes,50,2970,2437,38,no,no,no,0,0,0,no,no,0.000000,0.000000,0.000,1.190,2.082,0.021,3.697
366,1403715291.562143,12.750000,OK,OK,MM,no,348,435,0,435,17,418,0.0391,PoseOpt,no,no,51,2981,2448,39,no,no,no,0,0,0,no,no,0.000000,0.000000,0.000,1.187,2.358,0.023,3.974
367,1403715291.612143,12.800000,OK,OK,MM,no,358,425,0,425,33,392,0.0776,PoseOpt,yes,yes,50,2959,2418,37,yes,no,no,0,0,0,no,no,0.000000,0.000000,0.000,1.155,1.802,0.020,3.370
368,1403715291.662143,12.850000,OK,OK,MM,no,334,450,0,450,20,430,0.0444,PoseOpt,no,no,51,2991,2450,38,no,no,no,0,0,0,no,no,0.000000,0.000000,0.000,1.196,2.102,0.021,3.691
369,1403715291.712143,12.900000,OK,OK,MM,no,371,423,0,423,21,402,0.0496,PoseOpt,yes,yes,50,2972,2431,37,yes,no,no,0,0,0,no,no,0.000000,0.000000,0.000,1.184,1.789,0.021,3.387
370,1403715291.762143,12.950000,OK,OK,MM,no,325,437,0,437,23,414,0.0526,PoseOpt,no,no,51,2999,2458,38,no,no,no,0,0,0,no,no,0.000000,0.000000,0.000,1.135,2.335,0.022,3.886
371,1403715291.812143,13.000000,OK,OK,MM,no,344,422,0,422,21,401,0.0498,PoseOpt,yes,yes,51,2998,2457,38,yes,no,no,0,0,0,no,no,0.000000,0.000000,0.000,1.224,2.136,0.020,3.782
372,1403715291.862143,13.050000,OK,OK,MM,no,315,418,0,418,18,400,0.0431,PoseOpt,no,no,52,3031,2490,39,no,no,no,0,0,0,no,no,0.000000,0.000000,0.000,1.139,2.184,0.023,4.338
373,1403715291.912143,13.100000,OK,OK,MM,no,333,397,0,397,15,382,0.0378,PoseOpt,yes,yes,52,3030,2489,39,yes,no,no,0,0,0,no,no,0.000000,0.000000,0.000,1.076,1.958,0.029,3.632
374,1403715291.962143,13.150000,OK,OK,MM,no,324,429,0,429,18,411,0.0420,PoseOpt,no,no,53,3050,2509,40,no,no,no,0,0,0,no,no,0.000000,0.000000,0.000,1.206,2.064,0.023,3.709
375,1403715292.012143,13.200000,OK,OK,MM,no,345,403,0,403,13,390,0.0323,PoseOpt,yes,yes,52,3032,2491,39,yes,no,no,0,0,0,no,no,0.000000,0.000000,0.000,1.101,1.784,0.019,3.314
376,1403715292.062143,13.250000,OK,OK,MM,no,327,424,0,424,25,399,0.0590,PoseOpt,no,no,53,3046,2316,37,no,no,no,0,0,0,no,no,0.000000,0.000000,0.000,1.200,2.038,0.021,3.723
377,1403715292.112143,13.300000,OK,OK,MM,no,351,403,0,403,19,384,0.0471,PoseOpt,yes,yes,52,3031,2301,36,yes,no,no,0,0,0,no,no,0.000000,0.000000,0.000,1.257,1.828,0.019,3.515
378,1403715292.162143,13.350000,OK,OK,MM,no,325,435,0,435,20,415,0.0460,PoseOpt,no,no,53,3076,2346,37,no,no,no,0,0,0,no,no,0.000000,0.000000,0.000,1.215,2.052,0.025,3.711
379,1403715292.212143,13.400000,OK,OK,MM,no,365,444,0,444,20,424,0.0450,PoseOpt,no,no,52,3056,2465,38,yes,no,no,0,0,0,no,no,0.000000,0.000000,0.000,1.211,1.878,0.020,3.466
380,1403715292.262143,13.450000,OK,OK,MM,no,366,419,0,419,30,389,0.0716,PoseOpt,yes,yes,52,3056,2465,38,no,no,no,0,0,0,no,no,0.000000,0.000000,0.000,1.277,1.982,0.021,3.658
381,1403715292.312143,13.500000,OK,OK,MM,no,324,458,0,458,22,436,0.0480,PoseOpt,no,no,53,3119,2528,39,no,no,no,0,0,0,no,no,0.000000,0.000000,0.000,1.127,2.164,0.022,3.687
382,1403715292.362143,13.550000,OK,OK,MM,no,363,438,0,438,27,411,0.0616,PoseOpt,no,no,53,3118,2527,39,yes,no,no,0,0,0,no,no,0.000000,0.000000,0.000,1.183,1.852,0.021,3.428
383,1403715292.412143,13.600000,OK,OK,MM,no,350,436,0,436,35,401,0.0803,PoseOpt,yes,yes,53,3118,2527,39,no,no,no,0,0,0,no,no,0.000000,0.000000,0.000,1.232,2.065,0.021,3.715
384,1403715292.462143,13.650000,OK,OK,MM,no,336,440,0,440,38,402,0.0864,PoseOpt,no,no,54,3159,2568,40,no,no,no,0,0,0,no,no,0.000000,0.000000,0.000,1.115,2.166,0.024,3.677
385,1403715292.512143,13.700000,OK,OK,MM,no,337,455,0,455,34,421,0.0747,PoseOpt,no,no,52,3116,2525,38,yes,no,no,0,0,0,no,no,0.000000,0.000000,0.000,1.174,1.947,0.021,3.517
386,1403715292.562143,13.750000,OK,OK,MM,no,341,430,0,430,37,393,0.0860,PoseOpt,yes,yes,52,3116,2525,38,no,no,no,0,0,0,no,no,0.000000,0.000000,0.000,1.230,2.093,0.022,3.740
387,1403715292.612143,13.800000,OK,OK,MM,no,308,428,0,428,51,377,0.1192,PoseOpt,no,no,53,3149,2558,39,no,no,no,0,0,0,no,no,0.000000,0.000000,0.000,1.099,2.111,0.022,3.600
388,1403715292.662143,13.850000,OK,OK,MM,no,300,413,0,413,40,373,0.0969,PoseOpt,no,no,53,3149,2608,40,yes,no,no,0,0,0,no,no,0.000000,0.000000,0.000,1.089,1.926,0.022,3.394
389,1403715292.712143,13.900000,OK,OK,MM,no,291,412,0,412,50,362,0.1214,PoseOpt,yes,yes,53,3149,2608,40,no,no,no,0,0,0,no,no,0.000000,0.000000,0.000,1.219,2.054,0.022,3.688
390,1403715292.762143,13.950000,OK,OK,MM,no,294,409,0,409,35,374,0.0856,PoseOpt,no,no,54,3191,2650,41,no,no,no,0,0,0,no,no,0.000000,0.000000,0.000,1.063,2.412,0.023,3.910
391,1403715292.812143,14.000000,OK,OK,MM,no,298,393,0,393,32,361,0.0814,PoseOpt,yes,yes,53,3171,2630,40,yes,no,no,0,0,0,no,no,0.000000,0.000000,0.000,1.047,1.905,0.021,3.396
392,1403715292.862143,14.050000,OK,OK,MM,no,291,421,0,421,45,376,0.1069,PoseOpt,no,no,54,3197,2656,41,no,no,no,0,0,0,no,no,0.000000,0.000000,0.000,1.129,2.217,0.021,3.777
393,1403715292.912143,14.100000,OK,OK,MM,no,312,410,0,410,37,373,0.0902,PoseOpt,no,no,54,3196,2655,41,yes,no,no,0,0,0,no,no,0.000000,0.000000,0.000,1.178,2.038,0.022,3.617
394,1403715292.962143,14.150000,OK,OK,MM,no,324,418,0,418,45,373,0.1077,PoseOpt,yes,yes,54,3196,2663,42,no,no,no,0,0,0,no,no,0.000000,0.000000,0.000,1.143,2.164,0.020,3.733
395,1403715293.012143,14.200000,OK,OK,MM,no,313,392,0,392,32,360,0.0816,PoseOpt,no,no,55,3223,2690,43,no,no,no,0,0,0,no,no,0.000000,0.000000,0.000,1.113,2.255,0.023,3.760
396,1403715293.062143,14.250000,OK,OK,MM,no,279,398,0,398,44,354,0.1106,PoseOpt,no,no,55,3217,2676,42,yes,no,no,0,0,0,no,no,0.000000,0.000000,0.000,0.985,1.977,0.021,3.741
397,1403715293.112143,14.300000,OK,OK,MM,no,297,388,0,388,46,342,0.1186,PoseOpt,yes,yes,55,3217,2684,43,no,no,no,0,0,0,no,no,0.000000,0.000000,0.000,1.023,2.068,0.020,3.513
398,1403715293.162143,14.350000,OK,OK,MM,no,282,401,0,401,39,362,0.0973,PoseOpt,no,no,56,3269,2736,44,no,no,no,0,0,0,no,no,0.000000,0.000000,0.000,1.013,2.272,0.022,3.739
399,1403715293.212143,14.400000,OK,OK,MM,no,286,385,0,385,34,351,0.0883,PoseOpt,no,no,56,3268,2735,44,yes,no,no,0,0,0,no,no,0.000000,0.000000,0.000,1.038,1.927,0.020,3.995
400,1403715293.262143,14.450000,OK,OK,MM,no,290,386,0,386,37,349,0.0959,PoseOpt,yes,yes,56,3268,2727,43,no,no,no,0,0,0,no,no,0.000000,0.000000,0.000,1.037,2.103,0.019,3.546
401,1403715293.312143,14.500000,OK,OK,MM,no,292,413,0,413,52,361,0.1259,PoseOpt,no,no,57,3338,2805,45,no,no,no,0,0,0,no,no,0.000000,0.000000,0.000,1.034,2.199,0.026,3.659
402,1403715293.362143,14.550000,OK,OK,MM,no,296,402,0,402,49,353,0.1219,PoseOpt,no,no,57,3338,2805,45,no,no,no,0,0,0,no,no,0.000000,0.000000,0.000,1.115,2.279,0.023,3.804
403,1403715293.412143,14.600000,OK,OK,MM,no,293,390,0,390,31,359,0.0795,PoseOpt,yes,yes,56,3320,2787,44,yes,no,no,0,0,0,no,no,0.000000,0.000000,0.000,1.003,1.965,0.020,3.378
404,1403715293.462143,14.650000,OK,OK,MM,no,296,424,0,424,36,388,0.0849,PoseOpt,no,no,57,3365,2832,45,no,no,no,0,0,0,no,no,0.000000,0.000000,0.000,1.030,2.328,0.022,3.752
405,1403715293.512143,14.700000,OK,OK,MM,no,322,408,0,408,47,361,0.1152,PoseOpt,no,no,57,3365,2824,44,no,no,no,0,0,0,no,no,0.000000,0.000000,0.000,1.199,2.248,0.023,3.859
406,1403715293.562143,14.750000,OK,OK,MM,no,301,389,0,389,40,349,0.1028,PoseOpt,yes,yes,57,3362,2821,44,yes,no,no,0,0,0,no,no,0.000000,0.000000,0.000,1.031,1.985,0.020,3.414
407,1403715293.612143,14.800000,OK,OK,MM,no,296,416,0,416,34,382,0.0817,PoseOpt,no,no,58,3412,2871,45,no,no,no,0,0,0,no,no,0.000000,0.000000,0.000,1.098,2.311,0.021,3.845
408,1403715293.662143,14.850000,OK,OK,MM,no,333,408,0,408,33,375,0.0809,PoseOpt,no,no,58,3412,2871,45,no,no,no,0,0,0,no,no,0.000000,0.000000,0.000,1.261,2.273,0.022,3.939
409,1403715293.712143,14.900000,OK,OK,MM,no,307,414,0,414,37,377,0.0894,PoseOpt,no,no,58,3411,2878,46,yes,no,no,0,0,0,no,no,0.000000,0.000000,0.000,1.120,1.996,0.019,3.478
410,1403715293.762143,14.950000,OK,OK,MM,no,292,389,0,389,40,349,0.1028,PoseOpt,yes,yes,58,3411,2878,46,no,no,no,0,0,0,no,no,0.000000,0.000000,0.000,1.148,2.029,0.022,3.655
411,1403715293.812143,15.000000,OK,OK,MM,no,304,440,0,440,31,409,0.0705,PoseOpt,no,no,59,3465,2932,47,no,no,no,0,0,0,no,no,0.000000,0.000000,0.000,1.140,2.320,0.024,3.950
412,1403715293.862143,15.050000,OK,OK,MM,no,354,431,0,431,45,386,0.1044,PoseOpt,no,no,59,3465,2924,46,no,no,no,0,0,0,no,no,0.000000,0.000000,0.000,1.369,2.289,0.025,4.121
413,1403715293.912143,15.100000,OK,OK,MM,no,336,439,0,439,38,401,0.0866,PoseOpt,no,no,58,3444,2903,45,yes,no,no,0,0,0,no,no,0.000000,0.000000,0.000,1.188,2.103,0.020,3.657
414,1403715293.962143,15.150000,OK,OK,MM,no,335,414,0,414,31,383,0.0749,PoseOpt,yes,yes,58,3444,2911,46,no,no,no,0,0,0,no,no,0.000000,0.000000,0.000,1.150,2.010,0.020,3.560
415,1403715294.012143,15.200000,OK,OK,MM,no,318,441,0,441,39,402,0.0884,PoseOpt,no,no,59,3501,2960,46,no,no,no,0,0,0,no,no,0.000000,0.000000,0.000,1.205,2.260,0.022,3.866
416,1403715294.062143,15.250000,OK,OK,MM,no,333,459,0,459,43,416,0.0937,PoseOpt,no,no,59,3501,2960,46,no,no,no,0,0,0,no,no,0.000000,0.000000,0.000,1.213,2.273,0.024,3.958
417,1403715294.112143,15.300000,OK,OK,MM,no,332,445,0,445,39,406,0.0876,PoseOpt,yes,yes,58,3478,2945,46,yes,no,no,0,0,0,no,no,0.000000,0.000000,0.000,1.207,2.704,0.027,4.573
418,1403715294.162143,15.350000,OK,OK,MM,no,335,437,0,437,27,410,0.0618,PoseOpt,no,no,59,3522,2989,47,no,no,no,0,0,0,no,no,0.000000,0.000000,0.000,1.189,2.667,0.030,4.404
419,1403715294.212143,15.400000,OK,OK,MM,no,331,430,0,430,34,396,0.0791,PoseOpt,no,no,59,3522,2989,47,no,no,no,0,0,0,no,no,0.000000,0.000000,0.000,1.232,2.223,0.023,3.850
420,1403715294.262143,15.450000,OK,OK,MM,no,333,412,0,412,27,385,0.0655,PoseOpt,yes,yes,59,3520,2987,47,yes,no,no,0,0,0,no,no,0.000000,0.000000,0.000,1.166,2.015,0.021,3.593
421,1403715294.312143,15.500000,OK,OK,MM,no,335,451,0,451,35,416,0.0776,PoseOpt,no,no,60,3549,3016,48,no,no,no,0,0,0,no,no,0.000000,0.000000,0.000,1.153,2.297,0.022,3.887
422,1403715294.362143,15.550000,OK,OK,MM,no,348,428,0,428,32,396,0.0748,PoseOpt,no,no,60,3549,3016,48,no,no,no,0,0,0,no,no,0.000000,0.000000,0.000,1.253,2.190,0.022,3.843
423,1403715294.412143,15.600000,OK,OK,MM,no,332,427,0,427,33,394,0.0773,PoseOpt,yes,yes,60,3549,3016,48,yes,no,no,0,0,0,no,no,0.000000,0.000000,0.000,1.207,2.117,0.020,3.735
424,1403715294.462143,15.650000,OK,OK,MM,no,334,437,0,437,28,409,0.0641,PoseOpt,no,no,61,3552,3011,48,no,no,no,0,0,0,no,no,0.000000,0.000000,0.000,1.168,2.246,0.022,3.842
425,1403715294.512143,15.700000,OK,OK,MM,no,340,455,0,455,35,420,0.0769,PoseOpt,no,no,61,3552,3011,48,no,no,no,0,0,0,no,no,0.000000,0.000000,0.000,1.213,2.295,0.021,3.904
426,1403715294.562143,15.750000,OK,OK,MM,no,359,445,0,445,30,415,0.0674,PoseOpt,no,no,61,3552,3019,49,yes,no,no,0,0,0,no,no,0.000000,0.000000,0.000,1.399,2.182,0.020,3.964
427,1403715294.612143,15.800000,OK,OK,MM,no,361,435,0,435,24,411,0.0552,PoseOpt,no,no,61,3552,3019,49,no,no,no,0,0,0,no,no,0.000000,0.000000,0.000,1.284,2.234,0.020,3.880
428,1403715294.662143,15.850000,OK,OK,MM,no,340,440,0,440,30,410,0.0682,PoseOpt,no,no,61,3552,3019,49,no,no,no,0,0,0,no,no,0.000000,0.000000,0.000,1.265,2.261,0.023,3.914
429,1403715294.712143,15.900000,OK,OK,MM,no,343,411,0,411,41,370,0.0998,PoseOpt,yes,yes,61,3552,3019,49,no,no,no,0,0,0,no,no,0.000000,0.000000,0.000,1.210,2.160,0.020,3.784
430,1403715294.762143,15.950000,OK,OK,MM,no,298,456,0,456,45,411,0.0987,PoseOpt,no,no,62,3611,3078,50,no,no,no,0,0,0,no,no,0.000000,0.000000,0.000,1.141,2.346,0.023,3.920
431,1403715294.812143,16.000000,OK,OK,MM,no,336,444,0,444,50,394,0.1126,PoseOpt,no,no,62,3611,3580,54,no,no,no,0,0,0,no,no,0.000000,0.000000,0.000,1.220,2.441,0.023,4.096
432,1403715294.862143,16.050000,OK,OK,MM,no,317,436,0,436,50,386,0.1147,PoseOpt,yes,yes,62,3611,3580,54,yes,no,no,0,0,0,no,no,0.000000,0.000000,0.000,1.129,2.228,0.022,3.782
433,1403715294.912143,16.100000,OK,OK,MM,no,331,469,0,469,48,421,0.1023,PoseOpt,no,no,63,3670,3639,55,no,no,no,0,0,0,no,no,0.000000,0.000000,0.000,1.163,2.560,0.023,4.141
434,1403715294.962143,16.150000,OK,OK,MM,no,342,479,0,479,54,425,0.1127,PoseOpt,no,no,63,3670,3639,55,no,no,no,0,0,0,no,no,0.000000,0.000000,0.000,1.477,2.617,0.023,4.561
435,1403715295.012143,16.200000,OK,OK,MM,no,367,446,0,446,39,407,0.0874,PoseOpt,yes,yes,63,3667,3636,55,yes,no,no,0,0,0,no,no,0.000000,0.000000,0.000,1.262,2.307,0.022,4.050
436,1403715295.062143,16.250000,OK,OK,MM,no,344,483,0,483,41,442,0.0849,PoseOpt,no,no,64,3697,3666,56,no,no,no,0,0,0,no,no,0.000000,0.000000,0.000,1.283,2.868,0.031,4.673
437,1403715295.112143,16.300000,OK,OK,MM,no,370,475,0,475,40,435,0.0842,PoseOpt,no,no,64,3697,3666,56,no,no,no,0,0,0,no,no,0.000000,0.000000,0.000,1.383,2.666,0.028,4.531
438,1403715295.162143,16.350000,OK,OK,MM,no,373,458,0,458,45,413,0.0983,PoseOpt,yes,yes,63,3678,3647,55,yes,no,no,0,0,0,no,no,0.000000,0.000000,0.000,1.338,2.393,0.022,4.169
439,1403715295.212143,16.400000,OK,OK,MM,no,338,513,0,513,69,444,0.1345,PoseOpt,no,no,64,3729,3698,56,no,no,no,0,0,0,no,no,0.000000,0.000000,0.000,1.215,2.830,0.024,4.484
440,1403715295.262143,16.450000,OK,OK,MM,no,399,477,0,477,48,429,0.1006,PoseOpt,no,no,64,3729,3698,56,no,no,no,0,0,0,no,no,0.000000,0.000000,0.000,1.415,2.517,0.026,4.395
441,1403715295.312143,16.500000,OK,OK,MM,no,381,499,0,499,43,456,0.0862,PoseOpt,no,no,63,3710,3679,55,yes,no,no,0,0,0,no,no,0.000000,0.000000,0.000,1.371,2.248,0.021,4.023
442,1403715295.362143,16.550000,OK,OK,MM,no,374,478,0,478,45,433,0.0941,PoseOpt,yes,yes,63,3710,3679,55,no,no,no,0,0,0,no,no,0.000000,0.000000,0.000,1.509,2.639,0.023,4.664
443,1403715295.412143,16.600000,OK,OK,MM,no,365,485,0,485,36,449,0.0742,PoseOpt,no,no,64,3721,3690,56,no,no,no,0,0,0,no,no,0.000000,0.000000,0.000,1.356,2.489,0.025,4.301
444,1403715295.462143,16.650000,OK,OK,MM,no,390,489,0,489,41,448,0.0838,PoseOpt,no,no,64,3721,3690,56,no,no,no,0,0,0,no,no,0.000000,0.000000,0.000,1.386,2.709,0.025,4.605
445,1403715295.512143,16.700000,OK,OK,MM,no,354,452,0,452,42,410,0.0929,PoseOpt,yes,yes,63,3694,3663,55,yes,no,no,0,0,0,no,no,0.000000,0.000000,0.000,1.269,2.176,0.022,3.888
446,1403715295.562143,16.750000,OK,OK,MM,no,347,479,0,479,47,432,0.0981,PoseOpt,no,no,64,3732,3701,56,no,no,no,0,0,0,no,no,0.000000,0.000000,0.000,1.310,2.486,0.023,4.243
447,1403715295.612143,16.800000,OK,OK,MM,no,376,446,0,446,52,394,0.1166,PoseOpt,no,no,64,3732,3701,56,no,no,no,0,0,0,no,no,0.000000,0.000000,0.000,1.298,2.720,0.025,4.560
448,1403715295.662143,16.850000,OK,OK,MM,no,342,463,0,463,49,414,0.1058,PoseOpt,yes,yes,64,3732,3701,56,yes,no,no,0,0,0,no,no,0.000000,0.000000,0.000,1.244,2.347,0.022,4.060
449,1403715295.712143,16.900000,OK,OK,MM,no,347,442,0,442,35,407,0.0792,PoseOpt,no,no,65,3741,3710,57,no,no,no,0,0,0,no,no,0.000000,0.000000,0.000,1.233,2.429,0.022,4.087
450,1403715295.762143,16.950000,OK,OK,MM,no,336,418,0,418,37,381,0.0885,PoseOpt,no,no,65,3741,3710,57,no,no,no,0,0,0,no,no,0.000000,0.000000,0.000,1.262,2.474,0.022,4.173
451,1403715295.812143,17.000000,OK,OK,MM,no,315,418,0,418,38,380,0.0909,PoseOpt,yes,yes,64,3727,3696,56,yes,no,no,0,0,0,no,no,0.000000,0.000000,0.000,1.164,2.186,0.020,3.790
452,1403715295.862143,17.050000,OK,OK,MM,no,318,455,0,455,35,420,0.0769,PoseOpt,no,no,65,3765,3765,63,no,no,no,0,0,0,no,no,0.000000,0.000000,0.000,1.177,2.717,0.022,4.348
453,1403715295.912143,17.100000,OK,OK,MM,no,361,437,0,437,42,395,0.0961,PoseOpt,no,no,65,3765,3765,63,no,no,no,0,0,0,no,no,0.000000,0.000000,0.000,1.301,2.517,0.023,4.284
454,1403715295.962143,17.150000,OK,OK,MM,no,337,441,0,441,37,404,0.0839,PoseOpt,no,no,65,3765,3765,65,yes,no,no,0,0,0,no,no,0.000000,0.000000,0.000,1.212,2.499,0.024,4.296
455,1403715296.012143,17.200000,OK,OK,MM,no,340,418,0,418,52,366,0.1244,PoseOpt,yes,yes,65,3765,3765,65,no,no,no,0,0,0,no,no,0.000000,0.000000,0.000,1.298,2.819,0.021,4.593
456,1403715296.062143,17.250000,OK,OK,MM,no,305,457,0,457,65,392,0.1422,PoseOpt,no,no,66,3808,3808,66,no,no,no,0,0,0,no,no,0.000000,0.000000,0.000,1.140,2.576,0.196,4.359
457,1403715296.112143,17.300000,OK,OK,MM,no,337,439,0,439,58,381,0.1321,PoseOpt,no,no,66,3808,3808,66,no,no,no,0,0,0,no,no,0.000000,0.000000,0.000,1.415,2.769,0.027,5.122
458,1403715296.162143,17.350000,OK,OK,MM,no,310,436,0,436,62,374,0.1422,PoseOpt,no,no,65,3791,3791,65,yes,no,no,0,0,0,no,no,0.000000,0.000000,0.000,1.217,2.372,0.021,4.028
459,1403715296.212143,17.400000,OK,OK,MM,no,293,412,0,412,80,332,0.1942,PoseOpt,yes,yes,65,3791,3791,65,no,no,no,0,0,0,no,no,0.000000,0.000000,0.000,1.063,2.550,0.021,4.092
460,1403715296.262143,17.450000,OK,OK,MM,no,274,425,0,425,64,361,0.1506,PoseOpt,no,no,66,3824,3824,66,no,no,no,0,0,0,no,no,0.000000,0.000000,0.000,1.021,2.725,0.024,4.219
461,1403715296.312143,17.500000,OK,OK,MM,no,285,372,0,372,66,306,0.1774,PoseOpt,no,no,66,3824,3824,66,no,no,no,0,0,0,no,no,0.000000,0.000000,0.000,1.049,2.735,0.028,4.298
462,1403715296.362143,17.550000,OK,OK,MM,no,243,368,0,368,73,295,0.1984,PoseOpt,no,no,66,3824,3824,66,no,no,no,0,0,0,no,no,0.000000,0.000000,0.000,0.946,2.541,0.029,3.959
463,1403715296.412143,17.600000,OK,OK,MM,no,239,379,0,379,77,302,0.2032,PoseOpt,yes,yes,66,3824,3824,66,yes,no,no,0,0,0,no,no,0.000000,0.000000,0.000,0.892,2.298,0.022,3.649
464,1403715296.462143,17.650000,OK,OK,MM,no,236,411,0,411,72,339,0.1752,PoseOpt,no,no,67,3851,3851,67,no,no,no,0,0,0,no,no,0.000000,0.000000,0.000,0.940,2.604,0.021,4.000
465,1403715296.512143,17.700000,OK,OK,MM,no,275,415,0,415,67,348,0.1614,PoseOpt,no,no,67,3851,3851,67,no,no,no,0,0,0,no,no,0.000000,0.000000,0.000,0.973,2.714,0.025,4.268
466,1403715296.562143,17.750000,OK,OK,MM,no,268,385,0,385,83,302,0.2156,PoseOpt,no,no,67,3851,3851,67,no,no,no,0,0,0,no,no,0.000000,0.000000,0.000,1.188,2.854,0.022,4.514
467,1403715296.612143,17.800000,OK,OK,MM,no,259,392,0,392,78,314,0.1990,PoseOpt,yes,yes,66,3839,3839,66,yes,no,no,0,0,0,no,no,0.000000,0.000000,0.000,0.984,2.356,0.020,3.828
468,1403715296.662143,17.850000,OK,OK,MM,no,252,444,0,444,77,367,0.1734,PoseOpt,no,no,67,3888,3888,67,no,no,no,0,0,0,no,no,0.000000,0.000000,0.000,0.969,2.750,0.023,4.202
469,1403715296.712143,17.900000,OK,OK,MM,no,301,449,0,449,78,371,0.1737,PoseOpt,no,no,67,3888,3888,67,no,no,no,0,0,0,no,no,0.000000,0.000000,0.000,1.126,3.111,0.041,5.037
470,1403715296.762143,17.950000,OK,OK,MM,no,287,417,0,417,68,349,0.1631,PoseOpt,no,no,67,3888,3888,67,no,no,no,0,0,0,no,no,0.000000,0.000000,0.000,1.096,2.836,0.023,4.459
471,1403715296.812143,18.000000,OK,OK,MM,no,302,429,0,429,62,367,0.1445,PoseOpt,no,no,66,3872,3872,66,yes,no,no,0,0,0,no,no,0.000000,0.000000,0.000,1.069,2.669,0.020,4.198
472,1403715296.862143,18.050000,OK,OK,MM,no,305,436,0,436,75,361,0.1720,PoseOpt,no,no,66,3872,3872,66,no,no,no,0,0,0,no,no,0.000000,0.000000,0.000,1.126,2.713,0.020,4.290
473,1403715296.912143,18.100000,OK,OK,MM,no,291,424,0,424,68,356,0.1604,PoseOpt,no,no,66,3872,3872,66,no,no,no,0,0,0,no,no,0.000000,0.000000,0.000,1.075,2.602,0.020,4.130
474,1403715296.962143,18.150000,OK,OK,MM,no,284,425,0,425,76,349,0.1788,PoseOpt,no,no,66,3872,3872,66,no,no,no,0,0,0,no,no,0.000000,0.000000,0.000,1.116,2.597,0.020,4.190
475,1403715297.012143,18.200000,OK,OK,MM,no,288,418,0,418,72,346,0.1722,PoseOpt,no,no,66,3872,3872,66,no,no,no,0,0,0,no,no,0.000000,0.000000,0.000,1.092,2.704,0.020,4.241
476,1403715297.062143,18.250000,OK,OK,MM,no,271,416,0,416,78,338,0.1875,PoseOpt,yes,yes,66,3872,3872,66,no,no,no,0,0,0,no,no,0.000000,0.000000,0.000,1.191,2.607,0.020,4.287
477,1403715297.112143,18.300000,OK,OK,MM,no,275,452,0,452,68,384,0.1504,PoseOpt,no,no,67,3944,3944,67,no,no,no,0,0,0,no,no,0.000000,0.000000,0.000,1.053,2.772,0.026,4.349
478,1403715297.162143,18.350000,OK,OK,MM,no,296,420,0,420,83,337,0.1976,PoseOpt,no,no,67,3944,3944,67,no,no,no,0,0,0,no,no,0.000000,0.000000,0.000,1.216,3.119,0.028,4.886
479,1403715297.212143,18.400000,OK,OK,MM,no,269,407,0,407,65,342,0.1597,PoseOpt,no,no,67,3944,3944,67,no,no,no,0,0,0,no,no,0.000000,0.000000,0.000,1.031,2.706,0.024,4.211
480,1403715297.262143,18.450000,OK,OK,MM,no,259,397,0,397,63,334,0.1587,PoseOpt,no,no,67,3944,3944,67,yes,no,no,0,0,0,no,no,0.000000,0.000000,0.000,1.006,2.377,0.022,3.832
481,1403715297.312143,18.500000,OK,OK,MM,no,264,400,0,400,78,322,0.1950,PoseOpt,yes,yes,67,3944,3944,67,no,no,no,0,0,0,no,no,0.000000,0.000000,0.000,0.975,2.442,0.023,3.897
482,1403715297.362143,18.550000,OK,OK,MM,no,256,413,0,413,61,352,0.1477,PoseOpt,no,no,68,3972,3972,68,no,no,no,0,0,0,no,no,0.000000,0.000000,0.000,0.984,2.686,0.022,4.159
483,1403715297.412143,18.600000,OK,OK,MM,no,252,398,0,398,75,323,0.1884,PoseOpt,no,no,68,3972,3972,68,no,no,no,0,0,0,no,no,0.000000,0.000000,0.000,1.033,2.602,0.026,4.215
484,1403715297.462143,18.650000,OK,OK,MM,no,275,381,0,381,67,314,0.1759,PoseOpt,no,no,68,3972,3972,68,no,no,no,0,0,0,no,no,0.000000,0.000000,0.000,1.071,2.674,0.022,4.249
485,1403715297.512143,18.700000,OK,OK,MM,no,248,404,0,404,80,324,0.1980,PoseOpt,yes,yes,68,3972,3972,68,yes,no,no,0,0,0,no,no,0.000000,0.000000,0.000,0.916,2.431,0.019,3.819
486,1403715297.562143,18.750000,OK,OK,MM,no,262,435,0,435,62,373,0.1425,PoseOpt,no,no,69,4024,4024,69,no,no,no,0,0,0,no,no,0.000000,0.000000,0.000,1.218,2.650,0.022,4.368
487,1403715297.612143,18.800000,OK,OK,MM,no,301,418,0,418,75,343,0.1794,PoseOpt,no,no,69,4024,4024,69,no,no,no,0,0,0,no,no,0.000000,0.000000,0.000,1.175,2.905,0.024,4.596
488,1403715297.662143,18.850000,OK,OK,MM,no,277,415,0,415,81,334,0.1952,PoseOpt,no,no,69,4023,4023,69,yes,no,no,0,0,0,no,no,0.000000,0.000000,0.000,1.035,2.550,0.023,4.172
489,1403715297.712143,18.900000,OK,OK,MM,no,271,415,0,415,87,328,0.2096,PoseOpt,yes,yes,69,4023,4023,69,no,no,no,0,0,0,no,no,0.000000,0.000000,0.000,1.063,2.624,0.021,4.270
490,1403715297.762143,18.950000,OK,OK,MM,no,266,467,0,467,77,390,0.1649,PoseOpt,no,no,70,4091,4091,70,no,no,no,0,0,0,no,no,0.000000,0.000000,0.000,1.062,3.121,0.023,4.664
491,1403715297.812143,19.000000,OK,OK,MM,no,291,450,0,450,72,378,0.1600,PoseOpt,no,no,70,4091,4091,70,no,no,no,0,0,0,no,no,0.000000,0.000000,0.000,1.265,2.782,0.025,4.589
492,1403715297.862143,19.050000,OK,OK,MM,no,300,444,0,444,86,358,0.1937,PoseOpt,no,no,69,4075,4075,69,yes,no,no,0,0,0,no,no,0.000000,0.000000,0.000,1.109,2.527,0.020,4.108
493,1403715297.912143,19.100000,OK,OK,MM,no,285,419,0,419,78,341,0.1862,PoseOpt,yes,yes,69,4075,4075,69,no,no,no,0,0,0,no,no,0.000000,0.000000,0.000,1.087,2.654,0.021,4.213
494,1403715297.962143,19.150000,OK,OK,MM,no,275,446,0,446,66,380,0.1480,PoseOpt,no,no,70,4140,4140,70,no,no,no,0,0,0,no,no,0.000000,0.000000,0.000,1.085,2.713,0.023,4.263
495,1403715298.012143,19.200000,OK,OK,MM,no,276,414,0,414,69,345,0.1667,PoseOpt,no,no,70,4140,4140,70,no,no,no,0,0,0,no,no,0.000000,0.000000,0.000,1.083,2.628,0.024,4.197
496,1403715298.062143,19.250000,OK,OK,MM,no,276,399,0,399,65,334,0.1629,PoseOpt,no,no,70,4140,4140,70,yes,no,no,0,0,0,no,no,0.000000,0.000000,0.000,1.071,2.611,0.024,4.172
497,1403715298.112143,19.300000,OK,OK,MM,no,253,367,0,367,69,298,0.1880,PoseOpt,yes,yes,70,4140,4140,70,no,no,no,0,0,0,no,no,0.000000,0.000000,0.000,1.047,2.533,0.022,4.044
498,1403715298.162143,19.350000,OK,OK,MM,no,231,408,0,408,71,337,0.1740,PoseOpt,no,no,71,4163,4163,69,no,no,no,0,0,0,no,no,0.000000,0.000000,0.000,0.955,2.718,0.021,4.153
499,1403715298.212143,19.400000,OK,OK,MM,no,257,392,0,392,79,313,0.2015,PoseOpt,no,no,71,4163,4159,68,no,no,no,0,0,0,no,no,0.000000,0.000000,0.000,1.113,2.595,0.020,4.174
500,1403715298.262143,19.450000,OK,OK,MM,no,259,390,0,390,73,317,0.1872,PoseOpt,no,no,71,4163,4159,68,yes,no,no,0,0,0,no,no,0.000000,0.000000,0.000,1.053,2.480,0.019,4.004
501,1403715298.312143,19.500000,OK,OK,MM,no,261,398,0,398,72,326,0.1809,PoseOpt,yes,yes,70,4150,4141,66,no,no,no,0,0,0,no,no,0.000000,0.000000,0.000,1.059,2.615,0.020,4.176
502,1403715298.362143,19.550000,OK,OK,MM,no,269,426,0,426,80,346,0.1878,PoseOpt,no,no,71,4194,4185,67,no,no,no,0,0,0,no,no,0.000000,0.000000,0.000,1.103,2.669,0.022,4.229
503,1403715298.412143,19.600000,OK,OK,MM,no,293,422,0,422,71,351,0.1682,PoseOpt,no,no,71,4194,4185,67,no,no,no,0,0,0,no,no,0.000000,0.000000,0.000,1.158,2.714,0.022,4.357
504,1403715298.462143,19.650000,OK,OK,MM,no,275,397,0,397,67,330,0.1688,PoseOpt,yes,yes,71,4193,4184,67,yes,no,no,0,0,0,no,no,0.000000,0.000000,0.000,1.085,2.468,0.020,4.019
505,1403715298.512143,19.700000,OK,OK,MM,no,277,467,0,467,74,393,0.1585,PoseOpt,no,no,72,4274,4265,68,no,no,no,0,0,0,no,no,0.000000,0.000000,0.000,1.080,2.715,0.022,4.263
506,1403715298.562143,19.750000,OK,OK,MM,no,328,454,0,454,85,369,0.1872,PoseOpt,no,no,72,4274,4203,64,no,no,no,0,0,0,no,no,0.000000,0.000000,0.000,1.366,3.107,0.027,5.065
507,1403715298.612143,19.800000,OK,OK,MM,no,325,431,0,431,60,371,0.1392,PoseOpt,no,no,72,4273,4264,68,yes,no,no,0,0,0,no,no,0.000000,0.000000,0.000,1.254,2.598,0.024,4.323
508,1403715298.662143,19.850000,OK,OK,MM,no,297,425,0,425,67,358,0.1576,PoseOpt,yes,yes,72,4273,4264,68,no,no,no,0,0,0,no,no,0.000000,0.000000,0.000,1.257,2.735,0.020,4.463
509,1403715298.712143,19.900000,OK,OK,MM,no,294,494,0,494,78,416,0.1579,PoseOpt,no,no,73,4317,4280,68,no,no,no,0,0,0,no,no,0.000000,0.000000,0.000,1.165,2.914,0.023,4.565
510,1403715298.762143,19.950000,OK,OK,MM,no,364,483,0,483,74,409,0.1532,PoseOpt,no,no,73,4317,4280,68,no,no,no,0,0,0,no,no,0.000000,0.000000,0.000,1.406,2.895,0.024,4.808
511,1403715298.812143,20.000000,OK,OK,MM,no,362,486,0,486,55,431,0.1132,PoseOpt,no,no,72,4298,4280,68,yes,no,no,0,0,0,no,no,0.000000,0.000000,0.000,1.491,2.899,0.022,4.890
512,1403715298.862143,20.050000,OK,OK,MM,no,333,490,0,490,57,433,0.1163,PoseOpt,no,no,72,4298,4261,67,no,no,no,0,0,0,no,no,0.000000,0.000000,0.000,1.501,2.773,0.021,4.802
513,1403715298.912143,20.100000,OK,OK,MM,no,364,483,0,483,60,423,0.1242,PoseOpt,no,no,72,4298,4289,68,no,no,no,0,0,0,no,no,0.000000,0.000000,0.000,2.410,4.056,0.022,6.912
514,1403715298.962143,20.150000,OK,OK,MM,no,351,470,0,470,57,413,0.1213,PoseOpt,no,no,72,4298,4289,68,no,no,no,0,0,0,no,no,0.000000,0.000000,0.000,1.304,2.671,0.021,4.440
515,1403715299.012143,20.200000,OK,OK,MM,no,319,464,0,464,60,404,0.1293,PoseOpt,yes,yes,72,4298,4298,70,no,no,no,0,0,0,no,no,0.000000,0.000000,0.000,1.232,2.817,0.021,4.539
516,1403715299.062143,20.250000,OK,OK,MM,no,329,513,0,513,66,447,0.1287,PoseOpt,no,no,73,4315,4315,73,no,no,no,0,0,0,no,no,0.000000,0.000000,0.000,1.298,2.927,0.026,4.722
517,1403715299.112143,20.300000,OK,OK,MM,no,363,492,0,492,69,423,0.1402,PoseOpt,no,no,73,4315,4315,73,no,no,no,0,0,0,no,no,0.000000,0.000000,0.000,1.483,3.200,0.024,5.237
518,1403715299.162143,20.350000,OK,OK,MM,no,354,504,0,504,63,441,0.1250,PoseOpt,no,no,73,4312,4312,73,yes,no,no,0,0,0,no,no,0.000000,0.000000,0.000,1.306,2.828,0.021,5.017
519,1403715299.212143,20.400000,OK,OK,MM,no,360,483,0,483,58,425,0.1201,PoseOpt,no,no,73,4312,4312,73,no,no,no,0,0,0,no,no,0.000000,0.000000,0.000,1.369,2.933,0.022,4.801
520,1403715299.262143,20.450000,OK,OK,MM,no,326,481,0,481,58,423,0.1206,PoseOpt,no,no,73,4312,4312,73,no,no,no,0,0,0,no,no,0.000000,0.000000,0.000,1.413,3.439,0.027,5.529
521,1403715299.312143,20.500000,OK,OK,MM,no,341,476,0,476,71,405,0.1492,PoseOpt,no,no,73,4312,4312,73,no,no,no,0,0,0,no,no,0.000000,0.000000,0.000,1.312,2.921,0.021,4.952
522,1403715299.362143,20.550000,OK,OK,MM,no,328,472,0,472,72,400,0.1525,PoseOpt,yes,yes,73,4312,4312,73,no,no,no,0,0,0,no,no,0.000000,0.000000,0.000,1.251,2.821,0.022,4.562
523,1403715299.412143,20.600000,OK,OK,MM,no,307,496,0,496,68,428,0.1371,PoseOpt,no,no,74,4337,4320,70,no,no,no,0,0,0,no,no,0.000000,0.000000,0.000,1.257,2.884,0.024,4.642
524,1403715299.462143,20.650000,OK,OK,MM,no,330,476,0,476,59,417,0.1239,PoseOpt,no,no,74,4337,4328,70,no,no,no,0,0,0,no,no,0.000000,0.000000,0.000,1.357,3.063,0.028,4.971
525,1403715299.512143,20.700000,OK,OK,MM,no,318,429,0,429,68,361,0.1585,PoseOpt,no,no,74,4336,4282,67,yes,no,no,0,0,0,no,no,0.000000,0.000000,0.000,1.197,2.386,0.022,4.049
526,1403715299.562143,20.750000,OK,OK,MM,no,274,466,0,466,59,407,0.1266,PoseOpt,yes,yes,74,4336,4282,67,no,no,no,0,0,0,no,no,0.000000,0.000000,0.000,1.080,2.770,0.022,4.337
527,1403715299.612143,20.800000,OK,OK,MM,no,316,444,0,444,50,394,0.1126,PoseOpt,no,no,75,4365,4311,68,no,no,no,0,0,0,no,no,0.000000,0.000000,0.000,1.268,2.829,0.024,4.581
528,1403715299.662143,20.850000,OK,OK,MM,no,317,473,0,473,66,407,0.1395,PoseOpt,no,no,75,4365,4311,68,no,no,no,0,0,0,no,no,0.000000,0.000000,0.000,1.240,3.048,0.030,4.860
529,1403715299.712143,20.900000,OK,OK,MM,no,327,453,0,453,61,392,0.1347,PoseOpt,no,no,75,4365,4176,64,yes,no,no,0,0,0,no,no,0.000000,0.000000,0.000,1.168,2.464,0.022,4.091
530,1403715299.762143,20.950000,OK,OK,MM,no,312,425,0,425,60,365,0.1412,PoseOpt,yes,yes,75,4365,4311,68,no,no,no,0,0,0,no,no,0.000000,0.000000,0.000,1.241,2.682,0.021,4.389
531,1403715299.812143,21.000000,OK,OK,MM,no,282,445,0,445,63,382,0.1416,PoseOpt,no,no,76,4404,4350,69,no,no,no,0,0,0,no,no,0.000000,0.000000,0.000,1.066,2.714,0.024,4.262
532,1403715299.862143,21.050000,OK,OK,MM,no,316,435,0,435,53,382,0.1218,PoseOpt,no,no,76,4404,4350,69,no,no,no,0,0,0,no,no,0.000000,0.000000,0.000,1.180,2.931,0.028,4.682
533,1403715299.912143,21.100000,OK,OK,MM,no,301,428,0,428,71,357,0.1659,PoseOpt,no,no,76,4401,4347,69,yes,no,no,0,0,0,no,no,0.000000,0.000000,0.000,1.092,2.591,0.021,4.164
534,1403715299.962143,21.150000,OK,OK,MM,no,250,394,0,394,53,341,0.1345,PoseOpt,yes,yes,76,4401,4180,63,no,no,no,0,0,0,no,no,0.000000,0.000000,0.000,1.179,2.861,0.022,4.526
535,1403715300.012143,21.200000,OK,OK,MM,no,278,418,0,418,50,368,0.1196,PoseOpt,no,no,77,4428,4190,63,no,no,no,0,0,0,no,no,0.000000,0.000000,0.000,1.062,2.662,0.020,4.196
536,1403715300.062143,21.250000,OK,OK,MM,no,276,420,0,420,54,366,0.1286,PoseOpt,no,no,77,4428,4190,63,no,no,no,0,0,0,no,no,0.000000,0.000000,0.000,1.195,3.267,0.024,4.991
537,1403715300.112143,21.300000,OK,OK,MM,no,298,385,0,385,43,342,0.1117,PoseOpt,yes,yes,77,4428,4190,63,yes,no,no,0,0,0,no,no,0.000000,0.000000,0.000,1.037,2.389,0.021,3.969
538,1403715300.162143,21.350000,OK,OK,MM,no,287,440,0,440,66,374,0.1500,PoseOpt,no,no,78,4493,4232,62,no,no,no,0,0,0,no,no,0.000000,0.000000,0.000,1.085,2.663,0.021,4.211
539,1403715300.212143,21.400000,OK,OK,MM,no,293,401,0,401,53,348,0.1322,PoseOpt,no,no,78,4493,4232,62,no,no,no,0,0,0,no,no,0.000000,0.000000,0.000,1.241,2.708,0.023,4.423
540,1403715300.262143,21.450000,OK,OK,MM,no,297,371,0,371,51,320,0.1375,PoseOpt,no,no,78,4493,4232,62,no,no,no,0,0,0,no,no,0.000000,0.000000,0.000,1.068,2.429,0.021,3.952
541,1403715300.312143,21.500000,OK,OK,MM,no,266,379,0,379,56,323,0.1478,PoseOpt,yes,yes,78,4490,4229,62,yes,no,no,0,0,0,no,no,0.000000,0.000000,0.000,1.094,2.822,0.030,4.588
542,1403715300.362143,21.550000,OK,OK,MM,no,269,432,0,432,63,369,0.1458,PoseOpt,no,no,79,4526,4265,63,no,no,no,0,0,0,no,no,0.000000,0.000000,0.000,1.456,3.087,0.021,5.018
543,1403715300.412143,21.600000,OK,OK,MM,no,307,413,0,413,73,340,0.1768,PoseOpt,no,no,79,4526,4265,63,no,no,no,0,0,0,no,no,0.000000,0.000000,0.000,1.136,2.628,0.028,4.506
544,1403715300.462143,21.650000,OK,OK,MM,no,285,420,0,420,66,354,0.1571,PoseOpt,yes,yes,79,4525,4217,62,yes,no,no,0,0,0,no,no,0.000000,0.000000,0.000,1.054,2.497,0.020,4.029
545,1403715300.512143,21.700000,OK,OK,MM,no,307,450,0,450,63,387,0.1400,PoseOpt,no,no,80,4590,4282,63,no,no,no,0,0,0,no,no,0.000000,0.000000,0.000,1.142,2.944,0.023,4.601
546,1403715300.562143,21.750000,OK,OK,MM,no,342,445,0,445,75,370,0.1685,PoseOpt,no,no,80,4590,4282,63,no,no,no,0,0,0,no,no,0.000000,0.000000,0.000,1.292,2.902,0.022,4.703
547,1403715300.612143,21.800000,OK,OK,MM,no,322,442,0,442,62,380,0.1403,PoseOpt,no,no,79,4574,4266,62,yes,no,no,0,0,0,no,no,0.000000,0.000000,0.000,1.210,2.657,0.023,4.728
548,1403715300.662143,21.850000,OK,OK,MM,no,323,438,0,438,56,382,0.1279,PoseOpt,yes,yes,79,4574,4266,62,no,no,no,0,0,0,no,no,0.000000,0.000000,0.000,1.214,2.854,0.021,4.604
549,1403715300.712143,21.900000,OK,OK,MM,no,323,478,0,478,63,415,0.1318,PoseOpt,no,no,80,4584,4276,63,no,no,no,0,0,0,no,no,0.000000,0.000000,0.000,1.202,3.393,0.022,5.103
550,1403715300.762143,21.950000,OK,OK,MM,no,358,463,0,463,77,386,0.1663,PoseOpt,no,no,80,4584,4276,63,no,no,no,0,0,0,no,no,0.000000,0.000000,0.000,1.320,2.822,0.022,4.641
551,1403715300.812143,22.000000,OK,OK,MM,no,320,455,0,455,63,392,0.1385,PoseOpt,no,no,80,4583,4275,63,yes,no,no,0,0,0,no,no,0.000000,0.000000,0.000,1.192,6.312,0.021,8.101
552,1403715300.862143,22.050000,OK,OK,MM,no,345,452,0,452,67,385,0.1482,PoseOpt,yes,yes,80,4583,4275,63,no,no,no,0,0,0,no,no,0.000000,0.000000,0.000,1.227,2.696,0.022,4.411
553,1403715300.912143,22.100000,OK,OK,MM,no,315,472,0,472,61,411,0.1292,PoseOpt,no,no,81,4647,4339,64,no,no,no,0,0,0,no,no,0.000000,0.000000,0.000,1.249,2.780,0.025,4.518
554,1403715300.962143,22.150000,OK,OK,MM,no,352,465,0,465,76,389,0.1634,PoseOpt,no,no,81,4647,4339,64,no,no,no,0,0,0,no,no,0.000000,0.000000,0.000,1.338,2.955,0.026,4.831
555,1403715301.012143,22.200000,OK,OK,MM,no,337,466,0,466,62,404,0.1330,PoseOpt,yes,yes,81,4646,4274,62,yes,no,no,0,0,0,no,no,0.000000,0.000000,0.000,1.284,2.588,0.022,4.379
556,1403715301.062143,22.250000,OK,OK,MM,no,338,479,0,479,66,413,0.1378,PoseOpt,no,no,82,4686,4378,65,no,no,no,0,0,0,no,no,0.000000,0.000000,0.000,1.266,2.798,0.022,4.545
557,1403715301.112143,22.300000,OK,OK,MM,no,361,474,0,474,65,409,0.1371,PoseOpt,no,no,82,4686,4314,63,no,no,no,0,0,0,no,no,0.000000,0.000000,0.000,1.315,2.809,0.028,4.702
558,1403715301.162143,22.350000,OK,OK,MM,no,326,492,0,492,65,427,0.1321,PoseOpt,no,no,82,4686,4314,63,yes,no,no,0,0,0,no,no,0.000000,0.000000,0.000,1.218,2.692,0.022,4.381
559,1403715301.212143,22.400000,OK,OK,MM,no,356,479,0,479,64,415,0.1336,PoseOpt,yes,yes,82,4686,4314,63,no,no,no,0,0,0,no,no,0.000000,0.000000,0.000,1.536,3.101,0.021,5.196
560,1403715301.262143,22.450000,OK,OK,MM,no,351,502,0,502,70,432,0.1394,PoseOpt,no,no,83,4689,4317,64,no,no,no,0,0,0,no,no,0.000000,0.000000,0.000,1.355,2.876,0.023,4.708
561,1403715301.312143,22.500000,OK,OK,MM,no,358,476,0,476,51,425,0.1071,PoseOpt,no,no,83,4689,4317,64,no,no,no,0,0,0,no,no,0.000000,0.000000,0.000,1.389,3.209,0.025,5.149
562,1403715301.362143,22.550000,OK,OK,MM,no,361,496,0,496,73,423,0.1472,PoseOpt,no,no,83,4689,4317,64,no,no,no,0,0,0,no,no,0.000000,0.000000,0.000,1.355,2.956,0.024,4.806
563,1403715301.412143,22.600000,OK,OK,MM,no,359,493,0,493,64,429,0.1298,PoseOpt,no,no,83,4688,4316,64,yes,no,no,0,0,0,no,no,0.000000,0.000000,0.000,1.380,2.919,0.023,4.846
564,1403715301.462143,22.650000,OK,OK,MM,no,365,508,0,508,62,446,0.1220,PoseOpt,no,no,83,4688,4027,60,no,no,no,0,0,0,no,no,0.000000,0.000000,0.000,1.743,3.639,0.022,5.868
565,1403715301.512143,22.700000,OK,OK,MM,no,380,494,0,494,56,438,0.1134,PoseOpt,yes,yes,83,4688,4301,65,no,no,no,0,0,0,no,no,0.000000,0.000000,0.000,1.457,3.001,0.022,4.969
566,1403715301.562143,22.750000,OK,OK,MM,no,383,523,0,523,63,460,0.1205,PoseOpt,no,no,84,4713,4326,66,no,no,no,0,0,0,no,no,0.000000,0.000000,0.000,1.379,3.125,0.025,5.032
567,1403715301.612143,22.800000,OK,OK,MM,no,378,516,0,516,62,454,0.1202,PoseOpt,no,no,84,4713,4405,67,no,no,no,0,0,0,no,no,0.000000,0.000000,0.000,1.411,3.365,0.030,5.391
568,1403715301.662143,22.850000,OK,OK,MM,no,382,521,0,521,67,454,0.1286,PoseOpt,no,no,84,4713,4475,70,no,no,no,0,0,0,no,no,0.000000,0.000000,0.000,1.439,3.239,0.025,5.190
569,1403715301.712143,22.900000,OK,OK,MM,no,358,493,0,493,70,423,0.1420,PoseOpt,yes,yes,84,4711,4450,68,yes,no,no,0,0,0,no,no,0.000000,0.000000,0.000,1.344,2.938,0.022,4.848
570,1403715301.762143,22.950000,OK,OK,MM,no,337,533,0,533,62,471,0.1163,PoseOpt,no,no,85,4737,4476,69,no,no,no,0,0,0,no,no,0.000000,0.000000,0.000,1.218,3.099,0.025,4.832
571,1403715301.812143,23.000000,OK,OK,MM,no,386,530,0,530,69,461,0.1302,PoseOpt,no,no,85,4737,4531,73,no,no,no,0,0,0,no,no,0.000000,0.000000,0.000,1.585,3.335,0.027,5.450
572,1403715301.862143,23.050000,OK,OK,MM,no,383,528,0,528,59,469,0.1117,PoseOpt,no,no,85,4737,4531,73,yes,no,no,0,0,0,no,no,0.000000,0.000000,0.000,1.369,3.236,0.024,6.124
573,1403715301.912143,23.100000,OK,OK,MM,no,389,525,0,525,64,461,0.1219,PoseOpt,yes,yes,85,4737,4531,73,no,no,no,0,0,0,no,no,0.000000,0.000000,0.000,1.501,3.135,0.022,5.147
574,1403715301.962143,23.150000,OK,OK,MM,no,380,528,0,528,63,465,0.1193,PoseOpt,no,no,86,4756,4550,74,no,no,no,0,0,0,no,no,0.000000,0.000000,0.000,1.384,3.340,0.026,5.691
575,1403715302.012143,23.200000,OK,OK,MM,no,391,541,0,541,74,467,0.1368,PoseOpt,no,no,86,4756,4550,74,no,no,no,0,0,0,no,no,0.000000,0.000000,0.000,1.426,3.311,0.049,5.504
576,1403715302.062143,23.250000,OK,OK,MM,no,374,542,0,542,63,479,0.1162,PoseOpt,no,no,86,4755,4549,74,yes,no,no,0,0,0,no,no,0.000000,0.000000,0.000,1.358,3.171,0.024,7.311
577,1403715302.112143,23.300000,OK,OK,MM,no,409,538,0,538,72,466,0.1338,PoseOpt,yes,yes,86,4755,4549,74,no,no,no,0,0,0,no,no,0.000000,0.000000,0.000,1.400,3.101,0.412,5.443
578,1403715302.162143,23.350000,OK,OK,MM,no,366,548,0,548,76,472,0.1387,PoseOpt,no,no,87,4752,4467,72,no,no,no,0,0,0,no,no,0.000000,0.000000,0.000,1.349,3.347,0.028,5.300
579,1403715302.212143,23.400000,OK,OK,MM,no,404,555,0,555,59,496,0.1063,PoseOpt,no,no,87,4752,4563,76,no,no,no,0,0,0,no,no,0.000000,0.000000,0.000,1.436,3.462,0.028,5.466
580,1403715302.262143,23.450000,OK,OK,MM,no,406,555,0,555,73,482,0.1315,PoseOpt,no,no,87,4752,4514,73,no,no,no,0,0,0,no,no,0.000000,0.000000,0.000,1.468,4.216,0.031,6.434
581,1403715302.312143,23.500000,OK,OK,MM,no,399,524,0,524,66,458,0.1260,PoseOpt,yes,yes,84,4712,4506,72,yes,no,no,0,0,0,no,no,0.000000,0.000000,0.000,1.338,2.854,0.024,4.724
582,1403715302.362143,23.550000,OK,OK,MM,no,368,570,0,570,70,500,0.1228,PoseOpt,no,no,85,4721,4515,73,no,no,no,0,0,0,no,no,0.000000,0.000000,0.000,1.299,3.152,0.025,5.003
583,1403715302.412143,23.600000,OK,OK,MM,no,399,544,0,544,81,463,0.1489,PoseOpt,no,no,85,4721,4532,74,no,no,no,0,0,0,no,no,0.000000,0.000000,0.000,1.506,3.484,0.028,5.574
584,1403715302.462143,23.650000,OK,OK,MM,no,388,532,0,532,72,460,0.1353,PoseOpt,no,no,85,4720,4531,74,yes,no,no,0,0,0,no,no,0.000000,0.000000,0.000,1.482,3.222,0.025,8.579
585,1403715302.512143,23.700000,OK,OK,MM,no,367,561,0,561,76,485,0.1355,PoseOpt,no,no,85,4720,4531,74,no,no,no,0,0,0,no,no,0.000000,0.000000,0.000,1.358,3.774,0.041,5.907
586,1403715302.562143,23.750000,OK,OK,MM,no,394,536,0,536,57,479,0.1063,PoseOpt,yes,yes,85,4720,4531,74,no,no,no,0,0,0,no,no,0.000000,0.000000,0.000,1.646,3.710,0.024,5.910
587,1403715302.612143,23.800000,OK,OK,MM,no,385,568,0,568,86,482,0.1514,PoseOpt,no,no,86,4750,4561,75,no,no,no,0,0,0,no,no,0.000000,0.000000,0.000,1.397,3.318,0.026,5.251
588,1403715302.662143,23.850000,OK,OK,MM,no,383,527,0,527,65,462,0.1233,PoseOpt,no,no,86,4750,4561,75,no,no,no,0,0,0,no,no,0.000000,0.000000,0.000,1.437,3.677,0.028,5.678
589,1403715302.712143,23.900000,OK,OK,MM,no,378,541,0,541,77,464,0.1423,PoseOpt,no,no,86,4750,4561,75,no,no,no,0,0,0,no,no,0.000000,0.000000,0.000,1.331,3.969,0.039,5.990
590,1403715302.762143,23.950000,OK,OK,MM,no,353,518,0,518,61,457,0.1178,PoseOpt,yes,yes,86,4750,4561,75,yes,no,no,0,0,0,no,no,0.000000,0.000000,0.000,1.250,3.258,0.027,5.121
591,1403715302.812143,24.000000,OK,OK,MM,no,354,540,0,540,68,472,0.1259,PoseOpt,no,no,87,4754,4594,78,no,no,no,0,0,0,no,no,0.000000,0.000000,0.000,1.287,3.457,0.026,5.301
592,1403715302.862143,24.050000,OK,OK,MM,no,365,499,0,499,64,435,0.1283,PoseOpt,no,no,87,4754,4594,78,no,no,no,0,0,0,no,no,0.000000,0.000000,0.000,1.388,3.553,0.033,5.539
593,1403715302.912143,24.100000,OK,OK,MM,no,336,492,0,492,55,437,0.1118,PoseOpt,no,no,87,4754,4700,80,no,no,no,0,0,0,no,no,0.000000,0.000000,0.000,1.388,3.644,0.038,5.699
594,1403715302.962143,24.150000,OK,OK,MM,no,336,476,0,476,55,421,0.1155,PoseOpt,no,no,85,4718,4664,78,yes,no,no,0,0,0,no,no,0.000000,0.000000,0.000,1.186,2.827,0.023,4.541
595,1403715303.012143,24.200000,OK,OK,MM,no,326,455,0,455,52,403,0.1143,PoseOpt,yes,yes,85,4718,4656,77,no,no,no,0,0,0,no,no,0.000000,0.000000,0.000,1.177,3.015,0.023,4.740
596,1403715303.062143,24.250000,OK,OK,MM,no,306,468,0,468,75,393,0.1603,PoseOpt,no,no,86,4741,4679,78,no,no,no,0,0,0,no,no,0.000000,0.000000,0.000,1.373,3.164,0.025,5.201
597,1403715303.112143,24.300000,OK,OK,MM,no,296,473,0,473,65,408,0.1374,PoseOpt,no,no,86,4741,4679,78,no,no,no,0,0,0,no,no,0.000000,0.000000,0.000,1.166,3.187,0.023,4.872
598,1403715303.162143,24.350000,OK,OK,MM,no,319,442,0,442,65,377,0.1471,PoseOpt,no,no,86,4741,4679,78,yes,no,no,0,0,0,no,no,0.000000,0.000000,0.000,1.145,2.985,0.022,4.691
599,1403715303.212143,24.400000,OK,OK,MM,no,283,431,0,431,62,369,0.1439,PoseOpt,yes,yes,86,4741,4503,72,no,no,no,0,0,0,no,no,0.000000,0.000000,0.000,1.082,3.036,0.023,4.668
600,1403715303.262143,24.450000,OK,OK,MM,no,265,440,0,440,56,384,0.1273,PoseOpt,no,no,87,4774,4536,73,no,no,no,0,0,0,no,no,0.000000,0.000000,0.000,1.070,2.953,0.025,4.668
601,1403715303.312143,24.500000,OK,OK,MM,no,297,438,0,438,52,386,0.1187,PoseOpt,no,no,87,4774,4696,77,no,no,no,0,0,0,no,no,0.000000,0.000000,0.000,1.033,3.194,0.029,5.346
602,1403715303.362143,24.550000,OK,OK,MM,no,281,411,0,411,52,359,0.1265,PoseOpt,no,no,87,4774,4466,70,no,no,no,0,0,0,no,no,0.000000,0.000000,0.000,1.019,3.227,0.023,4.802
603,1403715303.412143,24.600000,OK,OK,MM,no,265,402,0,402,50,352,0.1244,PoseOpt,yes,yes,85,4748,4440,68,yes,no,no,0,0,0,no,no,0.000000,0.000000,0.000,0.911,2.664,0.021,4.106
604,1403715303.462143,24.650000,OK,OK,MM,no,260,410,0,410,48,362,0.1171,PoseOpt,no,no,86,4781,4120,63,no,no,no,0,0,0,no,no,0.000000,0.000000,0.000,0.901,2.789,0.022,4.202
605,1403715303.512143,24.700000,OK,OK,MM,no,268,387,0,387,51,336,0.1318,PoseOpt,no,no,86,4781,4234,65,no,no,no,0,0,0,no,no,0.000000,0.000000,0.000,0.997,3.016,0.023,4.633
606,1403715303.562143,24.750000,OK,OK,MM,no,251,385,0,385,44,341,0.1143,PoseOpt,no,no,86,4780,4233,65,yes,no,no,0,0,0,no,no,0.000000,0.000000,0.000,0.888,2.629,0.021,4.077
607,1403715303.612143,24.800000,OK,OK,MM,no,249,335,0,335,45,290,0.1343,PoseOpt,yes,yes,86,4780,4024,61,no,no,no,0,0,0,no,no,0.000000,0.000000,0.000,0.916,2.359,0.019,3.752
608,1403715303.662143,24.850000,OK,OK,MM,no,204,351,0,351,40,311,0.1140,PoseOpt,no,no,87,4801,4045,62,no,no,no,0,0,0,no,no,0.000000,0.000000,0.000,0.810,2.536,0.019,3.847
609,1403715303.712143,24.900000,OK,OK,MM,no,227,327,0,327,38,289,0.1162,PoseOpt,no,no,87,4801,4045,62,no,no,no,0,0,0,no,no,0.000000,0.000000,0.000,0.839,2.451,0.020,3.794
610,1403715303.762143,24.950000,OK,OK,MM,no,211,300,0,300,29,271,0.0967,PoseOpt,yes,yes,87,4800,3699,52,yes,no,no,0,0,0,no,no,0.000000,0.000000,0.000,0.754,2.283,0.022,3.627
611,1403715303.812143,25.000000,OK,OK,MM,no,207,334,0,334,31,303,0.0928,PoseOpt,no,no,88,4869,3745,54,no,no,no,0,0,0,no,no,0.000000,0.000000,0.000,0.800,2.388,0.018,3.663
612,1403715303.862143,25.050000,OK,OK,MM,no,225,289,0,289,31,258,0.1073,PoseOpt,no,no,88,4869,3705,52,no,no,no,0,0,0,no,no,0.000000,0.000000,0.000,0.808,2.015,0.017,3.274
613,1403715303.912143,25.100000,OK,OK,MM,no,192,281,0,281,39,242,0.1388,PoseOpt,yes,yes,87,4847,3276,46,yes,no,no,0,0,0,no,no,0.000000,0.000000,0.000,0.736,2.010,0.018,3.226
614,1403715303.962143,25.150000,OK,OK,MM,no,190,304,0,304,33,271,0.1086,PoseOpt,no,no,88,4900,3208,45,no,no,no,0,0,0,no,no,0.000000,0.000000,0.000,0.776,2.078,0.018,3.312
615,1403715304.012143,25.200000,OK,OK,MM,no,214,300,0,300,38,262,0.1267,PoseOpt,no,no,88,4900,3329,47,yes,no,no,0,0,0,no,no,0.000000,0.000000,0.000,0.813,1.870,0.018,3.281
616,1403715304.062143,25.250000,OK,OK,MM,no,200,274,0,274,31,243,0.1131,PoseOpt,yes,yes,88,4900,3329,47,no,no,no,0,0,0,no,no,0.000000,0.000000,0.000,0.780,1.804,0.015,3.009
617,1403715304.112143,25.300000,OK,OK,MM,no,197,329,0,329,27,302,0.0821,PoseOpt,no,no,89,4928,3236,46,no,no,no,0,0,0,no,no,0.000000,0.000000,0.000,0.758,2.014,0.016,3.253
618,1403715304.162143,25.350000,OK,OK,MM,no,232,301,0,301,21,280,0.0698,PoseOpt,no,no,88,4918,3257,46,yes,no,no,0,0,0,no,no,0.000000,0.000000,0.000,0.959,2.073,0.020,3.604
619,1403715304.212143,25.400000,OK,OK,MM,no,232,288,0,288,21,267,0.0729,PoseOpt,no,no,88,4918,3347,47,no,no,no,0,0,0,no,no,0.000000,0.000000,0.000,0.867,1.888,0.014,3.198
620,1403715304.262143,25.450000,OK,OK,MM,no,203,287,0,287,27,260,0.0941,PoseOpt,yes,yes,88,4918,3257,46,no,no,no,0,0,0,no,no,0.000000,0.000000,0.000,0.824,2.090,0.016,3.356
621,1403715304.312143,25.500000,OK,OK,MM,no,221,347,0,347,25,322,0.0720,PoseOpt,no,no,89,4978,3317,47,no,no,no,0,0,0,no,no,0.000000,0.000000,0.000,0.784,1.995,0.019,3.220
622,1403715304.362143,25.550000,OK,OK,MM,no,266,352,0,352,25,327,0.0710,PoseOpt,no,no,89,4977,3316,47,yes,no,no,0,0,0,no,no,0.000000,0.000000,0.000,0.960,1.958,0.017,3.334
623,1403715304.412143,25.600000,OK,OK,MM,no,286,351,0,351,26,325,0.0741,PoseOpt,no,no,89,4977,3316,47,no,no,no,0,0,0,no,no,0.000000,0.000000,0.000,0.965,1.974,0.016,3.327
624,1403715304.462143,25.650000,OK,OK,MM,no,266,336,0,336,24,312,0.0714,PoseOpt,no,no,89,4977,3316,47,no,no,no,0,0,0,no,no,0.000000,0.000000,0.000,1.020,1.973,0.017,3.413
625,1403715304.512143,25.700000,OK,OK,MM,no,254,338,0,338,25,313,0.0740,PoseOpt,no,no,89,4977,3316,47,no,no,no,0,0,0,no,no,0.000000,0.000000,0.000,1.209,3.386,0.017,5.238
626,1403715304.562143,25.750000,OK,OK,MM,no,260,330,0,330,23,307,0.0697,PoseOpt,no,no,89,4977,3316,47,no,no,no,0,0,0,no,no,0.000000,0.000000,0.000,0.930,1.958,0.017,3.273
627,1403715304.612143,25.800000,OK,OK,MM,no,258,342,0,342,34,308,0.0994,PoseOpt,no,no,89,4977,3316,47,no,no,no,0,0,0,no,no,0.000000,0.000000,0.000,0.901,1.902,0.017,3.194
628,1403715304.662143,25.850000,OK,OK,MM,no,249,317,0,317,29,288,0.0915,PoseOpt,yes,yes,89,4977,3316,47,no,no,no,0,0,0,no,no,0.000000,0.000000,0.000,0.929,2.098,0.017,3.463
629,1403715304.712143,25.900000,OK,OK,MM,no,240,378,0,378,30,348,0.0794,PoseOpt,no,no,90,5030,3369,48,no,no,no,0,0,0,no,no,0.000000,0.000000,0.000,0.891,2.308,0.021,3.919
630,1403715304.762143,25.950000,OK,OK,MM,no,271,354,0,354,20,334,0.0565,PoseOpt,no,no,90,5030,3369,48,yes,no,no,0,0,0,no,no,0.000000,0.000000,0.000,1.014,1.947,0.016,3.543
631,1403715304.812143,26.000000,OK,OK,MM,no,273,348,0,348,17,331,0.0489,PoseOpt,no,no,90,5030,3369,48,no,no,no,0,0,0,no,no,0.000000,0.000000,0.000,1.009,2.101,0.018,3.528
632,1403715304.862143,26.050000,OK,OK,MM,no,268,361,0,361,30,331,0.0831,PoseOpt,no,no,90,5030,3369,48,no,no,no,0,0,0,no,no,0.000000,0.000000,0.000,0.971,2.132,0.017,3.507
633,1403715304.912143,26.100000,OK,OK,MM,no,269,357,0,357,25,332,0.0700,PoseOpt,yes,yes,90,5030,3369,48,no,no,no,0,0,0,no,no,0.000000,0.000000,0.000,0.976,2.120,0.018,3.536
634,1403715304.962143,26.150000,OK,OK,MM,no,271,387,0,387,28,359,0.0724,PoseOpt,no,no,91,5078,3386,48,no,no,no,0,0,0,no,no,0.000000,0.000000,0.000,0.985,2.149,0.019,3.592
635,1403715305.012143,26.200000,OK,OK,MM,no,303,386,0,386,23,363,0.0596,PoseOpt,no,no,91,5078,3386,48,yes,no,no,0,0,0,no,no,0.000000,0.000000,0.000,1.072,2.031,0.018,3.542
636,1403715305.062143,26.250000,OK,OK,MM,no,300,386,0,386,24,362,0.0622,PoseOpt,no,no,91,5078,3386,48,no,no,no,0,0,0,no,no,0.000000,0.000000,0.000,1.071,2.140,0.018,3.636
637,1403715305.112143,26.300000,OK,OK,MM,no,285,377,0,377,21,356,0.0557,PoseOpt,no,no,91,5078,3417,49,no,no,no,0,0,0,no,no,0.000000,0.000000,0.000,1.080,2.156,0.018,3.669
638,1403715305.162143,26.350000,OK,OK,MM,no,283,353,0,353,18,335,0.0510,PoseOpt,yes,yes,91,5078,3417,49,no,no,no,0,0,0,no,no,0.000000,0.000000,0.000,1.084,2.130,0.018,3.690
639,1403715305.212143,26.400000,OK,OK,MM,no,292,399,0,399,18,381,0.0451,PoseOpt,no,no,92,5109,3448,50,no,no,no,0,0,0,no,no,0.000000,0.000000,0.000,1.035,2.368,0.020,3.882
640,1403715305.262143,26.450000,OK,OK,MM,no,308,404,0,404,22,382,0.0545,PoseOpt,no,no,92,5109,3448,50,yes,no,no,0,0,0,no,no,0.000000,0.000000,0.000,1.098,2.085,0.018,3.612
641,1403715305.312143,26.500000,OK,OK,MM,no,308,395,0,395,26,369,0.0658,PoseOpt,no,no,92,5109,3448,50,no,no,no,0,0,0,no,no,0.000000,0.000000,0.000,1.149,2.188,0.018,3.788
642,1403715305.362143,26.550000,OK,OK,MM,no,295,394,0,394,25,369,0.0635,PoseOpt,no,no,92,5109,3448,50,no,no,no,0,0,0,no,no,0.000000,0.000000,0.000,1.077,2.200,0.019,3.711
643,1403715305.412143,26.600000,OK,OK,MM,no,289,383,0,383,19,364,0.0496,PoseOpt,no,no,92,5109,3448,50,no,no,no,0,0,0,no,no,0.000000,0.000000,0.000,1.080,2.295,0.018,3.812
644,1403715305.462143,26.650000,OK,OK,MM,no,287,397,0,397,28,369,0.0705,PoseOpt,no,no,92,5109,3448,50,no,no,no,0,0,0,no,no,0.000000,0.000000,0.000,1.091,2.225,0.018,3.758
645,1403715305.512143,26.700000,OK,OK,MM,no,277,384,0,384,29,355,0.0755,PoseOpt,no,no,92,5109,3448,50,no,no,no,0,0,0,no,no,0.000000,0.000000,0.000,1.070,2.183,0.018,3.688
646,1403715305.562143,26.750000,OK,OK,MM,no,287,383,0,383,17,366,0.0444,PoseOpt,no,no,92,5109,3448,50,no,no,no,0,0,0,no,no,0.000000,0.000000,0.000,1.057,2.192,0.018,3.686
647,1403715305.612143,26.800000,OK,OK,MM,no,290,396,0,396,22,374,0.0556,PoseOpt,no,no,92,5109,3448,50,no,no,no,0,0,0,no,no,0.000000,0.000000,0.000,1.076,2.098,0.018,3.574
648,1403715305.662143,26.850000,OK,OK,MM,no,298,392,0,392,27,365,0.0689,PoseOpt,no,no,92,5109,3448,50,no,no,no,0,0,0,no,no,0.000000,0.000000,0.000,1.123,2.291,0.019,3.880
649,1403715305.712143,26.900000,OK,OK,MM,no,282,391,0,391,22,369,0.0563,PoseOpt,no,no,92,5109,3223,46,no,no,no,0,0,0,no,no,0.000000,0.000000,0.000,1.075,2.135,0.019,3.665
650,1403715305.762143,26.950000,OK,OK,MM,no,279,367,0,367,31,336,0.0845,PoseOpt,yes,yes,92,5109,3223,46,no,no,no,0,0,0,no,no,0.000000,0.000000,0.000,1.103,2.053,0.020,3.621
651,1403715305.812143,27.000000,OK,OK,MM,no,268,421,0,421,39,382,0.0926,PoseOpt,no,no,93,5172,3511,51,no,no,no,0,0,0,no,no,0.000000,0.000000,0.000,1.021,2.383,0.023,3.891
652,1403715305.862143,27.050000,OK,OK,MM,no,301,401,0,401,36,365,0.0898,PoseOpt,yes,yes,93,5172,3511,51,yes,no,no,0,0,0,no,no,0.000000,0.000000,0.000,1.076,2.089,0.020,3.587
653,1403715305.912143,27.100000,OK,OK,MM,no,287,451,0,451,37,414,0.0820,PoseOpt,no,no,94,5235,3574,52,no,no,no,0,0,0,no,no,0.000000,0.000000,0.000,1.037,2.713,0.029,4.315
654,1403715305.962143,27.150000,OK,OK,MM,no,321,430,0,430,36,394,0.0837,PoseOpt,no,no,94,5233,3572,52,yes,no,no,0,0,0,no,no,0.000000,0.000000,0.000,1.122,2.236,0.020,3.795
655,1403715306.012143,27.200000,OK,OK,MM,no,319,423,0,423,38,385,0.0898,PoseOpt,yes,yes,94,5233,3572,52,no,no,no,0,0,0,no,no,0.000000,0.000000,0.000,1.092,2.286,0.020,3.864
656,1403715306.062143,27.250000,OK,OK,MM,no,317,446,0,446,43,403,0.0964,PoseOpt,no,no,95,5242,3356,49,no,no,no,0,0,0,no,no,0.000000,0.000000,0.000,1.149,2.257,0.022,3.892
657,1403715306.112143,27.300000,OK,OK,MM,no,315,435,0,435,37,398,0.0851,PoseOpt,no,no,95,5242,3356,49,yes,no,no,0,0,0,no,no,0.000000,0.000000,0.000,1.184,2.290,0.024,3.939
658,1403715306.162143,27.350000,OK,OK,MM,no,307,420,0,420,45,375,0.1071,PoseOpt,yes,yes,94,5231,3567,52,no,no,no,0,0,0,no,no,0.000000,0.000000,0.000,1.219,2.535,0.021,4.248
659,1403715306.212143,27.400000,OK,OK,MM,no,301,459,0,459,34,425,0.0741,PoseOpt,no,no,95,5252,3588,53,no,no,no,0,0,0,no,no,0.000000,0.000000,0.000,1.120,2.572,0.026,4.373
660,1403715306.262143,27.450000,OK,OK,MM,no,326,427,0,427,38,389,0.0890,PoseOpt,yes,yes,95,5252,3362,49,yes,no,no,0,0,0,no,no,0.000000,0.000000,0.000,1.132,2.236,0.020,4.660
661,1403715306.312143,27.500000,OK,OK,MM,no,303,463,0,463,28,435,0.0605,PoseOpt,no,no,96,5268,3378,50,no,no,no,0,0,0,no,no,0.000000,0.000000,0.000,1.096,2.403,0.021,3.992
662,1403715306.362143,27.550000,OK,OK,MM,no,323,421,0,421,18,403,0.0428,PoseOpt,no,no,95,5249,3359,49,yes,no,no,0,0,0,no,no,0.000000,0.000000,0.000,1.210,2.152,0.018,3.806
663,1403715306.412143,27.600000,OK,OK,MM,no,323,408,0,408,18,390,0.0441,PoseOpt,yes,yes,95,5249,3585,53,no,no,no,0,0,0,no,no,0.000000,0.000000,0.000,1.174,2.321,0.021,3.982
664,1403715306.462143,27.650000,OK,OK,MM,no,278,413,0,413,36,377,0.0872,PoseOpt,no,no,96,5305,3641,54,no,no,no,0,0,0,no,no,0.000000,0.000000,0.000,1.148,2.459,0.022,4.108
665,1403715306.512143,27.700000,OK,OK,MM,no,287,424,0,424,28,396,0.0660,PoseOpt,yes,yes,96,5305,3641,54,yes,no,no,0,0,0,no,no,0.000000,0.000000,0.000,1.123,2.491,0.020,4.101
666,1403715306.562143,27.750000,OK,OK,MM,no,306,418,0,418,28,390,0.0670,PoseOpt,no,no,97,5333,3760,56,no,no,no,0,0,0,no,no,0.000000,0.000000,0.000,1.150,2.651,0.022,4.310
667,1403715306.612143,27.800000,OK,OK,MM,no,292,412,0,412,25,387,0.0607,PoseOpt,no,no,97,5331,3758,56,yes,no,no,0,0,0,no,no,0.000000,0.000000,0.000,1.055,2.967,0.024,4.544
668,1403715306.662143,27.850000,OK,OK,MM,no,288,405,0,405,28,377,0.0691,PoseOpt,yes,yes,97,5331,3758,56,no,no,no,0,0,0,no,no,0.000000,0.000000,0.000,1.063,2.647,0.020,4.240
669,1403715306.712143,27.900000,OK,OK,MM,no,289,419,0,419,35,384,0.0835,PoseOpt,no,no,98,5356,4067,60,no,no,no,0,0,0,no,no,0.000000,0.000000,0.000,1.064,2.835,0.020,4.420
670,1403715306.762143,27.950000,OK,OK,MM,no,292,412,0,412,45,367,0.1092,PoseOpt,no,no,98,5356,4191,62,no,no,no,0,0,0,no,no,0.000000,0.000000,0.000,1.125,2.972,0.021,4.638
671,1403715306.812143,28.000000,OK,OK,MM,no,269,423,0,423,52,371,0.1229,PoseOpt,yes,yes,97,5336,4234,62,yes,no,no,0,0,0,no,no,0.000000,0.000000,0.000,0.988,2.775,0.019,4.298
672,1403715306.862143,28.050000,OK,OK,MM,no,269,445,0,445,51,394,0.1146,PoseOpt,no,no,98,5349,4552,72,no,no,no,0,0,0,no,no,0.000000,0.000000,0.000,1.011,2.991,0.022,4.527
673,1403715306.912143,28.100000,OK,OK,MM,no,291,459,0,459,56,403,0.1220,PoseOpt,no,no,98,5349,4552,72,no,no,no,0,0,0,no,no,0.000000,0.000000,0.000,1.190,3.877,0.023,5.648
674,1403715306.962143,28.150000,OK,OK,MM,no,308,442,0,442,49,393,0.1109,PoseOpt,no,no,98,5348,4611,74,yes,no,no,0,0,0,no,no,0.000000,0.000000,0.000,1.180,2.802,0.021,4.540
675,1403715307.012143,28.200000,OK,OK,MM,no,295,430,0,430,55,375,0.1279,PoseOpt,yes,yes,98,5348,4719,76,no,no,no,0,0,0,no,no,0.000000,0.000000,0.000,1.130,2.988,0.020,4.617
676,1403715307.062143,28.250000,OK,OK,MM,no,287,479,0,479,61,418,0.1273,PoseOpt,no,no,99,5367,4738,77,no,no,no,0,0,0,no,no,0.000000,0.000000,0.000,1.027,3.327,0.022,4.904
677,1403715307.112143,28.300000,OK,OK,MM,no,329,474,0,474,59,415,0.1245,PoseOpt,no,no,99,5367,5024,81,no,no,no,0,0,0,no,no,0.000000,0.000000,0.000,1.406,3.517,0.024,5.489
678,1403715307.162143,28.350000,OK,OK,MM,no,315,474,0,474,66,408,0.1392,PoseOpt,no,no,99,5367,5043,81,no,no,no,0,0,0,no,no,0.000000,0.000000,0.000,1.267,3.273,0.026,5.210
679,1403715307.212143,28.400000,OK,OK,MM,no,316,481,0,481,63,418,0.1310,PoseOpt,no,no,98,5351,5056,81,yes,no,no,0,0,0,no,no,0.000000,0.000000,0.000,1.115,3.227,0.021,4.868
680,1403715307.262143,28.450000,OK,OK,MM,no,319,515,0,515,90,425,0.1748,PoseOpt,no,no,98,5351,5043,81,no,no,no,0,0,0,no,no,0.000000,0.000000,0.000,1.138,3.247,0.021,4.897
681,1403715307.312143,28.500000,OK,OK,MM,no,329,506,0,506,78,428,0.1542,PoseOpt,no,no,98,5351,5056,81,no,no,no,0,0,0,no,no,0.000000,0.000000,0.000,1.220,3.410,0.021,5.163
682,1403715307.362143,28.550000,OK,OK,MM,no,313,525,0,525,73,452,0.1390,PoseOpt,no,no,98,5351,5056,81,no,no,no,0,0,0,no,no,0.000000,0.000000,0.000,1.255,3.604,0.023,5.424
683,1403715307.412143,28.600000,OK,OK,MM,no,333,525,0,525,76,449,0.1448,PoseOpt,no,no,98,5351,5056,81,no,no,no,0,0,0,no,no,0.000000,0.000000,0.000,1.371,3.943,0.021,5.866
684,1403715307.462143,28.650000,OK,OK,MM,no,324,496,0,496,67,429,0.1351,PoseOpt,yes,yes,98,5351,5056,81,no,no,no,0,0,0,no,no,0.000000,0.000000,0.000,1.237,3.479,0.021,5.268
685,1403715307.512143,28.700000,OK,OK,MM,no,314,534,0,534,75,459,0.1404,PoseOpt,no,no,99,5344,5001,81,no,no,no,0,0,0,no,no,0.000000,0.000000,0.000,1.189,3.356,0.024,5.107
686,1403715307.562143,28.750000,OK,OK,MM,no,329,512,0,512,73,439,0.1426,PoseOpt,no,no,99,5344,5098,83,no,no,no,0,0,0,no,no,0.000000,0.000000,0.000,1.303,3.592,0.026,5.444
687,1403715307.612143,28.800000,OK,OK,MM,no,329,512,0,512,85,427,0.1660,PoseOpt,no,no,99,5344,5116,86,no,no,no,0,0,0,no,no,0.000000,0.000000,0.000,1.220,3.868,0.028,5.695
688,1403715307.662143,28.850000,OK,OK,MM,no,324,504,0,504,74,430,0.1468,PoseOpt,no,no,99,5344,5116,86,no,no,no,0,0,0,no,no,0.000000,0.000000,0.000,1.262,4.193,0.034,6.144
689,1403715307.712143,28.900000,OK,OK,MM,no,329,498,0,498,82,416,0.1647,PoseOpt,no,no,98,5325,5195,85,yes,no,no,0,0,0,no,no,0.000000,0.000000,0.000,1.589,3.849,0.023,6.021
690,1403715307.762143,28.950000,OK,OK,MM,no,308,476,0,476,68,408,0.1429,PoseOpt,yes,yes,98,5325,5316,91,no,no,no,0,0,0,no,no,0.000000,0.000000,0.000,1.184,3.490,0.022,5.232
691,1403715307.812143,29.000000,OK,OK,MM,no,305,509,0,509,84,425,0.1650,PoseOpt,no,no,99,5331,5302,91,no,no,no,0,0,0,no,no,0.000000,0.000000,0.000,1.133,3.363,0.024,5.047
692,1403715307.862143,29.050000,OK,OK,MM,no,326,489,0,489,81,408,0.1656,PoseOpt,no,no,99,5331,5330,96,no,no,no,0,0,0,no,no,0.000000,0.000000,0.000,1.194,3.486,0.025,5.215
693,1403715307.912143,29.100000,OK,OK,MM,no,311,484,0,484,95,389,0.1963,PoseOpt,no,no,99,5331,5331,98,no,no,no,0,0,0,no,no,0.000000,0.000000,0.000,1.203,3.633,0.024,5.376
694,1403715307.962143,29.150000,OK,OK,MM,no,290,457,0,457,74,383,0.1619,PoseOpt,no,no,99,5331,5329,94,yes,no,no,0,0,0,no,no,0.000000,0.000000,0.000,1.118,3.708,0.032,5.456
695,1403715308.012143,29.200000,OK,OK,MM,no,306,443,0,443,79,364,0.1783,PoseOpt,yes,yes,98,5310,5310,97,no,no,no,0,0,0,no,no,0.000000,0.000000,0.000,1.161,3.470,0.024,5.178
696,1403715308.062143,29.250000,OK,OK,MM,no,280,489,0,489,79,410,0.1616,PoseOpt,no,no,99,5345,5341,96,no,no,no,0,0,0,no,no,0.000000,0.000000,0.000,1.075,3.645,0.024,5.297
697,1403715308.112143,29.300000,OK,OK,MM,no,299,481,0,481,86,395,0.1788,PoseOpt,no,no,99,5345,5320,92,no,no,no,0,0,0,no,no,0.000000,0.000000,0.000,1.164,3.476,0.026,5.177
698,1403715308.162143,29.350000,OK,OK,MM,no,304,461,0,461,78,383,0.1692,PoseOpt,no,no,99,5345,5317,94,no,no,no,0,0,0,no,no,0.000000,0.000000,0.000,1.190,3.373,0.024,5.117
699,1403715308.212143,29.400000,OK,OK,MM,no,288,448,0,448,73,375,0.1629,PoseOpt,no,no,99,5344,5316,94,yes,no,no,0,0,0,no,no,0.000000,0.000000,0.000,1.172,3.542,0.027,5.286
700,1403715308.262143,29.450000,OK,OK,MM,no,282,433,0,433,74,359,0.1709,PoseOpt,yes,yes,97,5317,5289,91,no,no,no,0,0,0,no,no,0.000000,0.000000,0.000,1.067,3.134,0.022,4.743
701,1403715308.312143,29.500000,OK,OK,MM,no,268,460,0,460,81,379,0.1761,PoseOpt,no,no,98,5386,5357,91,no,no,no,0,0,0,no,no,0.000000,0.000000,0.000,1.015,3.177,0.024,4.732
702,1403715308.362143,29.550000,OK,OK,MM,no,296,462,0,462,82,380,0.1775,PoseOpt,no,no,98,5386,5385,95,no,no,no,0,0,0,no,no,0.000000,0.000000,0.000,1.114,3.551,0.024,5.172
703,1403715308.412143,29.600000,OK,OK,MM,no,297,458,0,458,68,390,0.1485,PoseOpt,no,no,98,5386,5367,94,no,no,no,0,0,0,no,no,0.000000,0.000000,0.000,1.213,3.634,0.026,5.433
704,1403715308.462143,29.650000,OK,OK,MM,no,300,472,0,472,72,400,0.1525,PoseOpt,no,no,98,5386,5358,93,yes,no,no,0,0,0,no,no,0.000000,0.000000,0.000,1.271,4.083,0.025,6.284
705,1403715308.512143,29.700000,OK,OK,MM,no,319,445,0,445,84,361,0.1888,PoseOpt,yes,yes,98,5386,5386,97,no,no,no,0,0,0,no,no,0.000000,0.000000,0.000,1.293,3.399,0.550,5.878
706,1403715308.562143,29.750000,OK,OK,MM,no,286,519,0,519,82,437,0.1580,PoseOpt,no,no,99,5439,5439,97,no,no,no,0,0,0,no,no,0.000000,0.000000,0.000,1.175,3.239,0.024,4.979
707,1403715308.612143,29.800000,OK,OK,MM,no,349,495,0,495,92,403,0.1859,PoseOpt,no,no,99,5439,5411,93,no,no,no,0,0,0,no,no,0.000000,0.000000,0.000,1.340,3.476,0.025,5.382
708,1403715308.662143,29.850000,OK,OK,MM,no,338,498,0,498,80,418,0.1606,PoseOpt,no,no,99,5439,5438,96,no,no,no,0,0,0,no,no,0.000000,0.000000,0.000,1.260,3.519,0.025,5.332
709,1403715308.712143,29.900000,OK,OK,MM,no,348,503,0,503,78,425,0.1551,PoseOpt,no,no,99,5437,5437,98,yes,no,no,0,0,0,no,no,0.000000,0.000000,0.000,1.441,3.266,0.022,9.553
710,1403715308.762143,29.950000,OK,OK,MM,no,345,508,0,508,80,428,0.1575,PoseOpt,no,no,99,5437,5437,99,no,no,no,0,0,0,no,no,0.000000,0.000000,0.000,1.286,3.685,0.038,5.555
711,1403715308.812143,30.000000,OK,OK,MM,no,379,502,0,502,78,424,0.1554,PoseOpt,no,no,99,5437,5437,99,no,no,no,0,0,0,no,no,0.000000,0.000000,0.000,1.364,3.544,0.022,5.431
712,1403715308.862143,30.050000,OK,OK,MM,no,354,510,0,510,72,438,0.1412,PoseOpt,no,no,99,5437,5437,99,no,no,no,0,0,0,no,no,0.000000,0.000000,0.000,1.352,3.551,0.022,5.422
713,1403715308.912143,30.100000,OK,OK,MM,no,354,504,0,504,82,422,0.1627,PoseOpt,no,no,99,5437,5437,97,no,no,no,0,0,0,no,no,0.000000,0.000000,0.000,1.479,3.637,0.024,5.649
714,1403715308.962143,30.150000,OK,OK,MM,no,337,509,0,509,79,430,0.1552,PoseOpt,no,no,99,5437,5434,96,no,no,no,0,0,0,no,no,0.000000,0.000000,0.000,1.248,3.645,0.023,5.409
715,1403715309.012143,30.200000,OK,OK,MM,no,351,510,0,510,88,422,0.1725,PoseOpt,no,no,99,5437,5437,97,no,no,no,0,0,0,no,no,0.000000,0.000000,0.000,1.415,3.745,0.021,5.676
716,1403715309.062143,30.250000,OK,OK,MM,no,317,504,0,504,81,423,0.1607,PoseOpt,yes,yes,99,5437,5409,94,no,no,no,0,0,0,no,no,0.000000,0.000000,0.000,1.287,3.545,0.023,5.402
717,1403715309.112143,30.300000,OK,OK,MM,no,356,517,0,517,75,442,0.1451,PoseOpt,no,no,100,5460,5460,98,no,no,no,0,0,0,no,no,0.000000,0.000000,0.000,1.340,3.842,0.026,5.760
718,1403715309.162143,30.350000,OK,OK,MM,no,368,530,0,530,74,456,0.1396,PoseOpt,no,no,100,5460,5460,98,no,no,no,0,0,0,no,no,0.000000,0.000000,0.000,1.419,3.565,0.026,5.555
719,1403715309.212143,30.400000,OK,OK,MM,no,377,499,0,499,68,431,0.1363,PoseOpt,no,no,100,5460,5460,99,no,no,no,0,0,0,no,no,0.000000,0.000000,0.000,1.500,3.987,0.043,6.191
720,1403715309.262143,30.450000,OK,OK,MM,no,356,514,0,514,72,442,0.1401,PoseOpt,no,no,100,5458,5458,99,yes,no,no,0,0,0,no,no,0.000000,0.000000,0.000,1.317,3.799,0.028,5.860
721,1403715309.312143,30.500000,OK,OK,MM,no,350,519,0,519,76,443,0.1464,PoseOpt,yes,yes,100,5458,5458,98,no,no,no,0,0,0,no,no,0.000000,0.000000,0.000,1.420,3.393,0.023,5.386
722,1403715309.362143,30.550000,OK,OK,MM,no,353,548,0,548,75,473,0.1369,PoseOpt,no,no,101,5478,5478,99,no,no,no,0,0,0,no,no,0.000000,0.000000,0.000,1.408,3.701,0.028,5.753
723,1403715309.412143,30.600000,OK,OK,MM,no,371,536,0,536,76,460,0.1418,PoseOpt,no,no,101,5478,5476,98,no,no,no,0,0,0,no,no,0.000000,0.000000,0.000,1.573,4.028,0.050,6.508
724,1403715309.462143,30.650000,OK,OK,MM,no,372,543,0,543,84,459,0.1547,PoseOpt,no,no,101,5478,5478,100,no,no,no,0,0,0,no,no,0.000000,0.000000,0.000,1.514,4.520,0.060,6.794
725,1403715309.512143,30.700000,OK,OK,MM,no,363,536,0,536,84,452,0.1567,PoseOpt,no,no,101,5478,5478,99,no,no,no,0,0,0,no,no,0.000000,0.000000,0.000,1.391,3.770,0.042,5.887
726,1403715309.562143,30.750000,OK,OK,MM,no,380,521,0,521,85,436,0.1631,PoseOpt,no,no,99,5450,5450,97,yes,no,no,0,0,0,no,no,0.000000,0.000000,0.000,1.359,3.788,0.023,5.730
727,1403715309.612143,30.800000,OK,OK,MM,no,377,530,0,530,79,451,0.1491,PoseOpt,yes,yes,99,5450,5450,98,no,no,no,0,0,0,no,no,0.000000,0.000000,0.000,1.558,3.568,0.024,5.706
728,1403715309.662143,30.850000,OK,OK,MM,no,369,557,0,557,70,487,0.1257,PoseOpt,no,no,100,5449,5449,98,no,no,no,0,0,0,no,no,0.000000,0.000000,0.000,1.343,3.467,0.024,5.368
729,1403715309.712143,30.900000,OK,OK,MM,no,403,549,0,549,79,470,0.1439,PoseOpt,no,no,100,5449,5449,98,no,no,no,0,0,0,no,no,0.000000,0.000000,0.000,1.586,4.203,0.025,6.376
730,1403715309.762143,30.950000,OK,OK,MM,no,391,553,0,553,92,461,0.1664,PoseOpt,no,no,100,5449,5440,94,no,no,no,0,0,0,no,no,0.000000,0.000000,0.000,1.627,4.454,0.037,6.796
731,1403715309.812143,31.000000,OK,OK,MM,no,393,539,0,539,67,472,0.1243,PoseOpt,no,no,100,5448,5448,99,yes,no,no,0,0,0,no,no,0.000000,0.000000,0.000,1.496,3.623,0.024,5.686
732,1403715309.862143,31.050000,OK,OK,MM,no,394,528,0,528,67,461,0.1269,PoseOpt,yes,yes,100,5448,5439,96,no,no,no,0,0,0,no,no,0.000000,0.000000,0.000,1.458,3.466,0.023,5.481
733,1403715309.912143,31.100000,OK,OK,MM,no,381,570,0,570,74,496,0.1298,PoseOpt,no,no,101,5476,5476,99,no,no,no,0,0,0,no,no,0.000000,0.000000,0.000,1.419,3.438,0.025,5.418
734,1403715309.962143,31.150000,OK,OK,MM,no,426,569,0,569,84,485,0.1476,PoseOpt,no,no,101,5476,5476,98,no,no,no,0,0,0,no,no,0.000000,0.000000,0.000,1.596,3.688,0.032,5.900
735,1403715310.012143,31.200000,OK,OK,MM,no,391,557,0,557,85,472,0.1526,PoseOpt,no,no,101,5476,5475,98,no,no,no,0,0,0,no,no,0.000000,0.000000,0.000,1.758,4.029,0.029,6.426
736,1403715310.062143,31.250000,OK,OK,MM,no,384,537,0,537,87,450,0.1620,PoseOpt,no,no,101,5474,5474,96,yes,no,no,0,0,0,no,no,0.000000,0.000000,0.000,1.497,3.705,0.025,5.791
737,1403715310.112143,31.300000,OK,OK,MM,no,359,503,0,503,77,426,0.1531,PoseOpt,yes,yes,101,5474,5445,94,no,no,no,0,0,0,no,no,0.000000,0.000000,0.000,1.399,3.634,0.026,5.614
738,1403715310.162143,31.350000,OK,OK,MM,no,339,509,0,509,75,434,0.1473,PoseOpt,no,no,102,5502,5473,95,no,no,no,0,0,0,no,no,0.000000,0.000000,0.000,1.321,3.753,0.027,5.689
739,1403715310.212143,31.400000,OK,OK,MM,no,351,485,0,485,80,405,0.1649,PoseOpt,no,no,102,5502,5372,90,no,no,no,0,0,0,no,no,0.000000,0.000000,0.000,1.439,3.924,0.028,5.996
740,1403715310.262143,31.450000,OK,OK,MM,no,326,479,0,479,74,405,0.1545,PoseOpt,no,no,102,5502,5273,89,no,no,no,0,0,0,no,no,0.000000,0.000000,0.000,1.341,4.732,0.043,6.798
741,1403715310.312143,31.500000,OK,OK,MM,no,334,452,0,452,72,380,0.1593,PoseOpt,no,no,102,5502,5350,92,no,no,no,0,0,0,no,no,0.000000,0.000000,0.000,1.346,3.695,0.030,5.713
742,1403715310.362143,31.550000,OK,OK,MM,no,300,452,0,452,77,375,0.1704,PoseOpt,no,no,101,5487,5258,88,yes,no,no,0,0,0,no,no,0.000000,0.000000,0.000,1.171,3.005,0.024,4.677
743,1403715310.412143,31.600000,OK,OK,MM,no,286,438,0,438,79,359,0.1804,PoseOpt,yes,yes,101,5487,5327,90,no,no,no,0,0,0,no,no,0.000000,0.000000,0.000,1.112,3.584,0.025,5.258
744,1403715310.462143,31.650000,OK,OK,MM,no,296,471,0,471,80,391,0.1699,PoseOpt,no,no,102,5505,5341,91,no,no,no,0,0,0,no,no,0.000000,0.000000,0.000,1.185,3.434,0.024,5.155
745,1403715310.512143,31.700000,OK,OK,MM,no,309,466,0,466,84,382,0.1803,PoseOpt,no,no,102,5505,5186,88,no,no,no,0,0,0,no,no,0.000000,0.000000,0.000,1.310,3.655,0.025,5.522
746,1403715310.562143,31.750000,OK,OK,MM,no,316,433,0,433,79,354,0.1824,PoseOpt,no,no,102,5505,5276,89,no,no,no,0,0,0,no,no,0.000000,0.000000,0.000,1.161,3.751,0.027,5.592
747,1403715310.612143,31.800000,OK,OK,MM,no,290,445,0,445,82,363,0.1843,PoseOpt,no,no,102,5505,5276,89,no,no,no,0,0,0,no,no,0.000000,0.000000,0.000,1.120,3.357,0.025,5.014
748,1403715310.662143,31.850000,OK,OK,MM,no,303,453,0,453,83,370,0.1832,PoseOpt,no,no,102,5503,5303,89,yes,no,no,0,0,0,no,no,0.000000,0.000000,0.000,1.097,2.956,0.021,4.566
749,1403715310.712143,31.900000,OK,OK,MM,no,310,451,0,451,82,369,0.1818,PoseOpt,yes,yes,102,5503,5303,89,no,no,no,0,0,0,no,no,0.000000,0.000000,0.000,1.192,3.278,0.021,5.042
750,1403715310.762143,31.950000,OK,OK,MM,no,305,472,0,472,88,384,0.1864,PoseOpt,no,no,103,5519,5519,102,no,no,no,0,0,0,no,no,0.000000,0.000000,0.000,1.116,3.262,0.023,4.926
751,1403715310.812143,32.000000,OK,OK,MM,no,320,452,0,452,76,376,0.1681,PoseOpt,no,no,103,5519,5519,102,no,no,no,0,0,0,no,no,0.000000,0.000000,0.000,1.185,3.369,0.024,5.068
752,1403715310.862143,32.050000,OK,OK,MM,no,303,464,0,464,105,359,0.2263,PoseOpt,no,no,103,5519,5519,101,no,no,no,0,0,0,no,no,0.000000,0.000000,0.000,1.200,3.641,0.027,5.392
753,1403715310.912143,32.100000,OK,OK,MM,no,307,448,0,448,85,363,0.1897,PoseOpt,no,no,103,5519,5490,96,yes,no,no,0,0,0,no,no,0.000000,0.000000,0.000,1.120,3.583,0.032,5.263
754,1403715310.962143,32.150000,OK,OK,MM,no,314,455,0,455,76,379,0.1670,PoseOpt,yes,yes,102,5509,5500,96,no,no,no,0,0,0,no,no,0.000000,0.000000,0.000,1.189,3.230,0.020,4.931
755,1403715311.012143,32.200000,OK,OK,MM,no,320,529,0,529,77,452,0.1456,PoseOpt,no,no,103,5582,5582,100,no,no,no,0,0,0,no,no,0.000000,0.000000,0.000,1.176,3.405,0.025,5.126
756,1403715311.062143,32.250000,OK,OK,MM,no,385,517,0,517,88,429,0.1702,PoseOpt,no,no,103,5582,5582,103,no,no,no,0,0,0,no,no,0.000000,0.000000,0.000,1.398,3.474,0.026,5.410
757,1403715311.112143,32.300000,OK,OK,MM,no,362,479,0,479,68,411,0.1420,PoseOpt,no,no,103,5582,5582,102,no,no,no,0,0,0,no,no,0.000000,0.000000,0.000,1.315,3.769,0.027,5.659
758,1403715311.162143,32.350000,OK,OK,MM,no,347,495,0,495,85,410,0.1717,PoseOpt,no,no,103,5581,5581,101,yes,no,no,0,0,0,no,no,0.000000,0.000000,0.000,1.345,3.559,0.026,5.451
759,1403715311.212143,32.400000,OK,OK,MM,no,341,485,0,485,81,404,0.1670,PoseOpt,yes,yes,102,5566,5566,102,no,no,no,0,0,0,no,no,0.000000,0.000000,0.000,1.248,3.386,0.025,5.126
760,1403715311.262143,32.450000,OK,OK,MM,no,336,526,0,526,86,440,0.1635,PoseOpt,no,no,103,5594,5594,101,no,no,no,0,0,0,no,no,0.000000,0.000000,0.000,1.200,3.459,0.024,5.190
761,1403715311.312143,32.500000,OK,OK,MM,no,374,488,0,488,68,420,0.1393,PoseOpt,no,no,103,5594,5594,101,no,no,no,0,0,0,no,no,0.000000,0.000000,0.000,1.326,3.426,0.025,5.273
762,1403715311.362143,32.550000,OK,OK,MM,no,351,483,0,483,77,406,0.1594,PoseOpt,no,no,103,5594,5594,101,no,no,no,0,0,0,no,no,0.000000,0.000000,0.000,1.309,3.337,0.025,5.160
763,1403715311.412143,32.600000,OK,OK,MM,no,353,490,0,490,72,418,0.1469,PoseOpt,no,no,103,5593,5593,103,yes,no,no,0,0,0,no,no,0.000000,0.000000,0.000,1.325,3.203,0.022,7.533
764,1403715311.462143,32.650000,OK,OK,MM,no,346,475,0,475,75,400,0.1579,PoseOpt,yes,yes,102,5579,5529,91,no,no,no,0,0,0,no,no,0.000000,0.000000,0.000,1.412,2.911,0.022,4.802
765,1403715311.512143,32.700000,OK,OK,MM,no,331,507,0,507,83,424,0.1637,PoseOpt,no,no,103,5624,5562,91,no,no,no,0,0,0,no,no,0.000000,0.000000,0.000,1.175,3.318,0.025,5.429
766,1403715311.562143,32.750000,OK,OK,MM,no,354,490,0,490,80,410,0.1633,PoseOpt,no,no,103,5624,5474,92,no,no,no,0,0,0,no,no,0.000000,0.000000,0.000,1.253,3.220,0.034,5.077
767,1403715311.612143,32.800000,OK,OK,MM,no,352,482,0,482,71,411,0.1473,PoseOpt,no,no,103,5624,5474,93,no,no,no,0,0,0,no,no,0.000000,0.000000,0.000,1.235,3.154,0.038,5.763
768,1403715311.662143,32.850000,OK,OK,MM,no,354,474,0,474,73,401,0.1540,PoseOpt,no,no,103,5622,5622,100,yes,no,no,0,0,0,no,no,0.000000,0.000000,0.000,1.248,3.400,0.027,5.208
769,1403715311.712143,32.900000,OK,OK,MM,no,346,468,0,468,86,382,0.1838,PoseOpt,yes,yes,102,5613,5613,96,no,no,no,0,0,0,no,no,0.000000,0.000000,0.000,1.242,2.962,0.025,4.707
770,1403715311.762143,32.950000,OK,OK,MM,no,331,497,0,497,80,417,0.1610,PoseOpt,no,no,103,5642,5642,97,no,no,no,0,0,0,no,no,0.000000,0.000000,0.000,1.146,3.200,0.024,4.829
771,1403715311.812143,33.000000,OK,OK,MM,no,344,470,0,470,70,400,0.1489,PoseOpt,no,no,103,5642,5642,96,no,no,no,0,0,0,no,no,0.000000,0.000000,0.000,1.244,3.832,0.034,5.705
772,1403715311.862143,33.050000,OK,OK,MM,no,336,450,0,450,84,366,0.1867,PoseOpt,no,no,103,5642,5435,89,no,no,no,0,0,0,no,no,0.000000,0.000000,0.000,1.242,3.567,0.036,5.404
773,1403715311.912143,33.100000,OK,OK,MM,no,314,444,0,444,71,373,0.1599,PoseOpt,no,no,103,5642,5434,92,yes,no,no,0,0,0,no,no,0.000000,0.000000,0.000,1.185,3.258,0.030,4.998
774,1403715311.962143,33.150000,OK,OK,MM,no,318,435,0,435,65,370,0.1494,PoseOpt,yes,yes,103,5642,5349,83,no,no,no,0,0,0,no,no,0.000000,0.000000,0.000,1.210,3.183,0.022,4.906
775,1403715312.012143,33.200000,OK,OK,MM,no,310,472,0,472,62,410,0.1314,PoseOpt,no,no,104,5691,5402,85,no,no,no,0,0,0,no,no,0.000000,0.000000,0.000,1.151,2.984,0.025,4.631
776,1403715312.062143,33.250000,OK,OK,MM,no,336,435,0,435,78,357,0.1793,PoseOpt,no,no,104,5691,5335,83,no,no,no,0,0,0,no,no,0.000000,0.000000,0.000,1.229,2.910,0.024,4.611
777,1403715312.112143,33.300000,OK,OK,MM,no,306,411,0,411,70,341,0.1703,PoseOpt,no,no,104,5691,5277,81,no,no,no,0,0,0,no,no,0.000000,0.000000,0.000,1.141,2.850,0.026,4.546
778,1403715312.162143,33.350000,OK,OK,MM,no,290,396,0,396,67,329,0.1692,PoseOpt,no,no,104,5691,5277,81,yes,no,no,0,0,0,no,no,0.000000,0.000000,0.000,1.072,2.742,0.023,4.294
779,1403715312.212143,33.400000,OK,OK,MM,no,269,368,0,368,78,290,0.2120,PoseOpt,yes,yes,104,5691,5277,81,no,no,no,0,0,0,no,no,0.000000,0.000000,0.000,1.087,2.942,0.022,4.507
780,1403715312.262143,33.450000,OK,OK,MM,no,263,405,0,405,69,336,0.1704,PoseOpt,no,no,105,5740,5225,81,no,no,no,0,0,0,no,no,0.000000,0.000000,0.000,0.936,3.118,0.022,4.572
781,1403715312.312143,33.500000,OK,OK,MM,no,297,389,0,389,70,319,0.1799,PoseOpt,no,no,105,5740,5213,81,no,no,no,0,0,0,no,no,0.000000,0.000000,0.000,1.095,3.278,0.036,5.073
782,1403715312.362143,33.550000,OK,OK,MM,no,270,366,0,366,54,312,0.1475,PoseOpt,no,no,105,5740,5225,81,no,no,no,0,0,0,no,no,0.000000,0.000000,0.000,1.014,2.925,0.024,4.495
783,1403715312.412143,33.600000,OK,OK,MM,no,273,361,0,361,65,296,0.1801,PoseOpt,no,no,105,5740,5225,81,yes,no,no,0,0,0,no,no,0.000000,0.000000,0.000,0.997,5.777,0.020,7.285
784,1403715312.462143,33.650000,OK,OK,MM,no,263,334,0,334,63,271,0.1886,PoseOpt,yes,yes,105,5740,5225,81,no,no,no,0,0,0,no,no,0.000000,0.000000,0.000,0.991,2.613,0.026,4.236
785,1403715312.512143,33.700000,OK,OK,MM,no,229,395,0,395,65,330,0.1646,PoseOpt,no,no,106,5804,5214,81,no,no,no,0,0,0,no,no,0.000000,0.000000,0.000,0.838,2.737,0.020,4.050
786,1403715312.562143,33.750000,OK,OK,MM,no,287,365,0,365,62,303,0.1699,PoseOpt,no,no,106,5804,5214,81,no,no,no,0,0,0,no,no,0.000000,0.000000,0.000,1.066,3.098,0.021,4.623
787,1403715312.612143,33.800000,OK,OK,MM,no,265,351,0,351,61,290,0.1738,PoseOpt,no,no,106,5804,5214,81,no,no,no,0,0,0,no,no,0.000000,0.000000,0.000,1.030,3.011,0.030,4.851
788,1403715312.662143,33.850000,OK,OK,MM,no,242,329,0,329,58,271,0.1763,PoseOpt,no,no,106,5802,5212,81,yes,no,no,0,0,0,no,no,0.000000,0.000000,0.000,0.878,2.468,0.019,4.042
789,1403715312.712143,33.900000,OK,OK,MM,no,242,314,0,314,54,260,0.1720,PoseOpt,yes,yes,106,5802,5345,83,no,no,no,0,0,0,no,no,0.000000,0.000000,0.000,1.042,2.506,0.019,3.976
790,1403715312.762143,33.950000,OK,OK,MM,no,235,385,0,385,71,314,0.1844,PoseOpt,no,no,107,5865,5408,84,no,no,no,0,0,0,no,no,0.000000,0.000000,0.000,0.833,2.558,0.021,3.824
791,1403715312.812143,34.000000,OK,OK,MM,no,279,380,0,380,61,319,0.1605,PoseOpt,no,no,107,5865,5408,82,no,no,no,0,0,0,no,no,0.000000,0.000000,0.000,1.025,2.589,0.020,4.049
792,1403715312.862143,34.050000,OK,OK,MM,no,286,347,0,347,67,280,0.1931,PoseOpt,no,no,107,5865,5408,84,no,no,no,0,0,0,no,no,0.000000,0.000000,0.000,1.114,2.693,0.024,4.269
793,1403715312.912143,34.100000,OK,OK,MM,no,258,355,0,355,54,301,0.1521,PoseOpt,no,no,106,5844,5405,81,yes,no,no,0,0,0,no,no,0.000000,0.000000,0.000,0.970,2.345,0.018,3.706
794,1403715312.962143,34.150000,OK,OK,MM,no,263,324,0,324,51,273,0.1574,PoseOpt,yes,yes,106,5844,5254,81,no,no,no,0,0,0,no,no,0.000000,0.000000,0.000,0.941,2.414,0.019,3.770
795,1403715313.012143,34.200000,OK,OK,MM,no,253,392,0,392,63,329,0.1607,PoseOpt,no,no,107,5887,5430,81,no,no,no,0,0,0,no,no,0.000000,0.000000,0.000,0.897,2.519,0.019,3.826
796,1403715313.062143,34.250000,OK,OK,MM,no,299,356,0,356,43,313,0.1208,PoseOpt,no,no,107,5884,4862,65,yes,no,no,0,0,0,no,no,0.000000,0.000000,0.000,1.178,2.210,0.017,4.073
797,1403715313.112143,34.300000,OK,OK,MM,no,264,300,0,300,57,243,0.1900,PoseOpt,yes,yes,107,5884,4537,60,no,no,no,0,0,0,no,no,0.000000,0.000000,0.000,0.987,2.143,0.020,3.528
798,1403715313.162143,34.350000,OK,OK,MM,no,224,322,0,322,53,269,0.1646,PoseOpt,no,no,108,5902,5237,78,no,no,no,0,0,0,no,no,0.000000,0.000000,0.000,0.825,2.391,0.017,3.642
799,1403715313.212143,34.400000,OK,OK,MM,no,241,335,0,335,61,274,0.1821,PoseOpt,no,no,108,5901,4270,55,yes,no,no,0,0,0,no,no,0.000000,0.000000,0.000,0.846,2.071,0.014,3.330
800,1403715313.262143,34.450000,OK,OK,MM,no,252,339,0,339,51,288,0.1504,PoseOpt,yes,yes,108,5901,4270,55,no,no,no,0,0,0,no,no,0.000000,0.000000,0.000,0.968,2.286,0.019,3.676
801,1403715313.312143,34.500000,OK,OK,MM,no,264,374,0,374,54,320,0.1444,PoseOpt,no,no,109,5927,5275,81,no,no,no,0,0,0,no,no,0.000000,0.000000,0.000,0.922,2.638,0.019,4.016
802,1403715313.362143,34.550000,OK,OK,MM,no,295,373,0,373,61,312,0.1635,PoseOpt,no,no,109,5927,5336,81,no,no,no,0,0,0,no,no,0.000000,0.000000,0.000,0.997,2.423,0.018,3.814
803,1403715313.412143,34.600000,OK,OK,MM,no,283,365,0,365,54,311,0.1479,PoseOpt,yes,yes,108,5912,5321,82,yes,no,no,0,0,0,no,no,0.000000,0.000000,0.000,1.011,2.481,0.017,3.922
804,1403715313.462143,34.650000,OK,OK,MM,no,295,423,0,423,60,363,0.1418,PoseOpt,no,no,109,5969,5378,82,no,no,no,0,0,0,no,no,0.000000,0.000000,0.000,1.110,2.833,0.033,4.451
805,1403715313.512143,34.700000,OK,OK,MM,no,335,413,0,413,40,373,0.0969,PoseOpt,no,no,109,5969,5509,82,yes,no,no,0,0,0,no,no,0.000000,0.000000,0.000,1.331,2.982,0.023,4.796
806,1403715313.562143,34.750000,OK,OK,MM,no,339,415,0,415,57,358,0.1373,PoseOpt,yes,yes,109,5969,5512,83,no,no,no,0,0,0,no,no,0.000000,0.000000,0.000,1.235,2.452,0.018,4.101
807,1403715313.612143,34.800000,OK,OK,MM,no,326,423,0,423,55,368,0.1300,PoseOpt,no,no,110,5999,4976,68,no,no,no,0,0,0,no,no,0.000000,0.000000,0.000,1.166,2.749,0.022,4.814
808,1403715313.662143,34.850000,OK,OK,MM,no,333,437,0,437,59,378,0.1350,PoseOpt,no,no,110,5999,4412,57,no,no,no,0,0,0,no,no,0.000000,0.000000,0.000,1.122,3.295,0.022,4.912
809,1403715313.712143,34.900000,OK,OK,MM,no,344,425,0,425,45,380,0.1059,PoseOpt,yes,yes,110,5998,5293,79,yes,no,no,0,0,0,no,no,0.000000,0.000000,0.000,1.165,2.375,0.031,3.973
810,1403715313.762143,34.950000,OK,OK,MM,no,347,422,0,422,40,382,0.0948,PoseOpt,no,no,111,6001,4487,59,no,no,no,0,0,0,no,no,0.000000,0.000000,0.000,1.414,2.476,0.021,4.316
811,1403715313.812143,35.000000,OK,OK,MM,no,346,417,0,417,38,379,0.0911,PoseOpt,no,no,111,5999,5105,70,yes,no,no,0,0,0,no,no,0.000000,0.000000,0.000,1.227,2.478,0.019,6.144
812,1403715313.862143,35.050000,OK,OK,MM,no,343,408,0,408,33,375,0.0809,PoseOpt,yes,yes,111,5999,5077,79,no,no,no,0,0,0,no,no,0.000000,0.000000,0.000,1.169,2.459,0.018,4.051
813,1403715313.912143,35.100000,OK,OK,MM,no,336,415,0,415,36,379,0.0867,PoseOpt,no,no,112,6008,4629,61,no,no,no,0,0,0,no,no,0.000000,0.000000,0.000,1.263,2.941,0.021,4.646
814,1403715313.962143,35.150000,OK,OK,MM,no,346,420,0,420,34,386,0.0810,PoseOpt,no,no,112,6007,4760,66,yes,no,no,0,0,0,no,no,0.000000,0.000000,0.000,1.248,2.379,0.020,6.406
815,1403715314.012143,35.200000,OK,OK,MM,no,341,403,0,403,28,375,0.0695,PoseOpt,yes,yes,112,6007,4760,66,no,no,no,0,0,0,no,no,0.000000,0.000000,0.000,1.186,2.351,0.019,3.954
816,1403715314.062143,35.250000,OK,OK,MM,no,341,416,0,416,39,377,0.0938,PoseOpt,no,no,113,6008,5102,81,no,no,no,0,0,0,no,no,0.000000,0.000000,0.000,1.241,2.620,0.021,4.270
817,1403715314.112143,35.300000,OK,OK,MM,no,334,417,0,417,46,371,0.1103,PoseOpt,no,no,113,6008,5037,80,no,no,no,0,0,0,no,no,0.000000,0.000000,0.000,1.331,2.627,0.019,4.385
818,1403715314.162143,35.350000,OK,OK,MM,no,338,387,0,387,34,353,0.0879,PoseOpt,yes,yes,112,5994,5023,79,yes,no,no,0,0,0,no,no,0.000000,0.000000,0.000,1.235,2.478,0.018,4.124
819,1403715314.212143,35.400000,OK,OK,MM,no,332,396,0,396,43,353,0.1086,PoseOpt,no,no,113,6005,5409,81,no,no,no,0,0,0,no,no,0.000000,0.000000,0.000,1.215,2.586,0.019,4.203
820,1403715314.262143,35.450000,OK,OK,MM,no,329,386,0,386,35,351,0.0907,PoseOpt,no,no,113,6005,4532,60,yes,no,no,0,0,0,no,no,0.000000,0.000000,0.000,1.140,2.165,0.018,5.528
821,1403715314.312143,35.500000,OK,OK,MM,no,322,367,0,367,43,324,0.1172,PoseOpt,yes,yes,112,5984,4315,52,no,no,no,0,0,0,no,no,0.000000,0.000000,0.000,1.153,2.192,0.019,3.848
822,1403715314.362143,35.550000,OK,OK,MM,no,293,365,0,365,34,331,0.0932,PoseOpt,no,no,113,5994,4532,62,no,no,no,0,0,0,no,no,0.000000,0.000000,0.000,1.027,2.353,0.021,3.823
823,1403715314.412143,35.600000,OK,OK,MM,no,309,377,0,377,40,337,0.1061,PoseOpt,no,no,113,5994,4532,62,no,no,no,0,0,0,no,no,0.000000,0.000000,0.000,1.184,2.390,0.022,4.068
824,1403715314.462143,35.650000,OK,OK,MM,no,319,364,0,364,42,322,0.1154,PoseOpt,yes,yes,112,5979,4216,51,yes,no,no,0,0,0,no,no,0.000000,0.000000,0.000,1.072,1.923,0.020,3.320
825,1403715314.512143,35.700000,OK,OK,MM,no,297,368,0,368,40,328,0.1087,PoseOpt,no,no,113,5984,4221,52,no,no,no,0,0,0,no,no,0.000000,0.000000,0.000,1.113,2.136,0.017,3.597
826,1403715314.562143,35.750000,OK,OK,MM,no,305,354,0,354,28,326,0.0791,PoseOpt,no,no,113,5984,4221,52,yes,no,no,0,0,0,no,no,0.000000,0.000000,0.000,1.145,2.049,0.017,3.551
827,1403715314.612143,35.800000,OK,OK,MM,no,304,349,0,349,33,316,0.0946,PoseOpt,yes,yes,112,5972,4388,56,no,no,no,0,0,0,no,no,0.000000,0.000000,0.000,1.043,1.979,0.017,4.226
828,1403715314.662143,35.850000,OK,OK,MM,no,295,353,0,353,25,328,0.0708,PoseOpt,no,no,113,6001,4238,52,no,no,no,0,0,0,no,no,0.000000,0.000000,0.000,1.021,1.994,0.020,3.374
829,1403715314.712143,35.900000,OK,OK,MM,no,314,368,0,368,25,343,0.0679,PoseOpt,no,no,113,6001,4238,52,no,no,no,0,0,0,no,no,0.000000,0.000000,0.000,1.084,2.136,0.019,3.575
830,1403715314.762143,35.950000,OK,OK,MM,no,323,358,0,358,23,335,0.0642,PoseOpt,no,no,113,6000,4237,52,yes,no,no,0,0,0,no,no,0.000000,0.000000,0.000,1.184,2.078,0.018,3.612
831,1403715314.812143,36.000000,OK,OK,MM,no,310,360,0,360,34,326,0.0944,PoseOpt,yes,yes,113,6000,4237,52,no,no,no,0,0,0,no,no,0.000000,0.000000,0.000,1.111,2.027,0.017,3.492
832,1403715314.862143,36.050000,OK,OK,MM,no,308,377,0,377,24,353,0.0637,PoseOpt,no,no,114,6015,4252,53,no,no,no,0,0,0,no,no,0.000000,0.000000,0.000,1.093,2.053,0.023,3.518
833,1403715314.912143,36.100000,OK,OK,MM,no,325,380,0,380,36,344,0.0947,PoseOpt,no,no,114,6015,4431,58,no,no,no,0,0,0,no,no,0.000000,0.000000,0.000,1.225,2.089,0.017,3.658
834,1403715314.962143,36.150000,OK,OK,MM,no,322,356,0,356,34,322,0.0955,PoseOpt,yes,yes,113,5997,4234,52,yes,no,no,0,0,0,no,no,0.000000,0.000000,0.000,1.182,2.026,0.017,3.567
835,1403715315.012143,36.200000,OK,OK,MM,no,291,378,0,378,47,331,0.1243,PoseOpt,no,no,114,6032,4269,53,no,no,no,0,0,0,no,no,0.000000,0.000000,0.000,1.098,2.157,0.019,3.614
836,1403715315.062143,36.250000,OK,OK,MM,no,308,375,0,375,45,330,0.1200,PoseOpt,no,no,114,6032,4448,58,no,no,no,0,0,0,no,no,0.000000,0.000000,0.000,1.064,2.324,0.021,3.764
837,1403715315.112143,36.300000,OK,OK,MM,no,299,371,0,371,33,338,0.0889,PoseOpt,yes,yes,114,6031,4447,58,yes,no,no,0,0,0,no,no,0.000000,0.000000,0.000,1.076,2.166,0.018,3.610
838,1403715315.162143,36.350000,OK,OK,MM,no,320,397,0,397,38,359,0.0957,PoseOpt,no,no,115,6067,4304,54,no,no,no,0,0,0,no,no,0.000000,0.000000,0.000,1.086,2.316,0.021,3.773
839,1403715315.212143,36.400000,OK,OK,MM,no,338,392,0,392,44,348,0.1122,PoseOpt,no,no,115,6067,4304,54,no,no,no,0,0,0,no,no,0.000000,0.000000,0.000,1.188,2.146,0.018,3.719
840,1403715315.262143,36.450000,OK,OK,MM,no,321,374,0,374,40,334,0.1070,PoseOpt,yes,yes,115,6067,4304,54,yes,no,no,0,0,0,no,no,0.000000,0.000000,0.000,1.090,2.094,0.018,3.535
841,1403715315.312143,36.500000,OK,OK,MM,no,312,405,0,405,54,351,0.1333,PoseOpt,no,no,116,6081,3949,48,no,no,no,0,0,0,no,no,0.000000,0.000000,0.000,1.119,2.098,0.020,3.578
842,1403715315.362143,36.550000,OK,OK,MM,no,329,401,0,401,50,351,0.1247,PoseOpt,no,no,116,6081,3949,48,no,no,no,0,0,0,no,no,0.000000,0.000000,0.000,1.198,2.189,0.020,3.759
843,1403715315.412143,36.600000,OK,OK,MM,no,332,395,0,395,35,360,0.0886,PoseOpt,yes,yes,114,6054,3922,46,yes,no,no,0,0,0,no,no,0.000000,0.000000,0.000,1.122,2.017,0.018,3.497
844,1403715315.462143,36.650000,OK,OK,MM,no,325,415,0,415,39,376,0.0940,PoseOpt,no,no,115,6090,3958,47,no,no,no,0,0,0,no,no,0.000000,0.000000,0.000,1.166,2.207,0.021,3.735
845,1403715315.512143,36.700000,OK,OK,MM,no,343,396,0,396,49,347,0.1237,PoseOpt,no,no,115,6090,3958,47,no,no,no,0,0,0,no,no,0.000000,0.000000,0.000,1.350,2.282,0.023,4.943
846,1403715315.562143,36.750000,OK,OK,MM,no,314,390,0,390,57,333,0.1462,PoseOpt,no,no,115,6088,3956,47,yes,no,no,0,0,0,no,no,0.000000,0.000000,0.000,1.184,2.180,0.027,4.257
847,1403715315.612143,36.800000,OK,OK,MM,no,307,386,0,386,49,337,0.1269,PoseOpt,yes,yes,115,6088,3956,47,no,no,no,0,0,0,no,no,0.000000,0.000000,0.000,1.128,2.124,0.019,3.630
848,1403715315.662143,36.850000,OK,OK,MM,no,308,414,0,414,55,359,0.1329,PoseOpt,no,no,116,6121,3931,47,no,no,no,0,0,0,no,no,0.000000,0.000000,0.000,1.013,2.082,0.021,3.459
849,1403715315.712143,36.900000,OK,OK,MM,no,327,393,0,393,49,344,0.1247,PoseOpt,no,no,116,6121,4956,75,no,no,no,0,0,0,no,no,0.000000,0.000000,0.000,1.167,2.627,0.022,4.172
850,1403715315.762143,36.950000,OK,OK,MM,no,315,407,0,407,63,344,0.1548,PoseOpt,yes,yes,115,6108,4943,74,yes,no,no,0,0,0,no,no,0.000000,0.000000,0.000,1.099,2.517,0.019,4.001
851,1403715315.812143,37.000000,OK,OK,MM,no,309,399,0,399,46,353,0.1153,PoseOpt,no,no,116,6109,4944,75,no,no,no,0,0,0,no,no,0.000000,0.000000,0.000,1.030,2.411,0.021,3.808
852,1403715315.862143,37.050000,OK,OK,MM,no,317,386,0,386,60,326,0.1554,PoseOpt,no,no,116,6109,4996,77,no,no,no,0,0,0,no,no,0.000000,0.000000,0.000,1.154,2.510,0.025,4.095
853,1403715315.912143,37.100000,OK,OK,MM,no,292,385,0,385,54,331,0.1403,PoseOpt,yes,yes,115,6086,4973,76,yes,no,no,0,0,0,no,no,0.000000,0.000000,0.000,1.101,2.348,0.018,3.842
854,1403715315.962143,37.150000,OK,OK,MM,no,298,388,0,388,56,332,0.1443,PoseOpt,no,no,116,6098,4992,80,no,no,no,0,0,0,no,no,0.000000,0.000000,0.000,0.990,2.445,0.020,3.791
855,1403715316.012143,37.200000,OK,OK,MM,no,303,378,0,378,64,314,0.1693,PoseOpt,no,no,116,6098,4992,80,no,no,no,0,0,0,no,no,0.000000,0.000000,0.000,1.080,2.441,0.019,3.884
856,1403715316.062143,37.250000,OK,OK,MM,no,272,380,0,380,62,318,0.1632,PoseOpt,yes,yes,115,6082,4980,81,yes,no,no,0,0,0,no,no,0.000000,0.000000,0.000,0.887,2.200,0.017,3.469
857,1403715316.112143,37.300000,OK,OK,MM,no,266,336,0,336,48,288,0.1429,PoseOpt,no,no,116,6075,4940,81,no,no,no,0,0,0,no,no,0.000000,0.000000,0.000,0.903,2.379,0.019,3.657
858,1403715316.162143,37.350000,OK,OK,MM,no,249,330,0,330,48,282,0.1455,PoseOpt,no,no,116,6072,4937,81,yes,no,no,0,0,0,no,no,0.000000,0.000000,0.000,0.930,2.174,0.020,6.775
859,1403715316.212143,37.400000,OK,OK,MM,no,244,329,0,329,48,281,0.1459,PoseOpt,yes,yes,115,6057,4955,81,no,no,no,0,0,0,no,no,0.000000,0.000000,0.000,0.858,2.298,0.016,3.543
860,1403715316.262143,37.450000,OK,OK,MM,no,242,337,0,337,49,288,0.1454,PoseOpt,no,no,116,6045,4910,81,no,no,no,0,0,0,no,no,0.000000,0.000000,0.000,0.899,2.983,0.017,4.264
861,1403715316.312143,37.500000,OK,OK,MM,no,255,337,0,337,47,290,0.1395,PoseOpt,no,no,116,6044,4909,81,yes,no,no,0,0,0,no,no,0.000000,0.000000,0.000,0.838,2.315,0.016,3.533
862,1403715316.362143,37.550000,OK,OK,MM,no,266,337,0,337,43,294,0.1276,PoseOpt,no,no,116,6044,4909,81,no,no,no,0,0,0,no,no,0.000000,0.000000,0.000,0.845,2.166,0.015,3.363
863,1403715316.412143,37.600000,OK,OK,MM,no,247,311,0,311,44,267,0.1415,PoseOpt,yes,yes,116,6044,4909,81,no,no,no,0,0,0,no,no,0.000000,0.000000,0.000,0.834,2.216,0.015,3.434
864,1403715316.462143,37.650000,OK,OK,MM,no,240,324,0,324,57,267,0.1759,PoseOpt,no,no,117,6034,4834,81,no,no,no,0,0,0,no,no,0.000000,0.000000,0.000,0.846,2.353,0.017,3.579
865,1403715316.512143,37.700000,OK,OK,MM,no,247,338,0,338,53,285,0.1568,PoseOpt,no,no,117,6034,4834,81,no,no,no,0,0,0,no,no,0.000000,0.000000,0.000,0.872,2.546,0.016,3.787
866,1403715316.562143,37.750000,OK,OK,MM,no,248,336,0,336,54,282,0.1607,PoseOpt,yes,yes,116,6026,4826,81,yes,no,no,0,0,0,no,no,0.000000,0.000000,0.000,0.824,2.440,0.014,3.663
867,1403715316.612143,37.800000,OK,OK,MM,no,248,394,0,394,43,351,0.1091,PoseOpt,no,no,117,6120,4795,81,no,no,no,0,0,0,no,no,0.000000,0.000000,0.000,0.878,2.527,0.020,3.803
868,1403715316.662143,37.850000,OK,OK,MM,no,306,374,0,374,43,331,0.1150,PoseOpt,no,no,117,6120,4920,82,no,no,no,0,0,0,no,no,0.000000,0.000000,0.000,1.006,2.574,0.021,3.976
869,1403715316.712143,37.900000,OK,OK,MM,no,293,361,0,361,65,296,0.1801,PoseOpt,no,no,116,6098,4963,81,yes,no,no,0,0,0,no,no,0.000000,0.000000,0.000,0.975,2.372,0.018,3.724
870,1403715316.762143,37.950000,OK,OK,MM,no,260,340,0,340,57,283,0.1676,PoseOpt,yes,yes,116,6098,4963,81,no,no,no,0,0,0,no,no,0.000000,0.000000,0.000,0.887,2.428,0.017,3.730
871,1403715316.812143,38.000000,OK,OK,MM,no,254,385,0,385,59,326,0.1532,PoseOpt,no,no,117,6141,4941,81,no,no,no,0,0,0,no,no,0.000000,0.000000,0.000,0.813,2.498,0.020,3.703
872,1403715316.862143,38.050000,OK,OK,MM,no,286,381,0,381,49,332,0.1286,PoseOpt,no,no,117,6141,4941,81,no,no,no,0,0,0,no,no,0.000000,0.000000,0.000,0.950,2.716,0.022,4.103
873,1403715316.912143,38.100000,OK,OK,MM,no,291,366,0,366,54,312,0.1475,PoseOpt,no,no,117,6140,4940,81,yes,no,no,0,0,0,no,no,0.000000,0.000000,0.000,0.945,2.511,0.019,3.898
874,1403715316.962143,38.150000,OK,OK,MM,no,271,340,0,340,65,275,0.1912,PoseOpt,yes,yes,117,6140,4940,82,no,no,no,0,0,0,no,no,0.000000,0.000000,0.000,0.998,2.503,0.017,3.901
875,1403715317.012143,38.200000,OK,OK,MM,no,241,378,0,378,52,326,0.1376,PoseOpt,no,no,118,6160,4835,81,no,no,no,0,0,0,no,no,0.000000,0.000000,0.000,0.826,2.440,0.019,3.648
876,1403715317.062143,38.250000,OK,OK,MM,no,271,359,0,359,46,313,0.1281,PoseOpt,no,no,118,6160,4779,81,no,no,no,0,0,0,no,no,0.000000,0.000000,0.000,0.969,2.561,0.021,3.992
877,1403715317.112143,38.300000,OK,OK,MM,no,267,386,0,386,55,331,0.1425,PoseOpt,no,no,118,6159,4778,81,yes,no,no,0,0,0,no,no,0.000000,0.000000,0.000,0.943,2.401,0.018,3.730
878,1403715317.162143,38.350000,OK,OK,MM,no,279,374,0,374,67,307,0.1791,PoseOpt,yes,yes,118,6159,4834,81,no,no,no,0,0,0,no,no,0.000000,0.000000,0.000,0.892,2.396,0.019,3.686
879,1403715317.212143,38.400000,OK,OK,MM,no,259,403,0,403,51,352,0.1266,PoseOpt,no,no,119,6199,4781,81,no,no,no,0,0,0,no,no,0.000000,0.000000,0.000,0.844,2.770,0.024,4.085
880,1403715317.262143,38.450000,OK,OK,MM,no,294,381,0,381,48,333,0.1260,PoseOpt,no,no,119,6199,4779,81,no,no,no,0,0,0,no,no,0.000000,0.000000,0.000,0.984,3.045,0.031,4.585
881,1403715317.312143,38.500000,OK,OK,MM,no,270,359,0,359,31,328,0.0864,PoseOpt,no,no,119,6198,4778,81,yes,no,no,0,0,0,no,no,0.000000,0.000000,0.000,0.995,2.293,0.019,7.727
882,1403715317.362143,38.550000,OK,OK,MM,no,275,361,0,361,27,334,0.0748,PoseOpt,yes,yes,119,6198,4780,81,no,no,no,0,0,0,no,no,0.000000,0.000000,0.000,0.917,2.295,0.018,3.611
883,1403715317.412143,38.600000,OK,OK,MM,no,287,387,0,387,37,350,0.0956,PoseOpt,no,no,120,6224,4741,81,no,no,no,0,0,0,no,no,0.000000,0.000000,0.000,0.908,2.371,0.020,3.655
884,1403715317.462143,38.650000,OK,OK,MM,no,279,392,0,392,36,356,0.0918,PoseOpt,no,no,120,6224,4750,81,no,no,no,0,0,0,no,no,0.000000,0.000000,0.000,1.031,2.610,0.019,4.058
885,1403715317.512143,38.700000,OK,OK,MM,no,280,364,0,364,27,337,0.0742,PoseOpt,no,no,120,6224,4750,81,yes,no,no,0,0,0,no,no,0.000000,0.000000,0.000,1.007,2.675,0.022,4.503
886,1403715317.562143,38.750000,OK,OK,MM,no,282,370,0,370,30,340,0.0811,PoseOpt,no,no,119,6207,4787,81,no,no,no,0,0,0,no,no,0.000000,0.000000,0.000,0.950,2.998,0.018,4.339
887,1403715317.612143,38.800000,OK,OK,MM,no,284,326,0,326,29,297,0.0890,PoseOpt,yes,yes,119,6207,4787,81,no,no,no,0,0,0,no,no,0.000000,0.000000,0.000,0.984,2.308,0.019,3.704
888,1403715317.662143,38.850000,OK,OK,MM,no,245,395,0,395,42,353,0.1063,PoseOpt,no,no,120,6268,4794,81,no,no,no,0,0,0,no,no,0.000000,0.000000,0.000,0.896,3.060,0.018,4.362
889,1403715317.712143,38.900000,OK,OK,MM,no,288,382,0,382,32,350,0.0838,PoseOpt,no,no,120,6268,4794,81,no,no,no,0,0,0,no,no,0.000000,0.000000,0.000,1.035,2.616,0.021,4.102
890,1403715317.762143,38.950000,OK,OK,MM,no,271,365,0,365,29,336,0.0795,PoseOpt,no,no,120,6268,4794,81,no,no,no,0,0,0,no,no,0.000000,0.000000,0.000,1.002,2.573,0.020,3.990
891,1403715317.812143,39.000000,OK,OK,MM,no,274,353,0,353,23,330,0.0652,PoseOpt,no,no,120,6267,4793,81,yes,no,no,0,0,0,no,no,0.000000,0.000000,0.000,0.970,2.138,0.018,3.563
892,1403715317.862143,39.050000,OK,OK,MM,no,262,353,0,353,30,323,0.0850,PoseOpt,yes,yes,120,6267,4832,81,no,no,no,0,0,0,no,no,0.000000,0.000000,0.000,0.976,2.308,0.018,3.707
893,1403715317.912143,39.100000,OK,OK,MM,no,263,385,0,385,26,359,0.0675,PoseOpt,no,no,121,6337,4796,81,no,no,no,0,0,0,no,no,0.000000,0.000000,0.000,0.990,2.428,0.020,3.825
894,1403715317.962143,39.150000,OK,OK,MM,no,294,378,0,378,32,346,0.0847,PoseOpt,no,no,121,6337,4796,81,no,no,no,0,0,0,no,no,0.000000,0.000000,0.000,1.134,2.847,0.024,4.453
895,1403715318.012143,39.200000,OK,OK,MM,no,291,370,0,370,29,341,0.0784,PoseOpt,no,no,121,6337,4796,81,no,no,no,0,0,0,no,no,0.000000,0.000000,0.000,1.069,2.808,0.026,4.365
896,1403715318.062143,39.250000,OK,OK,MM,no,287,372,0,372,30,342,0.0806,PoseOpt,no,no,121,6336,4795,81,yes,no,no,0,0,0,no,no,0.000000,0.000000,0.000,1.008,2.157,0.018,3.550
897,1403715318.112143,39.300000,OK,OK,MM,no,283,353,0,353,25,328,0.0708,PoseOpt,yes,yes,121,6336,4795,81,no,no,no,0,0,0,no,no,0.000000,0.000000,0.000,1.016,2.319,0.019,3.721
898,1403715318.162143,39.350000,OK,OK,MM,no,268,404,0,404,30,374,0.0743,PoseOpt,no,no,122,6380,4824,81,no,no,no,0,0,0,no,no,0.000000,0.000000,0.000,0.980,2.548,0.021,3.990
899,1403715318.212143,39.400000,OK,OK,MM,no,298,379,0,379,27,352,0.0712,PoseOpt,no,no,122,6380,4912,81,no,no,no,0,0,0,no,no,0.000000,0.000000,0.000,1.353,3.391,0.027,5.314
900,1403715318.262143,39.450000,OK,OK,MM,no,286,381,0,381,34,347,0.0892,PoseOpt,no,no,122,6380,4912,81,no,no,no,0,0,0,no,no,0.000000,0.000000,0.000,1.188,3.019,0.027,4.722
901,1403715318.312143,39.500000,OK,OK,MM,no,286,392,0,392,36,356,0.0918,PoseOpt,no,no,121,6371,4917,81,yes,no,no,0,0,0,no,no,0.000000,0.000000,0.000,1.044,2.389,0.020,3.850
902,1403715318.362143,39.550000,OK,OK,MM,no,293,374,0,374,29,345,0.0775,PoseOpt,no,no,121,6371,4943,81,no,no,no,0,0,0,no,no,0.000000,0.000000,0.000,1.042,2.340,0.019,3.760
903,1403715318.412143,39.600000,OK,OK,MM,no,277,380,0,380,32,348,0.0842,PoseOpt,yes,yes,121,6371,5089,82,no,no,no,0,0,0,no,no,0.000000,0.000000,0.000,1.036,2.405,0.019,3.854
904,1403715318.462143,39.650000,OK,OK,MM,no,280,410,0,410,25,385,0.0610,PoseOpt,no,no,122,6402,4934,81,no,no,no,0,0,0,no,no,0.000000,0.000000,0.000,1.099,2.479,0.020,3.997
905,1403715318.512143,39.700000,OK,OK,MM,no,297,394,0,394,31,363,0.0787,PoseOpt,no,no,122,6402,4934,81,no,no,no,0,0,0,no,no,0.000000,0.000000,0.000,1.166,2.964,0.021,5.233
906,1403715318.562143,39.750000,OK,OK,MM,no,285,388,0,388,27,361,0.0696,PoseOpt,no,no,122,6402,4934,81,yes,no,no,0,0,0,no,no,0.000000,0.000000,0.000,1.154,2.478,0.020,6.602
907,1403715318.612143,39.800000,OK,OK,MM,no,286,387,0,387,30,357,0.0775,PoseOpt,yes,yes,122,6402,4934,81,no,no,no,0,0,0,no,no,0.000000,0.000000,0.000,1.256,2.450,0.020,4.124
908,1403715318.662143,39.850000,OK,OK,MM,no,259,390,0,390,30,360,0.0769,PoseOpt,no,no,123,6426,4903,81,no,no,no,0,0,0,no,no,0.000000,0.000000,0.000,0.992,2.490,0.021,3.898
909,1403715318.712143,39.900000,OK,OK,MM,no,261,372,0,372,32,340,0.0860,PoseOpt,no,no,123,6426,4903,81,no,no,no,0,0,0,no,no,0.000000,0.000000,0.000,1.005,2.470,0.020,3.873
910,1403715318.762143,39.950000,OK,OK,MM,no,257,366,0,366,34,332,0.0929,PoseOpt,no,no,123,6426,4903,81,yes,no,no,0,0,0,no,no,0.000000,0.000000,0.000,1.091,2.353,0.020,7.782
911,1403715318.812143,40.000000,OK,OK,MM,no,250,357,0,357,38,319,0.1064,PoseOpt,yes,yes,122,6411,4943,81,no,no,no,0,0,0,no,no,0.000000,0.000000,0.000,1.006,2.447,0.019,3.876
912,1403715318.862143,40.050000,OK,OK,MM,no,260,402,0,402,31,371,0.0771,PoseOpt,no,no,123,6451,4928,81,no,no,no,0,0,0,no,no,0.000000,0.000000,0.000,1.141,2.590,0.019,4.152
913,1403715318.912143,40.100000,OK,OK,MM,no,301,376,0,376,23,353,0.0612,PoseOpt,no,no,123,6451,4928,81,no,no,no,0,0,0,no,no,0.000000,0.000000,0.000,1.119,2.606,0.019,4.148
914,1403715318.962143,40.150000,OK,OK,MM,no,266,366,0,366,26,340,0.0710,PoseOpt,no,no,123,6451,4928,81,yes,no,no,0,0,0,no,no,0.000000,0.000000,0.000,0.980,2.393,0.018,3.795
915,1403715319.012143,40.200000,OK,OK,MM,no,260,354,0,354,15,339,0.0424,PoseOpt,no,no,123,6451,4928,81,no,no,no,0,0,0,no,no,0.000000,0.000000,0.000,0.996,3.461,0.018,4.860
916,1403715319.062143,40.250000,OK,OK,MM,no,257,346,0,346,29,317,0.0838,PoseOpt,yes,yes,123,6451,4928,81,no,no,no,0,0,0,no,no,0.000000,0.000000,0.000,0.979,2.377,0.018,3.774
917,1403715319.112143,40.300000,OK,OK,MM,no,258,398,0,398,34,364,0.0854,PoseOpt,no,no,124,6495,4852,81,no,no,no,0,0,0,no,no,0.000000,0.000000,0.000,0.948,2.571,0.020,3.976
918,1403715319.162143,40.350000,OK,OK,MM,no,273,376,0,376,29,347,0.0771,PoseOpt,no,no,124,6495,4955,81,no,no,no,0,0,0,no,no,0.000000,0.000000,0.000,1.108,2.868,0.019,4.402
919,1403715319.212143,40.400000,OK,OK,MM,no,263,359,0,359,26,333,0.0724,PoseOpt,no,no,124,6493,4953,81,yes,no,no,0,0,0,no,no,0.000000,0.000000,0.000,1.031,2.557,0.019,4.061
920,1403715319.262143,40.450000,OK,OK,MM,no,234,307,0,307,35,272,0.1140,PoseOpt,yes,yes,124,6493,4953,81,no,no,no,0,0,0,no,no,0.000000,0.000000,0.000,0.911,2.560,0.021,3.948
921,1403715319.312143,40.500000,OK,OK,MM,no,221,361,0,361,43,318,0.1191,PoseOpt,no,no,125,6537,4938,81,no,no,no,0,0,0,no,no,0.000000,0.000000,0.000,0.877,2.381,0.017,3.653
922,1403715319.362143,40.550000,OK,OK,MM,no,247,345,0,345,41,304,0.1188,PoseOpt,no,no,125,6537,4938,81,no,no,no,0,0,0,no,no,0.000000,0.000000,0.000,0.993,2.518,0.019,3.978
923,1403715319.412143,40.600000,OK,OK,MM,no,238,332,0,332,35,297,0.1054,PoseOpt,no,no,125,6537,4938,81,yes,no,no,0,0,0,no,no,0.000000,0.000000,0.000,0.914,2.132,0.016,3.437
924,1403715319.462143,40.650000,OK,OK,MM,no,246,321,0,321,32,289,0.0997,PoseOpt,yes,yes,125,6537,5047,81,no,no,no,0,0,0,no,no,0.000000,0.000000,0.000,0.897,2.280,0.016,3.583
925,1403715319.512143,40.700000,OK,OK,MM,no,222,389,0,389,33,356,0.0848,PoseOpt,no,no,126,6614,5050,81,no,no,no,0,0,0,no,no,0.000000,0.000000,0.000,0.879,2.604,0.020,3.889
926,1403715319.562143,40.750000,OK,OK,MM,no,273,362,0,362,41,321,0.1133,PoseOpt,no,no,126,6614,4634,75,no,no,no,0,0,0,no,no,0.000000,0.000000,0.000,1.134,2.617,0.022,5.261
927,1403715319.612143,40.800000,OK,OK,MM,no,267,349,0,349,41,308,0.1175,PoseOpt,no,no,126,6614,4634,75,yes,no,no,0,0,0,no,no,0.000000,0.000000,0.000,1.005,3.737,0.019,5.204
928,1403715319.662143,40.850000,OK,OK,MM,no,237,342,0,342,50,292,0.1462,PoseOpt,yes,yes,126,6614,4605,73,no,no,no,0,0,0,no,no,0.000000,0.000000,0.000,0.892,2.105,0.020,3.408
929,1403715319.712143,40.900000,OK,OK,MM,no,245,365,0,365,39,326,0.1068,PoseOpt,no,no,127,6678,4778,72,no,no,no,0,0,0,no,no,0.000000,0.000000,0.000,0.960,2.439,0.020,3.823
930,1403715319.762143,40.950000,OK,OK,MM,no,264,355,0,355,54,301,0.1521,PoseOpt,no,no,127,6678,4385,69,no,no,no,0,0,0,no,no,0.000000,0.000000,0.000,1.061,2.317,0.020,3.820
931,1403715319.812143,41.000000,OK,OK,MM,no,260,365,0,365,49,316,0.1342,PoseOpt,no,no,127,6678,4622,72,yes,no,no,0,0,0,no,no,0.000000,0.000000,0.000,1.063,2.677,0.022,4.250
932,1403715319.862143,41.050000,OK,OK,MM,no,275,361,0,361,68,293,0.1884,PoseOpt,yes,yes,127,6678,4622,72,no,no,no,0,0,0,no,no,0.000000,0.000000,0.000,0.986,2.242,0.021,3.654
933,1403715319.912143,41.100000,OK,OK,MM,no,247,406,0,406,56,350,0.1379,PoseOpt,no,no,128,6757,4777,77,no,no,no,0,0,0,no,no,0.000000,0.000000,0.000,0.932,2.448,0.021,3.780
934,1403715319.962143,41.150000,OK,OK,MM,no,297,396,0,396,55,341,0.1389,PoseOpt,no,no,128,6757,4416,68,no,no,no,0,0,0,no,no,0.000000,0.000000,0.000,1.084,2.633,0.027,4.226
935,1403715320.012143,41.200000,OK,OK,MM,no,283,393,0,393,57,336,0.1450,PoseOpt,no,no,128,6756,4343,66,yes,no,no,0,0,0,no,no,0.000000,0.000000,0.000,1.028,2.257,0.020,3.711
936,1403715320.062143,41.250000,OK,OK,MM,no,288,390,0,390,45,345,0.1154,PoseOpt,no,no,128,6756,4629,71,no,no,no,0,0,0,no,no,0.000000,0.000000,0.000,1.038,2.243,0.020,3.693
937,1403715320.112143,41.300000,OK,OK,MM,no,284,365,0,365,53,312,0.1452,PoseOpt,yes,yes,128,6756,4629,71,no,no,no,0,0,0,no,no,0.000000,0.000000,0.000,1.069,2.569,0.020,4.081
938,1403715320.162143,41.350000,OK,OK,MM,no,255,430,0,430,59,371,0.1372,PoseOpt,no,no,129,6825,4698,72,no,no,no,0,0,0,no,no,0.000000,0.000000,0.000,1.107,3.694,0.039,5.426
939,1403715320.212143,41.400000,OK,OK,MM,no,301,430,0,430,64,366,0.1488,PoseOpt,no,no,129,6825,4412,67,no,no,no,0,0,0,no,no,0.000000,0.000000,0.000,1.131,2.711,0.021,4.297
940,1403715320.262143,41.450000,OK,OK,MM,no,282,404,0,404,54,350,0.1337,PoseOpt,no,no,129,6825,4484,69,yes,no,no,0,0,0,no,no,0.000000,0.000000,0.000,1.088,2.245,0.020,3.751
941,1403715320.312143,41.500000,OK,OK,MM,no,277,383,0,383,52,331,0.1358,PoseOpt,yes,yes,129,6825,4484,69,no,no,no,0,0,0,no,no,0.000000,0.000000,0.000,1.017,2.311,0.019,3.758
942,1403715320.362143,41.550000,OK,OK,MM,no,258,402,0,402,59,343,0.1468,PoseOpt,no,no,130,6857,4516,70,no,no,no,0,0,0,no,no,0.000000,0.000000,0.000,1.054,2.369,0.022,3.839
943,1403715320.412143,41.600000,OK,OK,MM,no,280,384,0,384,60,324,0.1562,PoseOpt,no,no,130,6857,4516,70,no,no,no,0,0,0,no,no,0.000000,0.000000,0.000,1.188,2.641,0.022,4.263
944,1403715320.462143,41.650000,OK,OK,MM,no,242,380,0,380,51,329,0.1342,PoseOpt,no,no,130,6855,4442,68,yes,no,no,0,0,0,no,no,0.000000,0.000000,0.000,0.918,3.542,0.025,4.966
945,1403715320.512143,41.700000,OK,OK,MM,no,267,370,0,370,53,317,0.1432,PoseOpt,yes,yes,129,6841,4425,67,no,no,no,0,0,0,no,no,0.000000,0.000000,0.000,0.997,2.245,0.020,3.670
946,1403715320.562143,41.750000,OK,OK,MM,no,248,407,0,407,61,346,0.1499,PoseOpt,no,no,130,6872,4456,68,no,no,no,0,0,0,no,no,0.000000,0.000000,0.000,1.005,2.378,0.020,3.798
947,1403715320.612143,41.800000,OK,OK,MM,no,287,379,0,379,60,319,0.1583,PoseOpt,no,no,130,6872,4456,68,no,no,no,0,0,0,no,no,0.000000,0.000000,0.000,1.250,2.233,0.021,3.971
948,1403715320.662143,41.850000,OK,OK,MM,no,254,367,0,367,59,308,0.1608,PoseOpt,yes,yes,129,6851,4435,67,yes,no,no,0,0,0,no,no,0.000000,0.000000,0.000,0.984,2.173,0.019,3.586
949,1403715320.712143,41.900000,OK,OK,MM,no,233,373,0,373,51,322,0.1367,PoseOpt,no,no,130,6924,4508,68,no,no,no,0,0,0,no,no,0.000000,0.000000,0.000,0.924,2.327,0.021,3.669
950,1403715320.762143,41.950000,OK,OK,MM,no,267,390,0,390,48,342,0.1231,PoseOpt,no,no,130,6924,4508,68,no,no,no,0,0,0,no,no,0.000000,0.000000,0.000,1.128,2.422,0.020,4.000
951,1403715320.812143,42.000000,OK,OK,MM,no,267,361,0,361,51,310,0.1413,PoseOpt,yes,yes,130,6923,4507,68,yes,no,no,0,0,0,no,no,0.000000,0.000000,0.000,1.005,2.267,0.019,3.772
952,1403715320.862143,42.050000,OK,OK,MM,no,246,410,0,410,50,360,0.1220,PoseOpt,no,no,131,6972,4556,69,no,no,no,0,0,0,no,no,0.000000,0.000000,0.000,1.035,2.536,0.020,3.986
953,1403715320.912143,42.100000,OK,OK,MM,no,282,383,0,383,49,334,0.1279,PoseOpt,no,no,131,6972,4556,69,no,no,no,0,0,0,no,no,0.000000,0.000000,0.000,1.114,2.502,0.020,4.085
954,1403715320.962143,42.150000,OK,OK,MM,no,270,386,0,386,48,338,0.1244,PoseOpt,no,no,131,6969,4553,69,yes,no,no,0,0,0,no,no,0.000000,0.000000,0.000,1.009,2.233,0.020,3.654
955,1403715321.012143,42.200000,OK,OK,MM,no,279,387,0,387,59,328,0.1525,PoseOpt,yes,yes,131,6969,4553,69,no,no,no,0,0,0,no,no,0.000000,0.000000,0.000,1.025,2.358,0.019,3.843
956,1403715321.062143,42.250000,OK,OK,MM,no,266,440,0,440,58,382,0.1318,PoseOpt,no,no,132,7015,4599,70,no,no,no,0,0,0,no,no,0.000000,0.000000,0.000,1.022,2.880,0.027,4.414
957,1403715321.112143,42.300000,OK,OK,MM,no,311,425,0,425,50,375,0.1176,PoseOpt,no,no,132,7015,4599,70,no,no,no,0,0,0,no,no,0.000000,0.000000,0.000,1.363,2.568,0.021,4.379
958,1403715321.162143,42.350000,OK,OK,MM,no,302,434,0,434,44,390,0.1014,PoseOpt,no,no,132,7014,4598,70,yes,no,no,0,0,0,no,no,0.000000,0.000000,0.000,1.151,2.624,0.020,4.190
959,1403715321.212143,42.400000,OK,OK,MM,no,305,422,0,422,40,382,0.0948,PoseOpt,no,no,132,7014,4598,70,no,no,no,0,0,0,no,no,0.000000,0.000000,0.000,1.150,2.410,0.020,4.056
960,1403715321.262143,42.450000,OK,OK,MM,no,314,412,0,412,46,366,0.1117,PoseOpt,yes,yes,132,7014,4598,70,no,no,no,0,0,0,no,no,0.000000,0.000000,0.000,1.163,2.461,0.020,4.077
961,1403715321.312143,42.500000,OK,OK,MM,no,304,463,0,463,35,428,0.0756,PoseOpt,no,no,133,7051,4635,71,no,no,no,0,0,0,no,no,0.000000,0.000000,0.000,1.169,2.759,0.022,4.766
962,1403715321.362143,42.550000,OK,OK,MM,no,356,449,0,449,42,407,0.0935,PoseOpt,no,no,133,7051,4635,71,no,no,no,0,0,0,no,no,0.000000,0.000000,0.000,1.374,3.045,0.021,4.918
963,1403715321.412143,42.600000,OK,OK,MM,no,327,444,0,444,48,396,0.1081,PoseOpt,no,no,133,7051,4635,71,yes,no,no,0,0,0,no,no,0.000000,0.000000,0.000,1.180,2.387,0.020,3.996
964,1403715321.462143,42.650000,OK,OK,MM,no,315,429,0,429,51,378,0.1189,PoseOpt,yes,yes,133,7051,4635,71,no,no,no,0,0,0,no,no,0.000000,0.000000,0.000,1.166,2.566,0.020,4.189
965,1403715321.512143,42.700000,OK,OK,MM,no,313,481,0,481,57,424,0.1185,PoseOpt,no,no,134,7074,4658,72,no,no,no,0,0,0,no,no,0.000000,0.000000,0.000,1.161,2.676,0.021,4.290
966,1403715321.562143,42.750000,OK,OK,MM,no,337,463,0,463,56,407,0.1210,PoseOpt,no,no,134,7074,4658,72,no,no,no,0,0,0,no,no,0.000000,0.000000,0.000,1.317,2.854,0.024,4.705
967,1403715321.612143,42.800000,OK,OK,MM,no,330,448,0,448,42,406,0.0938,PoseOpt,no,no,134,7073,4657,72,yes,no,no,0,0,0,no,no,0.000000,0.000000,0.000,1.167,2.504,0.020,4.117
968,1403715321.662143,42.850000,OK,OK,MM,no,343,456,0,456,45,411,0.0987,PoseOpt,no,no,134,7073,4657,72,no,no,no,0,0,0,no,no,0.000000,0.000000,0.000,1.234,2.764,0.020,4.428
969,1403715321.712143,42.900000,OK,OK,MM,no,321,439,0,439,63,376,0.1435,PoseOpt,yes,yes,134,7073,4657,72,no,no,no,0,0,0,no,no,0.000000,0.000000,0.000,1.269,2.619,0.020,4.355
970,1403715321.762143,42.950000,OK,OK,MM,no,298,472,0,472,61,411,0.1292,PoseOpt,no,no,135,7139,4723,73,no,no,no,0,0,0,no,no,0.000000,0.000000,0.000,1.130,2.962,0.024,4.589
971,1403715321.812143,43.000000,OK,OK,MM,no,303,428,0,428,55,373,0.1285,PoseOpt,no,no,135,7139,4723,73,no,no,no,0,0,0,no,no,0.000000,0.000000,0.000,1.435,4.192,0.037,6.408
972,1403715321.862143,43.050000,OK,OK,MM,no,288,410,0,410,66,344,0.1610,PoseOpt,no,no,135,7138,4722,73,yes,no,no,0,0,0,no,no,0.000000,0.000000,0.000,1.064,2.544,0.023,4.063
973,1403715321.912143,43.100000,OK,OK,MM,no,260,416,0,416,64,352,0.1538,PoseOpt,yes,yes,135,7138,4722,73,no,no,no,0,0,0,no,no,0.000000,0.000000,0.000,1.004,2.848,0.022,4.341
974,1403715321.962143,43.150000,OK,OK,MM,no,274,434,0,434,62,372,0.1429,PoseOpt,no,no,136,7162,4746,74,no,no,no,0,0,0,no,no,0.000000,0.000000,0.000,1.112,2.754,0.022,4.343
975,1403715322.012143,43.200000,OK,OK,MM,no,285,422,0,422,82,340,0.1943,PoseOpt,no,no,136,7162,4746,74,no,no,no,0,0,0,no,no,0.000000,0.000000,0.000,1.195,2.681,0.022,4.346
976,1403715322.062143,43.250000,OK,OK,MM,no,251,428,0,428,71,357,0.1659,PoseOpt,no,no,136,7162,4746,74,no,no,no,0,0,0,no,no,0.000000,0.000000,0.000,1.071,2.667,0.023,4.212
977,1403715322.112143,43.300000,OK,OK,MM,no,267,439,0,439,79,360,0.1800,PoseOpt,yes,yes,136,7161,4745,74,yes,no,no,0,0,0,no,no,0.000000,0.000000,0.000,1.098,2.556,0.020,4.132
978,1403715322.162143,43.350000,OK,OK,MM,no,266,431,0,431,71,360,0.1647,PoseOpt,no,no,137,7172,4756,75,no,no,no,0,0,0,no,no,0.000000,0.000000,0.000,1.056,2.609,0.021,4.120
979,1403715322.212143,43.400000,OK,OK,MM,no,284,416,0,416,64,352,0.1538,PoseOpt,no,no,137,7172,4756,75,no,no,no,0,0,0,no,no,0.000000,0.000000,0.000,1.134,2.900,0.023,4.501
980,1403715322.262143,43.450000,OK,OK,MM,no,271,398,0,398,75,323,0.1884,PoseOpt,no,no,137,7172,4634,73,no,no,no,0,0,0,no,no,0.000000,0.000000,0.000,1.120,2.684,0.022,4.329
981,1403715322.312143,43.500000,OK,OK,MM,no,246,411,0,411,82,329,0.1995,PoseOpt,yes,yes,137,7172,4634,73,yes,no,no,0,0,0,no,no,0.000000,0.000000,0.000,0.996,2.490,0.019,3.967
982,1403715322.362143,43.550000,OK,OK,MM,no,245,418,0,418,84,334,0.2010,PoseOpt,no,no,138,7218,4680,74,no,no,no,0,0,0,no,no,0.000000,0.000000,0.000,0.937,2.613,0.022,4.010
983,1403715322.412143,43.600000,OK,OK,MM,no,263,408,0,408,79,329,0.1936,PoseOpt,no,no,138,7218,4680,74,no,no,no,0,0,0,no,no,0.000000,0.000000,0.000,1.008,2.716,0.024,4.257
984,1403715322.462143,43.650000,OK,OK,MM,no,258,386,0,386,74,312,0.1917,PoseOpt,no,no,138,7218,4630,73,no,no,no,0,0,0,no,no,0.000000,0.000000,0.000,0.972,2.797,0.024,4.244
985,1403715322.512143,43.700000,OK,OK,MM,no,235,364,0,364,67,297,0.1841,PoseOpt,no,no,138,7218,4630,73,yes,no,no,0,0,0,no,no,0.000000,0.000000,0.000,0.969,3.154,0.037,4.858
986,1403715322.562143,43.750000,OK,OK,MM,no,240,348,0,348,68,280,0.1954,PoseOpt,yes,yes,138,7218,4630,73,no,no,no,0,0,0,no,no,0.000000,0.000000,0.000,1.010,2.760,0.023,4.354
987,1403715322.612143,43.800000,OK,OK,MM,no,224,373,0,373,76,297,0.2038,PoseOpt,no,no,139,7247,4560,72,no,no,no,0,0,0,no,no,0.000000,0.000000,0.000,0.854,2.552,0.020,3.863
988,1403715322.662143,43.850000,OK,OK,MM,no,249,363,0,363,69,294,0.1901,PoseOpt,no,no,139,7247,4659,74,no,no,no,0,0,0,no,no,0.000000,0.000000,0.000,1.161,2.488,0.019,4.107
989,1403715322.712143,43.900000,OK,OK,MM,no,226,337,0,337,68,269,0.2018,PoseOpt,no,no,139,7247,4560,72,no,no,no,0,0,0,no,no,0.000000,0.000000,0.000,0.955,2.557,0.020,3.975
990,1403715322.762143,43.950000,OK,OK,MM,no,214,333,0,333,59,274,0.1772,PoseOpt,yes,yes,139,7246,4559,72,yes,no,no,0,0,0,no,no,0.000000,0.000000,0.000,0.816,2.142,0.020,3.421
991,1403715322.812143,44.000000,OK,OK,MM,no,222,369,0,369,52,317,0.1409,PoseOpt,no,no,140,7283,4558,72,no,no,no,0,0,0,no,no,0.000000,0.000000,0.000,1.094,2.713,0.019,4.271
992,1403715322.862143,44.050000,OK,OK,MM,no,259,337,0,337,53,284,0.1573,PoseOpt,no,no,140,7283,4521,71,no,no,no,0,0,0,no,no,0.000000,0.000000,0.000,0.950,2.513,0.020,3.965
993,1403715322.912143,44.100000,OK,OK,MM,no,246,326,0,326,41,285,0.1258,PoseOpt,no,no,140,7281,4519,71,yes,no,no,0,0,0,no,no,0.000000,0.000000,0.000,0.963,2.193,0.017,4.162
994,1403715322.962143,44.150000,OK,OK,MM,no,238,325,0,325,54,271,0.1662,PoseOpt,yes,yes,140,7281,4557,72,no,no,no,0,0,0,no,no,0.000000,0.000000,0.000,0.846,2.204,0.017,3.474
995,1403715323.012143,44.200000,OK,OK,MM,no,227,361,0,361,59,302,0.1634,PoseOpt,no,no,141,7323,4599,73,no,no,no,0,0,0,no,no,0.000000,0.000000,0.000,0.831,2.404,0.019,3.667
996,1403715323.062143,44.250000,OK,OK,MM,no,255,345,0,345,58,287,0.1681,PoseOpt,no,no,141,7323,4599,73,no,no,no,0,0,0,no,no,0.000000,0.000000,0.000,0.946,2.576,0.023,4.042
997,1403715323.112143,44.300000,OK,OK,MM,no,243,342,0,342,52,290,0.1520,PoseOpt,no,no,141,7323,4561,72,no,no,no,0,0,0,no,no,0.000000,0.000000,0.000,0.981,2.275,0.020,3.748
998,1403715323.162143,44.350000,OK,OK,MM,no,246,321,0,321,44,277,0.1371,PoseOpt,no,no,140,7306,4557,72,yes,no,no,0,0,0,no,no,0.000000,0.000000,0.000,0.886,2.486,0.018,4.710
999,1403715323.212143,44.400000,OK,OK,MM,no,222,284,0,284,46,238,0.1620,PoseOpt,yes,yes,140,7306,4544,71,no,no,no,0,0,0,no,no,0.000000,0.000000,0.000,0.810,2.988,0.018,4.237
1000,1403715323.262143,44.450000,OK,OK,MM,no,195,371,0,371,48,323,0.1294,PoseOpt,no,no,141,7369,4548,71,no,no,no,0,0,0,no,no,0.000000,0.000000,0.000,0.745,2.368,0.017,3.525
1001,1403715323.312143,44.500000,OK,OK,MM,no,269,347,0,347,49,298,0.1412,PoseOpt,no,no,141,7369,4548,71,no,no,no,0,0,0,no,no,0.000000,0.000000,0.000,0.970,2.407,0.019,3.812
1002,1403715323.362143,44.550000,OK,OK,MM,no,250,343,0,343,42,301,0.1224,PoseOpt,no,no,141,7368,4547,71,yes,no,no,0,0,0,no,no,0.000000,0.000000,0.000,0.913,2.263,0.017,3.605
1003,1403715323.412143,44.600000,OK,OK,MM,no,256,308,0,308,32,276,0.1039,PoseOpt,no,no,141,7368,4547,71,no,no,no,0,0,0,no,no,0.000000,0.000000,0.000,0.938,2.316,0.017,3.660
1004,1403715323.462143,44.650000,OK,OK,MM,no,237,299,0,299,46,253,0.1538,PoseOpt,yes,yes,141,7368,4547,71,no,no,no,0,0,0,no,no,0.000000,0.000000,0.000,0.851,2.192,0.017,3.470
1005,1403715323.512143,44.700000,OK,OK,MM,no,221,340,0,340,47,293,0.1382,PoseOpt,no,no,142,7412,4448,70,no,no,no,0,0,0,no,no,0.000000,0.000000,0.000,0.805,2.210,0.017,3.409
1006,1403715323.562143,44.750000,OK,OK,MM,no,252,335,0,335,50,285,0.1493,PoseOpt,no,no,142,7412,4448,70,no,no,no,0,0,0,no,no,0.000000,0.000000,0.000,1.000,2.422,0.021,3.887
1007,1403715323.612143,44.800000,OK,OK,MM,no,244,306,0,306,37,269,0.1209,PoseOpt,yes,yes,142,7411,4447,70,yes,no,no,0,0,0,no,no,0.000000,0.000000,0.000,0.914,2.049,0.018,3.382
1008,1403715323.662143,44.850000,OK,OK,MM,no,230,341,0,341,37,304,0.1085,PoseOpt,no,no,143,7469,4610,72,no,no,no,0,0,0,no,no,0.000000,0.000000,0.000,0.921,2.324,0.018,3.657
1009,1403715323.712143,44.900000,OK,OK,MM,no,255,296,0,296,33,263,0.1115,PoseOpt,no,no,143,7469,4610,72,no,no,no,0,0,0,no,no,0.000000,0.000000,0.000,0.902,2.209,0.017,3.514
1010,1403715323.762143,44.950000,OK,OK,MM,no,218,288,0,288,36,252,0.1250,PoseOpt,yes,yes,142,7450,4486,70,yes,no,no,0,0,0,no,no,0.000000,0.000000,0.000,0.781,2.074,0.018,3.285
1011,1403715323.812143,45.000000,OK,OK,MM,no,206,318,0,318,20,298,0.0629,PoseOpt,no,no,143,7507,4543,71,no,no,no,0,0,0,no,no,0.000000,0.000000,0.000,0.816,2.374,0.018,3.601
1012,1403715323.862143,45.050000,OK,OK,MM,no,246,302,0,302,28,274,0.0927,PoseOpt,no,no,143,7507,4543,71,no,no,no,0,0,0,no,no,0.000000,0.000000,0.000,0.955,2.264,0.022,3.853
1013,1403715323.912143,45.100000,OK,OK,MM,no,222,275,0,275,22,253,0.0800,PoseOpt,yes,yes,143,7507,4543,71,yes,no,no,0,0,0,no,no,0.000000,0.000000,0.000,0.815,1.971,0.016,3.168
1014,1403715323.962143,45.150000,OK,OK,MM,no,204,317,0,317,31,286,0.0978,PoseOpt,no,no,144,7536,4572,72,no,no,no,0,0,0,no,no,0.000000,0.000000,0.000,0.794,2.272,0.016,3.447
1015,1403715324.012143,45.200000,OK,OK,MM,no,231,290,0,290,29,261,0.1000,PoseOpt,no,no,144,7536,4572,72,no,no,no,0,0,0,no,no,0.000000,0.000000,0.000,0.946,2.490,0.019,3.888
1016,1403715324.062143,45.250000,OK,OK,MM,no,204,273,0,273,30,243,0.1099,PoseOpt,no,no,144,7534,4570,72,yes,no,no,0,0,0,no,no,0.000000,0.000000,0.000,0.809,1.867,0.017,3.034
1017,1403715324.112143,45.300000,OK,OK,MM,no,207,282,0,282,38,244,0.1348,PoseOpt,yes,yes,144,7534,4570,72,no,no,no,0,0,0,no,no,0.000000,0.000000,0.000,0.854,2.028,0.017,3.290
1018,1403715324.162143,45.350000,OK,OK,MM,no,203,336,0,336,33,303,0.0982,PoseOpt,no,no,145,7567,4603,73,no,no,no,0,0,0,no,no,0.000000,0.000000,0.000,0.804,2.232,0.020,4.545
1019,1403715324.212143,45.400000,OK,OK,MM,no,265,307,0,307,24,283,0.0782,PoseOpt,no,no,145,7567,4603,73,no,no,no,0,0,0,no,no,0.000000,0.000000,0.000,0.959,3.345,0.018,4.776
1020,1403715324.262143,45.450000,OK,OK,MM,no,247,318,0,318,26,292,0.0818,PoseOpt,no,no,145,7566,4602,73,yes,no,no,0,0,0,no,no,0.000000,0.000000,0.000,0.865,2.030,0.016,3.284
1021,1403715324.312143,45.500000,OK,OK,MM,no,248,323,0,323,28,295,0.0867,PoseOpt,no,no,145,7566,4602,73,no,no,no,0,0,0,no,no,0.000000,0.000000,0.000,0.893,2.188,0.016,3.458
1022,1403715324.362143,45.550000,OK,OK,MM,no,231,314,0,314,24,290,0.0764,PoseOpt,no,no,145,7566,4602,73,no,no,no,0,0,0,no,no,0.000000,0.000000,0.000,0.946,2.195,0.015,3.513
1023,1403715324.412143,45.600000,OK,OK,MM,no,244,299,0,299,26,273,0.0870,PoseOpt,no,no,145,7566,4602,73,no,no,no,0,0,0,no,no,0.000000,0.000000,0.000,0.980,2.161,0.015,3.515
1024,1403715324.462143,45.650000,OK,OK,MM,no,222,300,0,300,36,264,0.1200,PoseOpt,no,no,145,7566,4602,73,no,no,no,0,0,0,no,no,0.000000,0.000000,0.000,0.875,2.214,0.017,3.480
1025,1403715324.512143,45.700000,OK,OK,MM,no,235,305,0,305,27,278,0.0885,PoseOpt,no,no,145,7566,4602,73,no,no,no,0,0,0,no,no,0.000000,0.000000,0.000,0.919,2.194,0.016,3.478
1026,1403715324.562143,45.750000,OK,OK,MM,no,242,319,0,319,36,283,0.1129,PoseOpt,no,no,145,7566,4602,73,no,no,no,0,0,0,no,no,0.000000,0.000000,0.000,0.993,2.267,0.015,3.638
1027,1403715324.612143,45.800000,OK,OK,MM,no,244,290,0,290,31,259,0.1069,PoseOpt,yes,yes,145,7566,4602,73,no,no,no,0,0,0,no,no,0.000000,0.000000,0.000,0.936,2.200,0.017,3.553
1028,1403715324.662143,45.850000,OK,OK,MM,no,235,372,0,372,34,338,0.0914,PoseOpt,no,no,146,7599,4635,74,no,no,no,0,0,0,no,no,0.000000,0.000000,0.000,0.901,2.346,0.017,3.646
1029,1403715324.712143,45.900000,OK,OK,MM,no,287,358,0,358,42,316,0.1173,PoseOpt,no,no,146,7599,4635,74,no,no,no,0,0,0,no,no,0.000000,0.000000,0.000,1.069,2.523,0.019,4.078
1030,1403715324.762143,45.950000,OK,OK,MM,no,285,357,0,357,29,328,0.0812,PoseOpt,no,no,146,7598,4634,74,yes,no,no,0,0,0,no,no,0.000000,0.000000,0.000,1.044,2.246,0.017,3.694
1031,1403715324.812143,46.000000,OK,OK,MM,no,275,365,0,365,32,333,0.0877,PoseOpt,no,no,146,7598,4634,74,no,no,no,0,0,0,no,no,0.000000,0.000000,0.000,1.098,2.697,0.017,4.198
1032,1403715324.862143,46.050000,OK,OK,MM,no,276,341,0,341,36,305,0.1056,PoseOpt,no,no,146,7598,4634,74,no,no,no,0,0,0,no,no,0.000000,0.000000,0.000,0.985,2.495,0.016,3.868
1033,1403715324.912143,46.100000,OK,OK,MM,no,255,342,0,342,46,296,0.1345,PoseOpt,no,no,146,7598,4634,74,no,no,no,0,0,0,no,no,0.000000,0.000000,0.000,0.946,2.210,0.017,3.523
1034,1403715324.962143,46.150000,OK,OK,MM,no,247,340,0,340,36,304,0.1059,PoseOpt,no,no,146,7598,4634,74,no,no,no,0,0,0,no,no,0.000000,0.000000,0.000,0.903,2.204,0.017,3.480
1035,1403715325.012143,46.200000,OK,OK,MM,no,265,339,0,339,33,306,0.0973,PoseOpt,no,no,146,7598,4634,74,no,no,no,0,0,0,no,no,0.000000,0.000000,0.000,0.994,2.495,0.016,3.939
1036,1403715325.062143,46.250000,OK,OK,MM,no,259,327,0,327,40,287,0.1223,PoseOpt,yes,yes,146,7598,4634,74,no,no,no,0,0,0,no,no,0.000000,0.000000,0.000,0.948,2.466,0.017,3.850
1037,1403715325.112143,46.300000,OK,OK,MM,no,237,366,0,366,35,331,0.0956,PoseOpt,no,no,147,7639,4675,75,no,no,no,0,0,0,no,no,0.000000,0.000000,0.000,0.838,2.728,0.019,3.988
1038,1403715325.162143,46.350000,OK,OK,MM,no,272,374,0,374,28,346,0.0749,PoseOpt,no,no,147,7639,4675,75,no,no,no,0,0,0,no,no,0.000000,0.000000,0.000,1.020,2.816,0.018,4.295
1039,1403715325.212143,46.400000,OK,OK,MM,no,288,361,0,361,36,325,0.0997,PoseOpt,no,no,147,7639,4675,75,yes,no,no,0,0,0,no,no,0.000000,0.000000,0.000,0.980,2.159,0.017,3.529
1040,1403715325.262143,46.450000,OK,OK,MM,no,267,365,0,365,32,333,0.0877,PoseOpt,no,no,147,7639,4675,75,no,no,no,0,0,0,no,no,0.000000,0.000000,0.000,1.030,2.420,0.017,3.841
1041,1403715325.312143,46.500000,OK,OK,MM,no,279,358,0,358,34,324,0.0950,PoseOpt,no,no,147,7639,4675,75,no,no,no,0,0,0,no,no,0.000000,0.000000,0.000,0.985,2.406,0.017,3.799
1042,1403715325.362143,46.550000,OK,OK,MM,no,265,370,0,370,31,339,0.0838,PoseOpt,no,no,147,7639,4675,75,no,no,no,0,0,0,no,no,0.000000,0.000000,0.000,0.975,2.449,0.018,3.831
1043,1403715325.412143,46.600000,OK,OK,MM,no,290,371,0,371,29,342,0.0782,PoseOpt,no,no,147,7639,4675,75,no,no,no,0,0,0,no,no,0.000000,0.000000,0.000,1.021,2.533,0.018,3.972
1044,1403715325.462143,46.650000,OK,OK,MM,no,267,366,0,366,34,332,0.0929,PoseOpt,no,no,147,7639,4675,75,no,no,no,0,0,0,no,no,0.000000,0.000000,0.000,1.012,2.419,0.017,3.840
1045,1403715325.512143,46.700000,OK,OK,MM,no,267,355,0,355,32,323,0.0901,PoseOpt,no,no,147,7639,4675,75,no,no,no,0,0,0,no,no,0.000000,0.000000,0.000,0.972,2.466,0.017,3.840
1046,1403715325.562143,46.750000,OK,OK,MM,no,264,357,0,357,39,318,0.1092,PoseOpt,no,no,147,7639,4675,75,no,no,no,0,0,0,no,no,0.000000,0.000000,0.000,0.932,2.529,0.017,3.868
1047,1403715325.612143,46.800000,OK,OK,MM,no,257,354,0,354,37,317,0.1045,PoseOpt,no,no,147,7639,4780,76,no,no,no,0,0,0,no,no,0.000000,0.000000,0.000,1.013,2.453,0.018,3.882
1048,1403715325.662143,46.850000,OK,OK,MM,no,266,366,0,366,39,327,0.1066,PoseOpt,no,no,147,7639,4780,76,no,no,no,0,0,0,no,no,0.000000,0.000000,0.000,0.963,2.497,0.018,3.888
1049,1403715325.712143,46.900000,OK,OK,MM,no,273,356,0,356,35,321,0.0983,PoseOpt,no,no,147,7639,4780,76,no,no,no,0,0,0,no,no,0.000000,0.000000,0.000,0.982,2.489,0.018,3.875
1050,1403715325.762143,46.950000,OK,OK,MM,no,272,379,0,379,43,336,0.1135,PoseOpt,no,no,147,7639,4780,76,no,no,no,0,0,0,no,no,0.000000,0.000000,0.000,1.008,2.545,0.018,3.990
1051,1403715325.812143,47.000000,OK,OK,MM,no,281,362,0,362,31,331,0.0856,PoseOpt,no,no,147,7639,4780,76,no,no,no,0,0,0,no,no,0.000000,0.000000,0.000,1.092,2.907,0.018,4.442
1052,1403715325.862143,47.050000,OK,OK,MM,no,289,375,0,375,37,338,0.0987,PoseOpt,no,no,147,7639,4780,76,no,no,no,0,0,0,no,no,0.000000,0.000000,0.000,1.018,2.616,0.017,4.036
1053,1403715325.912143,47.100000,OK,OK,MM,no,278,384,0,384,41,343,0.1068,PoseOpt,no,no,147,7639,4780,76,no,no,no,0,0,0,no,no,0.000000,0.000000,0.000,1.009,2.509,0.018,3.978
1054,1403715325.962143,47.150000,OK,OK,MM,no,278,375,0,375,43,332,0.1147,PoseOpt,no,no,147,7639,4818,77,no,no,no,0,0,0,no,no,0.000000,0.000000,0.000,1.035,2.496,0.016,3.942
1055,1403715326.012143,47.200000,OK,OK,MM,no,280,361,0,361,31,330,0.0859,PoseOpt,no,no,147,7639,4780,76,no,no,no,0,0,0,no,no,0.000000,0.000000,0.000,0.994,2.414,0.016,3.812
1056,1403715326.062143,47.250000,OK,OK,MM,no,281,358,0,358,42,316,0.1173,PoseOpt,no,no,147,7639,4780,76,no,no,no,0,0,0,no,no,0.000000,0.000000,0.000,0.966,2.610,0.017,3.973
1057,1403715326.112143,47.300000,OK,OK,MM,no,267,376,0,376,46,330,0.1223,PoseOpt,no,no,147,7639,4780,76,no,no,no,0,0,0,no,no,0.000000,0.000000,0.000,0.944,2.576,0.021,4.821
1058,1403715326.162143,47.350000,OK,OK,MM,no,271,359,0,359,41,318,0.1142,PoseOpt,no,no,147,7639,4780,76,no,no,no,0,0,0,no,no,0.000000,0.000000,0.000,0.971,2.423,0.018,3.794
1059,1403715326.212143,47.400000,OK,OK,MM,no,257,342,0,342,43,299,0.1257,PoseOpt,yes,yes,147,7639,4780,76,no,no,no,0,0,0,no,no,0.000000,0.000000,0.000,0.941,2.462,0.017,3.838
1060,1403715326.262143,47.450000,OK,OK,MM,no,231,427,0,427,58,369,0.1358,PoseOpt,no,no,148,7688,4829,77,no,no,no,0,0,0,no,no,0.000000,0.000000,0.000,0.900,2.679,0.019,4.012
1061,1403715326.312143,47.500000,OK,OK,MM,no,302,410,0,410,43,367,0.1049,PoseOpt,no,no,148,7688,4829,77,no,no,no,0,0,0,no,no,0.000000,0.000000,0.000,1.092,2.916,0.024,4.536
1062,1403715326.362143,47.550000,OK,OK,MM,no,315,416,0,416,45,371,0.1082,PoseOpt,no,no,148,7688,4829,77,no,no,no,0,0,0,no,no,0.000000,0.000000,0.000,1.161,2.767,0.020,4.394
1063,1403715326.412143,47.600000,OK,OK,MM,no,310,384,0,384,41,343,0.1068,PoseOpt,yes,yes,148,7687,4723,76,yes,no,no,0,0,0,no,no,0.000000,0.000000,0.000,1.058,2.413,0.018,3.917
1064,1403715326.462143,47.650000,OK,OK,MM,no,284,436,0,436,50,386,0.1147,PoseOpt,no,no,149,7728,4764,77,no,no,no,0,0,0,no,no,0.000000,0.000000,0.000,1.006,2.608,0.021,4.045
1065,1403715326.512143,47.700000,OK,OK,MM,no,322,430,0,430,52,378,0.1209,PoseOpt,no,no,149,7728,4764,77,no,no,no,0,0,0,no,no,0.000000,0.000000,0.000,1.159,2.818,0.021,4.425
1066,1403715326.562143,47.750000,OK,OK,MM,no,310,407,0,407,42,365,0.1032,PoseOpt,no,no,149,7728,4764,77,yes,no,no,0,0,0,no,no,0.000000,0.000000,0.000,1.155,2.548,0.020,4.126
1067,1403715326.612143,47.800000,OK,OK,MM,no,305,401,0,401,50,351,0.1247,PoseOpt,yes,yes,149,7728,4764,77,no,no,no,0,0,0,no,no,0.000000,0.000000,0.000,1.088,2.842,0.019,4.402
1068,1403715326.662143,47.850000,OK,OK,MM,no,291,461,0,461,38,423,0.0824,PoseOpt,no,no,150,7778,4814,78,no,no,no,0,0,0,no,no,0.000000,0.000000,0.000,1.053,2.776,0.021,4.276
1069,1403715326.712143,47.900000,OK,OK,MM,no,352,427,0,427,55,372,0.1288,PoseOpt,no,no,150,7778,4814,78,no,no,no,0,0,0,no,no,0.000000,0.000000,0.000,1.259,2.698,0.025,4.496
1070,1403715326.762143,47.950000,OK,OK,MM,no,306,420,0,420,48,372,0.1143,PoseOpt,no,no,150,7778,4814,78,yes,no,no,0,0,0,no,no,0.000000,0.000000,0.000,1.162,2.749,0.021,4.462
1071,1403715326.812143,48.000000,OK,OK,MM,no,310,417,0,417,39,378,0.0935,PoseOpt,no,no,150,7778,4814,78,no,no,no,0,0,0,no,no,0.000000,0.000000,0.000,1.124,2.601,0.020,4.158
1072,1403715326.862143,48.050000,OK,OK,MM,no,295,415,0,415,56,359,0.1349,PoseOpt,yes,yes,150,7778,4814,78,no,no,no,0,0,0,no,no,0.000000,0.000000,0.000,1.062,2.620,0.020,4.129
1073,1403715326.912143,48.100000,OK,OK,MM,no,299,435,0,435,55,380,0.1264,PoseOpt,no,no,151,7801,4837,79,no,no,no,0,0,0,no,no,0.000000,0.000000,0.000,1.024,2.639,0.021,4.100
1074,1403715326.962143,48.150000,OK,OK,MM,no,311,447,0,447,66,381,0.1477,PoseOpt,no,no,151,7801,4837,79,no,no,no,0,0,0,no,no,0.000000,0.000000,0.000,1.384,3.195,0.022,5.934
1075,1403715327.012143,48.200000,OK,OK,MM,no,328,424,0,424,45,379,0.1061,PoseOpt,no,no,151,7800,4836,79,yes,no,no,0,0,0,no,no,0.000000,0.000000,0.000,1.166,4.107,0.023,5.750
1076,1403715327.062143,48.250000,OK,OK,MM,no,319,419,0,419,50,369,0.1193,PoseOpt,yes,yes,151,7800,4836,79,no,no,no,0,0,0,no,no,0.000000,0.000000,0.000,1.142,2.778,0.020,4.390
1077,1403715327.112143,48.300000,OK,OK,MM,no,315,465,0,465,71,394,0.1527,PoseOpt,no,no,152,7824,4860,80,no,no,no,0,0,0,no,no,0.000000,0.000000,0.000,1.115,2.860,0.022,4.445
1078,1403715327.162143,48.350000,OK,OK,MM,no,333,442,0,442,62,380,0.1403,PoseOpt,no,no,152,7824,4860,80,no,no,no,0,0,0,no,no,0.000000,0.000000,0.000,1.165,3.585,0.027,5.302
1079,1403715327.212143,48.400000,OK,OK,MM,no,314,444,0,444,65,379,0.1464,PoseOpt,no,no,152,7824,4860,80,yes,no,no,0,0,0,no,no,0.000000,0.000000,0.000,1.112,2.811,0.022,4.425
1080,1403715327.262143,48.450000,OK,OK,MM,no,308,411,0,411,58,353,0.1411,PoseOpt,yes,yes,151,7809,4845,79,no,no,no,0,0,0,no,no,0.000000,0.000000,0.000,1.078,2.721,0.020,4.273
1081,1403715327.312143,48.500000,OK,OK,MM,no,288,448,0,448,49,399,0.1094,PoseOpt,no,no,152,7850,4886,80,no,no,no,0,0,0,no,no,0.000000,0.000000,0.000,1.043,2.841,0.022,4.347
1082,1403715327.362143,48.550000,OK,OK,MM,no,340,453,0,453,72,381,0.1589,PoseOpt,no,no,152,7850,4886,80,no,no,no,0,0,0,no,no,0.000000,0.000000,0.000,1.238,2.736,0.023,4.500
1083,1403715327.412143,48.600000,OK,OK,MM,no,307,440,0,440,76,364,0.1727,PoseOpt,no,no,152,7850,4991,81,no,no,no,0,0,0,no,no,0.000000,0.000000,0.000,1.101,3.823,0.030,5.511
1084,1403715327.462143,48.650000,OK,OK,MM,no,316,434,0,434,67,367,0.1544,PoseOpt,yes,yes,152,7849,4885,80,yes,no,no,0,0,0,no,no,0.000000,0.000000,0.000,1.029,2.497,0.020,3.996
1085,1403715327.512143,48.700000,OK,OK,MM,no,313,460,0,460,73,387,0.1587,PoseOpt,no,no,153,7861,4897,81,no,no,no,0,0,0,no,no,0.000000,0.000000,0.000,1.065,2.740,0.021,4.263
1086,1403715327.562143,48.750000,OK,OK,MM,no,332,446,0,446,68,378,0.1525,PoseOpt,no,no,153,7861,4897,81,no,no,no,0,0,0,no,no,0.000000,0.000000,0.000,1.153,2.969,0.030,4.695
1087,1403715327.612143,48.800000,OK,OK,MM,no,326,454,0,454,73,381,0.1608,PoseOpt,no,no,153,7861,4897,81,no,no,no,0,0,0,no,no,0.000000,0.000000,0.000,1.127,3.178,0.022,4.791
1088,1403715327.662143,48.850000,OK,OK,MM,no,322,453,0,453,64,389,0.1413,PoseOpt,no,no,153,7860,4896,81,yes,no,no,0,0,0,no,no,0.000000,0.000000,0.000,1.221,2.629,0.020,4.277
1089,1403715327.712143,48.900000,OK,OK,MM,no,312,443,0,443,80,363,0.1806,PoseOpt,yes,yes,153,7860,4896,81,no,no,no,0,0,0,no,no,0.000000,0.000000,0.000,1.134,3.295,0.022,5.631
1090,1403715327.762143,48.950000,OK,OK,MM,no,300,447,0,447,83,364,0.1857,PoseOpt,no,no,154,7873,4859,81,no,no,no,0,0,0,no,no,0.000000,0.000000,0.000,1.100,4.460,0.040,6.322
1091,1403715327.812143,49.000000,OK,OK,MM,no,292,422,0,422,61,361,0.1445,PoseOpt,no,no,154,7873,4859,81,no,no,no,0,0,0,no,no,0.000000,0.000000,0.000,1.055,2.796,0.022,4.306
1092,1403715327.862143,49.050000,OK,OK,MM,no,301,421,0,421,63,358,0.1496,PoseOpt,no,no,154,7873,4903,81,no,no,no,0,0,0,no,no,0.000000,0.000000,0.000,1.083,2.819,0.022,4.356
1093,1403715327.912143,49.100000,OK,OK,MM,no,291,423,0,423,71,352,0.1678,PoseOpt,yes,yes,153,7860,4951,81,yes,no,no,0,0,0,no,no,0.000000,0.000000,0.000,1.002,2.597,0.021,4.100
1094,1403715327.962143,49.150000,OK,OK,MM,no,282,468,0,468,82,386,0.1752,PoseOpt,no,no,154,7906,4936,81,no,no,no,0,0,0,no,no,0.000000,0.000000,0.000,1.029,3.005,0.023,4.552
1095,1403715328.012143,49.200000,OK,OK,MM,no,308,459,0,459,80,379,0.1743,PoseOpt,no,no,154,7906,4936,81,no,no,no,0,0,0,no,no,0.000000,0.000000,0.000,1.242,3.193,0.026,4.990
1096,1403715328.062143,49.250000,OK,OK,MM,no,302,452,0,452,77,375,0.1704,PoseOpt,no,no,154,7906,4892,81,no,no,no,0,0,0,no,no,0.000000,0.000000,0.000,1.095,2.873,0.023,4.463
1097,1403715328.112143,49.300000,OK,OK,MM,no,296,420,0,420,62,358,0.1476,PoseOpt,yes,yes,154,7904,4890,81,yes,no,no,0,0,0,no,no,0.000000,0.000000,0.000,1.144,2.796,0.021,4.483
1098,1403715328.162143,49.350000,OK,OK,MM,no,288,503,0,503,87,416,0.1730,PoseOpt,no,no,155,7951,4876,81,no,no,no,0,0,0,no,no,0.000000,0.000000,0.000,1.078,3.159,0.024,4.765
1099,1403715328.212143,49.400000,OK,OK,MM,no,366,501,0,501,87,414,0.1737,PoseOpt,no,no,155,7951,4876,81,no,no,no,0,0,0,no,no,0.000000,0.000000,0.000,1.272,3.351,0.028,5.235
1100,1403715328.262143,49.450000,OK,OK,MM,no,329,472,0,472,84,388,0.1780,PoseOpt,no,no,155,7951,4876,81,no,no,no,0,0,0,no,no,0.000000,0.000000,0.000,1.225,3.536,0.035,5.379
1101,1403715328.312143,49.500000,OK,OK,MM,no,327,474,0,474,89,385,0.1878,PoseOpt,no,no,155,7951,4876,81,yes,no,no,0,0,0,no,no,0.000000,0.000000,0.000,1.105,2.669,0.022,4.367
1102,1403715328.362143,49.550000,OK,OK,MM,no,316,455,0,455,80,375,0.1758,PoseOpt,yes,yes,155,7951,4876,81,no,no,no,0,0,0,no,no,0.000000,0.000000,0.000,1.107,2.824,0.021,4.421
1103,1403715328.412143,49.600000,OK,OK,MM,no,311,478,0,478,90,388,0.1883,PoseOpt,no,no,156,7971,4853,81,no,no,no,0,0,0,no,no,0.000000,0.000000,0.000,1.118,3.364,0.023,4.990
1104,1403715328.462143,49.650000,OK,OK,MM,no,317,476,0,476,82,394,0.1723,PoseOpt,no,no,156,7971,4853,81,no,no,no,0,0,0,no,no,0.000000,0.000000,0.000,1.170,3.633,0.034,6.785
1105,1403715328.512143,49.700000,OK,OK,MM,no,331,464,0,464,93,371,0.2004,PoseOpt,no,no,156,7971,4853,81,no,no,no,0,0,0,no,no,0.000000,0.000000,0.000,1.257,3.079,0.023,6.009
1106,1403715328.562143,49.750000,OK,OK,MM,no,312,455,0,455,94,361,0.2066,PoseOpt,no,no,155,7954,4879,81,yes,no,no,0,0,0,no,no,0.000000,0.000000,0.000,1.106,2.610,0.021,4.184
1107,1403715328.612143,49.800000,OK,OK,MM,no,291,436,0,436,82,354,0.1881,PoseOpt,yes,yes,155,7954,4879,81,no,no,no,0,0,0,no,no,0.000000,0.000000,0.000,1.118,3.160,0.022,4.821
1108,1403715328.662143,49.850000,OK,OK,MM,no,290,471,0,471,73,398,0.1550,PoseOpt,no,no,156,7981,4887,81,no,no,no,0,0,0,no,no,0.000000,0.000000,0.000,1.062,2.879,0.023,4.430
1109,1403715328.712143,49.900000,OK,OK,MM,no,339,461,0,461,80,381,0.1735,PoseOpt,no,no,156,7981,4887,81,no,no,no,0,0,0,no,no,0.000000,0.000000,0.000,1.321,3.554,0.031,5.470
1110,1403715328.762143,49.950000,OK,OK,MM,no,320,463,0,463,84,379,0.1814,PoseOpt,no,no,156,7981,4887,81,no,no,no,0,0,0,no,no,0.000000,0.000000,0.000,1.283,3.174,0.024,5.021
1111,1403715328.812143,50.000000,OK,OK,MM,no,314,449,0,449,57,392,0.1269,PoseOpt,no,no,156,7980,4886,81,yes,no,no,0,0,0,no,no,0.000000,0.000000,0.000,1.173,2.662,0.021,4.311
1112,1403715328.862143,50.050000,OK,OK,MM,no,328,456,0,456,67,389,0.1469,PoseOpt,yes,yes,156,7980,4886,81,no,no,no,0,0,0,no,no,0.000000,0.000000,0.000,1.236,2.980,0.021,4.760
1113,1403715328.912143,50.100000,OK,OK,MM,no,302,478,0,478,68,410,0.1423,PoseOpt,no,no,157,8021,4884,81,no,no,no,0,0,0,no,no,0.000000,0.000000,0.000,1.165,3.121,0.024,4.816
1114,1403715328.962143,50.150000,OK,OK,MM,no,342,487,0,487,70,417,0.1437,PoseOpt,no,no,157,8021,4867,81,no,no,no,0,0,0,no,no,0.000000,0.000000,0.000,1.335,3.064,0.027,4.997
1115,1403715329.012143,50.200000,OK,OK,MM,no,340,483,0,483,77,406,0.1594,PoseOpt,no,no,157,8021,4867,81,no,no,no,0,0,0,no,no,0.000000,0.000000,0.000,1.314,3.378,0.032,5.368
1116,1403715329.062143,50.250000,OK,OK,MM,no,334,470,0,470,78,392,0.1660,PoseOpt,no,no,157,8020,4866,81,yes,no,no,0,0,0,no,no,0.000000,0.000000,0.000,1.197,3.205,0.024,4.948
1117,1403715329.112143,50.300000,OK,OK,MM,no,321,438,0,438,78,360,0.1781,PoseOpt,yes,yes,156,8013,4921,81,no,no,no,0,0,0,no,no,0.000000,0.000000,0.000,1.082,3.106,0.022,4.744
1118,1403715329.162143,50.350000,OK,OK,MM,no,292,473,0,473,79,394,0.1670,PoseOpt,no,no,157,8021,4847,81,no,no,no,0,0,0,no,no,0.000000,0.000000,0.000,1.020,3.167,0.023,4.822
1119,1403715329.212143,50.400000,OK,OK,MM,no,311,467,0,467,83,384,0.1777,PoseOpt,no,no,157,8021,4836,81,no,no,no,0,0,0,no,no,0.000000,0.000000,0.000,1.079,3.442,0.023,5.082
1120,1403715329.262143,50.450000,OK,OK,MM,no,301,446,0,446,62,384,0.1390,PoseOpt,no,no,157,8021,4926,83,no,no,no,0,0,0,no,no,0.000000,0.000000,0.000,1.120,3.262,0.023,4.925
1121,1403715329.312143,50.500000,OK,OK,MM,no,287,445,0,445,80,365,0.1798,PoseOpt,no,no,157,8021,4976,84,no,no,no,0,0,0,no,no,0.000000,0.000000,0.000,1.114,3.895,0.031,5.724
1122,1403715329.362143,50.550000,OK,OK,MM,no,290,459,0,459,71,388,0.1547,PoseOpt,yes,yes,157,8021,5217,88,yes,no,no,0,0,0,no,no,0.000000,0.000000,0.000,1.132,3.205,0.027,5.186
1123,1403715329.412143,50.600000,OK,OK,MM,no,302,476,0,476,76,400,0.1597,PoseOpt,no,no,158,8011,5286,90,no,no,no,0,0,0,no,no,0.000000,0.000000,0.000,1.032,4.059,0.023,5.678
1124,1403715329.462143,50.650000,OK,OK,MM,no,311,463,0,463,78,385,0.1685,PoseOpt,no,no,158,8011,5324,91,no,no,no,0,0,0,no,no,0.000000,0.000000,0.000,1.179,3.512,0.023,5.247
1125,1403715329.512143,50.700000,OK,OK,MM,no,299,484,0,484,93,391,0.1921,PoseOpt,no,no,158,8011,5374,92,no,no,no,0,0,0,no,no,0.000000,0.000000,0.000,1.174,3.547,0.029,5.297
1126,1403715329.562143,50.750000,OK,OK,MM,no,310,474,0,474,77,397,0.1624,PoseOpt,no,no,158,8011,5374,92,no,no,no,0,0,0,no,no,0.000000,0.000000,0.000,1.131,3.461,0.023,5.161
1127,1403715329.612143,50.800000,OK,OK,MM,no,318,481,0,481,75,406,0.1559,PoseOpt,no,no,158,8011,5374,92,yes,no,no,0,0,0,no,no,0.000000,0.000000,0.000,1.123,3.133,0.021,4.789
1128,1403715329.662143,50.850000,OK,OK,MM,no,333,480,0,480,68,412,0.1417,PoseOpt,yes,yes,158,8011,5374,92,no,no,no,0,0,0,no,no,0.000000,0.000000,0.000,1.255,3.407,0.021,5.224
1129,1403715329.712143,50.900000,OK,OK,MM,no,342,491,0,491,65,426,0.1324,PoseOpt,no,no,159,8018,5381,93,no,no,no,0,0,0,no,no,0.000000,0.000000,0.000,1.149,3.246,0.024,4.957
1130,1403715329.762143,50.950000,OK,OK,MM,no,362,507,0,507,60,447,0.1183,PoseOpt,no,no,159,8018,5381,93,no,no,no,0,0,0,no,no,0.000000,0.000000,0.000,1.437,3.709,0.024,5.725
1131,1403715329.812143,51.000000,OK,OK,MM,no,379,514,0,514,73,441,0.1420,PoseOpt,no,no,159,8018,5381,93,no,no,no,0,0,0,no,no,0.000000,0.000000,0.000,1.306,3.592,0.025,5.459
1132,1403715329.862143,51.050000,OK,OK,MM,no,373,503,0,503,76,427,0.1511,PoseOpt,no,no,159,8018,5381,93,no,no,no,0,0,0,no,no,0.000000,0.000000,0.000,1.358,4.290,0.033,6.390
1133,1403715329.912143,51.100000,OK,OK,MM,no,356,514,0,514,78,436,0.1518,PoseOpt,no,no,159,8018,5381,93,yes,no,no,0,0,0,no,no,0.000000,0.000000,0.000,1.282,3.756,0.027,5.655
1134,1403715329.962143,51.150000,OK,OK,MM,no,375,496,0,496,61,435,0.1230,PoseOpt,yes,yes,158,8000,5363,92,no,no,no,0,0,0,no,no,0.000000,0.000000,0.000,1.335,3.476,0.023,5.422
1135,1403715330.012143,51.200000,OK,OK,MM,no,364,516,0,516,77,439,0.1492,PoseOpt,no,no,159,8024,5387,93,no,no,no,0,0,0,no,no,0.000000,0.000000,0.000,1.190,3.374,0.024,5.113
1136,1403715330.062143,51.250000,OK,OK,MM,no,369,515,0,515,65,450,0.1262,PoseOpt,no,no,159,8024,5387,93,no,no,no,0,0,0,no,no,0.000000,0.000000,0.000,1.320,3.853,0.031,5.782
1137,1403715330.112143,51.300000,OK,OK,MM,no,370,508,0,508,69,439,0.1358,PoseOpt,no,no,159,8024,5387,93,no,no,no,0,0,0,no,no,0.000000,0.000000,0.000,1.320,4.039,0.028,5.991
1138,1403715330.162143,51.350000,OK,OK,MM,no,364,510,0,510,81,429,0.1588,PoseOpt,no,no,159,8024,5387,93,no,no,no,0,0,0,no,no,0.000000,0.000000,0.000,1.446,4.262,0.027,6.380
1139,1403715330.212143,51.400000,OK,OK,MM,no,343,494,0,494,81,413,0.1640,PoseOpt,no,no,159,8024,5387,93,no,no,no,0,0,0,no,no,0.000000,0.000000,0.000,1.282,3.796,0.036,6.034
1140,1403715330.262143,51.450000,OK,OK,MM,no,317,482,0,482,76,406,0.1577,PoseOpt,no,no,159,8023,5386,93,yes,no,no,0,0,0,no,no,0.000000,0.000000,0.000,1.150,3.162,0.024,4.967
1141,1403715330.312143,51.500000,OK,OK,MM,no,338,485,0,485,73,412,0.1505,PoseOpt,yes,yes,159,8023,5386,93,no,no,no,0,0,0,no,no,0.000000,0.000000,0.000,1.213,3.569,0.023,5.366
1142,1403715330.362143,51.550000,OK,OK,MM,no,341,520,0,520,67,453,0.1288,PoseOpt,no,no,160,8054,5417,94,no,no,no,0,0,0,no,no,0.000000,0.000000,0.000,1.122,3.378,0.024,5.082
1143,1403715330.412143,51.600000,OK,OK,MM,no,376,507,0,507,71,436,0.1400,PoseOpt,no,no,160,8054,5417,94,no,no,no,0,0,0,no,no,0.000000,0.000000,0.000,1.384,4.117,0.029,6.205
1144,1403715330.462143,51.650000,OK,OK,MM,no,379,520,0,520,83,437,0.1596,PoseOpt,no,no,160,8054,5417,94,no,no,no,0,0,0,no,no,0.000000,0.000000,0.000,1.407,3.841,0.026,5.862
1145,1403715330.512143,51.700000,OK,OK,MM,no,370,501,0,501,74,427,0.1477,PoseOpt,no,no,160,8054,5417,94,no,no,no,0,0,0,no,no,0.000000,0.000000,0.000,1.414,4.154,0.029,6.234
1146,1403715330.562143,51.750000,OK,OK,MM,no,354,526,0,526,78,448,0.1483,PoseOpt,no,no,160,8054,5379,93,no,no,no,0,0,0,no,no,0.000000,0.000000,0.000,1.313,4.342,0.028,6.366
1147,1403715330.612143,51.800000,OK,OK,MM,no,376,520,0,520,77,443,0.1481,PoseOpt,no,no,159,8042,5366,92,yes,no,no,0,0,0,no,no,0.000000,0.000000,0.000,1.478,3.354,0.023,5.410
1148,1403715330.662143,51.850000,OK,OK,MM,no,349,527,0,527,83,444,0.1575,PoseOpt,no,no,159,8042,5366,92,no,no,no,0,0,0,no,no,0.000000,0.000000,0.000,1.342,3.676,0.025,5.631
1149,1403715330.712143,51.900000,OK,OK,MM,no,364,536,0,536,93,443,0.1735,PoseOpt,no,no,159,8042,5404,93,no,no,no,0,0,0,no,no,0.000000,0.000000,0.000,1.387,3.831,0.023,5.808
1150,1403715330.762143,51.950000,OK,OK,MM,no,340,531,0,531,88,443,0.1657,PoseOpt,no,no,159,8042,5404,93,no,no,no,0,0,0,no,no,0.000000,0.000000,0.000,1.407,3.928,0.026,5.964
1151,1403715330.812143,52.000000,OK,OK,MM,no,350,526,0,526,78,448,0.1483,PoseOpt,no,no,159,8042,5404,93,no,no,no,0,0,0,no,no,0.000000,0.000000,0.000,1.398,3.687,0.024,5.674
1152,1403715330.862143,52.050000,OK,OK,MM,no,347,550,0,550,85,465,0.1545,PoseOpt,no,no,159,8042,5404,93,no,no,no,0,0,0,no,no,0.000000,0.000000,0.000,1.388,4.045,0.023,6.044
1153,1403715330.912143,52.100000,OK,OK,MM,no,361,536,0,536,77,459,0.1437,PoseOpt,no,no,159,8042,5452,94,no,no,no,0,0,0,no,no,0.000000,0.000000,0.000,1.330,3.823,0.029,5.779
1154,1403715330.962143,52.150000,OK,OK,MM,no,360,544,0,544,87,457,0.1599,PoseOpt,yes,yes,159,8042,5452,94,no,no,no,0,0,0,no,no,0.000000,0.000000,0.000,1.370,3.665,0.023,5.627
1155,1403715331.012143,52.200000,OK,OK,MM,no,369,556,0,556,72,484,0.1295,PoseOpt,no,no,160,8038,5448,95,no,no,no,0,0,0,no,no,0.000000,0.000000,0.000,1.300,3.751,0.027,6.130
1156,1403715331.062143,52.250000,OK,OK,MM,no,397,545,0,545,66,479,0.1211,PoseOpt,no,no,160,8038,5532,96,no,no,no,0,0,0,no,no,0.000000,0.000000,0.000,1.422,4.423,0.037,7.131
1157,1403715331.112143,52.300000,OK,OK,MM,no,378,556,0,556,74,482,0.1331,PoseOpt,no,no,160,8038,5773,97,no,no,no,0,0,0,no,no,0.000000,0.000000,0.000,1.465,4.402,1.282,7.857
1158,1403715331.162143,52.350000,OK,OK,MM,no,382,532,0,532,66,466,0.1241,PoseOpt,no,no,160,8038,5773,97,no,no,no,0,0,0,no,no,0.000000,0.000000,0.000,1.489,4.172,0.036,6.423
1159,1403715331.212143,52.400000,OK,OK,MM,no,355,560,0,560,85,475,0.1518,PoseOpt,no,no,160,8038,6271,107,no,no,no,0,0,0,no,no,0.000000,0.000000,0.000,1.472,3.982,0.029,6.042
1160,1403715331.262143,52.450000,OK,OK,MM,no,371,529,0,529,81,448,0.1531,PoseOpt,no,no,160,8036,6118,107,yes,no,no,0,0,0,no,no,0.000000,0.000000,0.000,1.425,3.806,0.023,5.843
1161,1403715331.312143,52.500000,OK,OK,MM,no,351,531,0,531,93,438,0.1751,PoseOpt,yes,yes,160,8036,6199,105,no,no,no,0,0,0,no,no,0.000000,0.000000,0.000,1.496,4.174,0.024,6.296
1162,1403715331.362143,52.550000,OK,OK,MM,no,329,542,0,542,101,441,0.1863,PoseOpt,no,no,161,8047,6225,107,no,no,no,0,0,0,no,no,0.000000,0.000000,0.000,1.166,3.658,0.026,5.437
1163,1403715331.412143,52.600000,OK,OK,MM,no,357,536,0,536,82,454,0.1530,PoseOpt,no,no,161,8047,6225,107,no,no,no,0,0,0,no,no,0.000000,0.000000,0.000,1.376,4.086,0.028,6.100
1164,1403715331.462143,52.650000,OK,OK,MM,no,373,550,0,550,103,447,0.1873,PoseOpt,no,no,161,8047,6255,108,no,no,no,0,0,0,no,no,0.000000,0.000000,0.000,1.373,4.268,0.030,6.238
1165,1403715331.512143,52.700000,OK,OK,MM,no,361,533,0,533,89,444,0.1670,PoseOpt,no,no,161,8047,6140,104,no,no,no,0,0,0,no,no,0.000000,0.000000,0.000,1.421,4.431,0.028,6.484
1166,1403715331.562143,52.750000,OK,OK,MM,no,357,542,0,542,90,452,0.1661,PoseOpt,no,no,161,8047,6140,104,no,no,no,0,0,0,no,no,0.000000,0.000000,0.000,1.368,5.415,0.043,7.615
1167,1403715331.612143,52.800000,OK,OK,MM,no,357,524,0,524,94,430,0.1794,PoseOpt,no,no,161,8047,6219,106,no,no,no,0,0,0,no,no,0.000000,0.000000,0.000,1.326,4.355,0.028,6.325
1168,1403715331.662143,52.850000,OK,OK,MM,no,347,515,0,515,107,408,0.2078,PoseOpt,no,no,161,8047,6392,116,no,no,no,0,0,0,no,no,0.000000,0.000000,0.000,1.499,4.614,0.034,6.841
1169,1403715331.712143,52.900000,OK,OK,MM,no,325,514,0,514,92,422,0.1790,PoseOpt,no,no,161,8046,6391,116,yes,no,no,0,0,0,no,no,0.000000,0.000000,0.000,1.390,4.506,0.029,6.628
1170,1403715331.762143,52.950000,OK,OK,MM,no,329,501,0,501,101,400,0.2016,PoseOpt,yes,yes,160,8035,6372,111,no,no,no,0,0,0,no,no,0.000000,0.000000,0.000,1.235,3.888,0.024,5.770
1171,1403715331.812143,53.000000,OK,OK,MM,no,322,516,0,516,78,438,0.1512,PoseOpt,no,no,161,8031,6335,110,no,no,no,0,0,0,no,no,0.000000,0.000000,0.000,1.148,3.938,0.024,6.460
1172,1403715331.862143,53.050000,OK,OK,MM,no,331,526,0,526,90,436,0.1711,PoseOpt,no,no,161,8031,6335,110,no,no,no,0,0,0,no,no,0.000000,0.000000,0.000,1.219,4.286,0.026,6.205
1173,1403715331.912143,53.100000,OK,OK,MM,no,341,494,0,494,82,412,0.1660,PoseOpt,no,no,161,8031,6408,114,no,no,no,0,0,0,no,no,0.000000,0.000000,0.000,1.249,4.074,0.028,5.919
1174,1403715331.962143,53.150000,OK,OK,MM,no,324,494,0,494,79,415,0.1599,PoseOpt,no,no,161,8031,6291,110,no,no,no,0,0,0,no,no,0.000000,0.000000,0.000,1.363,4.158,0.025,6.130
1175,1403715332.012143,53.200000,OK,OK,MM,no,334,486,0,486,72,414,0.1481,PoseOpt,no,no,161,8031,6425,114,no,no,no,0,0,0,no,no,0.000000,0.000000,0.000,1.214,4.728,0.049,6.752
1176,1403715332.062143,53.250000,OK,OK,MM,no,331,514,0,514,85,429,0.1654,PoseOpt,no,no,161,8030,6415,113,yes,no,no,0,0,0,no,no,0.000000,0.000000,0.000,1.282,4.293,0.031,6.314
1177,1403715332.112143,53.300000,OK,OK,MM,no,332,516,0,516,83,433,0.1609,PoseOpt,yes,yes,160,8017,6254,108,no,no,no,0,0,0,no,no,0.000000,0.000000,0.000,1.227,3.768,0.022,5.608
1178,1403715332.162143,53.350000,OK,OK,MM,no,338,522,0,522,80,442,0.1533,PoseOpt,no,no,161,8033,6397,113,no,no,no,0,0,0,no,no,0.000000,0.000000,0.000,1.273,3.668,0.026,5.563
1179,1403715332.212143,53.400000,OK,OK,MM,no,359,517,0,517,88,429,0.1702,PoseOpt,no,no,161,8033,6330,111,no,no,no,0,0,0,no,no,0.000000,0.000000,0.000,1.512,4.506,0.028,6.655
1180,1403715332.262143,53.450000,OK,OK,MM,no,346,524,0,524,80,444,0.1527,PoseOpt,no,no,161,8033,6330,111,no,no,no,0,0,0,no,no,0.000000,0.000000,0.000,1.345,4.395,0.025,6.408
1181,1403715332.312143,53.500000,OK,OK,MM,no,351,514,0,514,94,420,0.1829,PoseOpt,no,no,161,8033,6418,113,no,no,no,0,0,0,no,no,0.000000,0.000000,0.000,1.524,4.797,0.031,7.034
1182,1403715332.362143,53.550000,OK,OK,MM,no,364,506,0,506,92,414,0.1818,PoseOpt,no,no,161,8033,6335,109,no,no,no,0,0,0,no,no,0.000000,0.000000,0.000,1.414,3.926,0.028,5.898
1183,1403715332.412143,53.600000,OK,OK,MM,no,330,502,0,502,84,418,0.1673,PoseOpt,no,no,161,8032,6022,104,yes,no,no,0,0,0,no,no,0.000000,0.000000,0.000,1.159,3.591,0.023,5.329
1184,1403715332.462143,53.650000,OK,OK,MM,no,332,498,0,498,79,419,0.1586,PoseOpt,yes,yes,161,8032,6269,109,no,no,no,0,0,0,no,no,0.000000,0.000000,0.000,1.204,3.968,0.024,5.774
1185,1403715332.512143,53.700000,OK,OK,MM,no,362,539,0,539,78,461,0.1447,PoseOpt,no,no,162,8062,6400,112,no,no,no,0,0,0,no,no,0.000000,0.000000,0.000,1.183,3.897,0.029,5.732
1186,1403715332.562143,53.750000,OK,OK,MM,no,376,522,0,522,84,438,0.1609,PoseOpt,no,no,162,8062,6459,115,no,no,no,0,0,0,no,no,0.000000,0.000000,0.000,1.366,5.253,0.029,7.308
1187,1403715332.612143,53.800000,OK,OK,MM,no,367,526,0,526,92,434,0.1749,PoseOpt,no,no,162,8062,6322,111,no,no,no,0,0,0,no,no,0.000000,0.000000,0.000,1.416,4.088,0.027,6.080
1188,1403715332.662143,53.850000,OK,OK,MM,no,347,514,0,514,77,437,0.1498,PoseOpt,no,no,162,8062,6233,107,no,no,no,0,0,0,no,no,0.000000,0.000000,0.000,1.277,4.102,0.026,5.983
1189,1403715332.712143,53.900000,OK,OK,MM,no,355,507,0,507,88,419,0.1736,PoseOpt,no,no,162,8062,6078,106,no,no,no,0,0,0,no,no,0.000000,0.000000,0.000,1.322,4.807,0.037,6.926
1190,1403715332.762143,53.950000,OK,OK,MM,no,337,504,0,504,82,422,0.1627,PoseOpt,no,no,162,8062,6144,109,yes,no,no,0,0,0,no,no,0.000000,0.000000,0.000,1.183,3.685,0.023,5.457
1191,1403715332.812143,54.000000,OK,OK,MM,no,335,491,0,491,87,404,0.1772,PoseOpt,yes,yes,162,8062,6207,106,no,no,no,0,0,0,no,no,0.000000,0.000000,0.000,1.212,3.944,0.023,5.746
1192,1403715332.862143,54.050000,OK,OK,MM,no,314,502,0,502,77,425,0.1534,PoseOpt,no,no,163,8072,6217,107,no,no,no,0,0,0,no,no,0.000000,0.000000,0.000,1.102,3.543,0.025,5.257
1193,1403715332.912143,54.100000,OK,OK,MM,no,322,492,0,492,88,404,0.1789,PoseOpt,no,no,163,8072,6217,107,no,no,no,0,0,0,no,no,0.000000,0.000000,0.000,1.409,4.460,0.028,6.530
1194,1403715332.962143,54.150000,OK,OK,MM,no,298,458,0,458,77,381,0.1681,PoseOpt,no,no,163,8072,6309,111,no,no,no,0,0,0,no,no,0.000000,0.000000,0.000,1.179,4.166,0.031,6.000
1195,1403715333.012143,54.200000,OK,OK,MM,no,291,469,0,469,90,379,0.1919,PoseOpt,no,no,163,8072,6141,109,no,no,no,0,0,0,no,no,0.000000,0.000000,0.000,1.228,4.568,0.033,6.510
1196,1403715333.062143,54.250000,OK,OK,MM,no,276,455,0,455,78,377,0.1714,PoseOpt,no,no,163,8072,6092,108,no,no,no,0,0,0,no,no,0.000000,0.000000,0.000,1.168,4.028,0.027,5.802
1197,1403715333.112143,54.300000,OK,OK,MM,no,297,438,0,438,75,363,0.1712,PoseOpt,no,no,163,8072,6264,109,yes,no,no,0,0,0,no,no,0.000000,0.000000,0.000,1.142,3.629,0.024,6.866
1198,1403715333.162143,54.350000,OK,OK,MM,no,298,429,0,429,86,343,0.2005,PoseOpt,no,no,162,8059,6273,109,no,no,no,0,0,0,no,no,0.000000,0.000000,0.000,1.045,3.320,0.024,4.919
1199,1403715333.212143,54.400000,OK,OK,MM,no,261,418,0,418,79,339,0.1890,PoseOpt,yes,yes,162,8059,6273,109,no,no,no,0,0,0,no,no,0.000000,0.000000,0.000,1.069,3.568,0.023,5.236
1200,1403715333.262143,54.450000,OK,OK,MM,no,278,463,0,463,92,371,0.1987,PoseOpt,no,no,163,8054,6171,111,no,no,no,0,0,0,no,no,0.000000,0.000000,0.000,1.024,3.479,0.022,5.411
1201,1403715333.312143,54.500000,OK,OK,MM,no,298,436,0,436,76,360,0.1743,PoseOpt,no,no,163,8054,6103,109,no,no,no,0,0,0,no,no,0.000000,0.000000,0.000,1.075,5.065,0.030,6.874
1202,1403715333.362143,54.550000,OK,OK,MM,no,282,426,0,426,68,358,0.1596,PoseOpt,no,no,163,8054,5891,103,no,no,no,0,0,0,no,no,0.000000,0.000000,0.000,1.071,3.612,0.021,5.234
1203,1403715333.412143,54.600000,OK,OK,MM,no,283,418,0,418,78,340,0.1866,PoseOpt,no,no,163,8054,5972,101,no,no,no,0,0,0,no,no,0.000000,0.000000,0.000,1.067,3.830,0.022,5.472
1204,1403715333.462143,54.650000,OK,OK,MM,no,282,441,0,441,87,354,0.1973,PoseOpt,no,no,163,8054,5972,101,no,no,no,0,0,0,no,no,0.000000,0.000000,0.000,1.137,3.682,0.028,5.506
1205,1403715333.512143,54.700000,OK,OK,MM,no,287,418,0,418,69,349,0.1651,PoseOpt,no,no,163,8053,6073,104,yes,no,no,0,0,0,no,no,0.000000,0.000000,0.000,1.090,3.950,0.024,5.656
1206,1403715333.562143,54.750000,OK,OK,MM,no,270,437,0,437,79,358,0.1808,PoseOpt,no,no,163,8053,5576,101,no,no,no,0,0,0,no,no,0.000000,0.000000,0.000,0.986,3.523,0.024,5.185
1207,1403715333.612143,54.800000,OK,OK,MM,no,293,435,0,435,80,355,0.1839,PoseOpt,yes,yes,163,8053,5576,101,no,no,no,0,0,0,no,no,0.000000,0.000000,0.000,1.099,3.648,0.019,5.359
1208,1403715333.662143,54.850000,OK,OK,MM,no,281,443,0,443,76,367,0.1716,PoseOpt,no,no,164,8037,5560,102,no,no,no,0,0,0,no,no,0.000000,0.000000,0.000,1.087,3.190,0.021,4.868
1209,1403715333.712143,54.900000,OK,OK,MM,no,290,424,0,424,73,351,0.1722,PoseOpt,no,no,164,8037,5560,102,no,no,no,0,0,0,no,no,0.000000,0.000000,0.000,1.133,3.706,0.024,5.447
1210,1403715333.762143,54.950000,OK,OK,MM,no,268,426,0,426,75,351,0.1761,PoseOpt,no,no,164,8037,5560,102,no,no,no,0,0,0,no,no,0.000000,0.000000,0.000,1.010,3.737,0.025,5.337
1211,1403715333.812143,55.000000,OK,OK,MM,no,266,394,0,394,70,324,0.1777,PoseOpt,no,no,164,8037,5560,102,no,no,no,0,0,0,no,no,0.000000,0.000000,0.000,1.023,3.947,0.025,5.653
1212,1403715333.862143,55.050000,OK,OK,MM,no,252,404,0,404,72,332,0.1782,PoseOpt,no,no,164,8037,5560,102,no,no,no,0,0,0,no,no,0.000000,0.000000,0.000,1.005,3.952,0.027,5.661
1213,1403715333.912143,55.100000,OK,OK,MM,no,254,406,0,406,74,332,0.1823,PoseOpt,no,no,164,8037,5454,99,no,no,no,0,0,0,no,no,0.000000,0.000000,0.000,1.000,3.970,0.024,5.554
1214,1403715333.962143,55.150000,OK,OK,MM,no,254,422,0,422,81,341,0.1919,PoseOpt,no,no,164,8037,5454,99,yes,no,no,0,0,0,no,no,0.000000,0.000000,0.000,1.065,3.783,0.022,5.476
1215,1403715334.012143,55.200000,OK,OK,MM,no,271,405,0,405,79,326,0.1951,PoseOpt,yes,yes,163,8030,5446,98,no,no,no,0,0,0,no,no,0.000000,0.000000,0.000,1.033,3.381,0.019,4.989
1216,1403715334.062143,55.250000,OK,OK,MM,no,252,433,0,433,68,365,0.1570,PoseOpt,no,no,164,8045,5780,101,no,no,no,0,0,0,no,no,0.000000,0.000000,0.000,0.929,3.382,0.021,5.297
1217,1403715334.112143,55.300000,OK,OK,MM,no,275,434,0,434,79,355,0.1820,PoseOpt,no,no,164,8045,5780,101,no,no,no,0,0,0,no,no,0.000000,0.000000,0.000,1.087,4.860,0.021,6.581
1218,1403715334.162143,55.350000,OK,OK,MM,no,267,411,0,411,61,350,0.1484,PoseOpt,no,no,164,8045,5925,105,no,no,no,0,0,0,no,no,0.000000,0.000000,0.000,1.079,3.587,0.020,5.205
1219,1403715334.212143,55.400000,OK,OK,MM,no,287,421,0,421,81,340,0.1924,PoseOpt,no,no,164,8045,5925,105,no,no,no,0,0,0,no,no,0.000000,0.000000,0.000,1.096,3.913,0.023,5.603
1220,1403715334.262143,55.450000,OK,OK,MM,no,271,394,0,394,68,326,0.1726,PoseOpt,no,no,164,8045,5925,105,no,no,no,0,0,0,no,no,0.000000,0.000000,0.000,1.091,3.726,0.021,5.419
1221,1403715334.312143,55.500000,OK,OK,MM,no,283,405,0,405,58,347,0.1432,PoseOpt,no,no,164,8045,5860,105,yes,no,no,0,0,0,no,no,0.000000,0.000000,0.000,1.102,3.786,0.019,5.468
1222,1403715334.362143,55.550000,OK,OK,MM,no,283,388,0,388,59,329,0.1521,PoseOpt,no,no,162,8020,5682,102,no,no,no,0,0,0,no,no,0.000000,0.000000,0.000,1.057,3.161,0.019,4.761
1223,1403715334.412143,55.600000,OK,OK,MM,no,271,397,0,397,62,335,0.1562,PoseOpt,yes,yes,162,8020,5682,102,no,no,no,0,0,0,no,no,0.000000,0.000000,0.000,1.043,3.755,0.020,5.382
1224,1403715334.462143,55.650000,OK,OK,MM,no,274,446,0,446,66,380,0.1480,PoseOpt,no,no,163,8060,5722,103,no,no,no,0,0,0,no,no,0.000000,0.000000,0.000,0.992,3.459,0.021,5.047
1225,1403715334.512143,55.700000,OK,OK,MM,no,296,443,0,443,74,369,0.1670,PoseOpt,no,no,163,8060,5940,104,no,no,no,0,0,0,no,no,0.000000,0.000000,0.000,1.141,4.167,0.022,5.935
1226,1403715334.562143,55.750000,OK,OK,MM,no,293,416,0,416,65,351,0.1562,PoseOpt,no,no,163,8060,5838,101,no,no,no,0,0,0,no,no,0.000000,0.000000,0.000,1.104,3.622,0.022,5.235
1227,1403715334.612143,55.800000,OK,OK,MM,no,268,423,0,423,77,346,0.1820,PoseOpt,no,no,163,8060,5940,104,no,no,no,0,0,0,no,no,0.000000,0.000000,0.000,1.025,3.866,0.022,5.464
1228,1403715334.662143,55.850000,OK,OK,MM,no,260,385,0,385,65,320,0.1688,PoseOpt,no,no,163,8060,5875,104,no,no,no,0,0,0,no,no,0.000000,0.000000,0.000,1.000,3.762,0.027,5.442
1229,1403715334.712143,55.900000,OK,OK,MM,no,242,400,0,400,63,337,0.1575,PoseOpt,no,no,163,8059,5741,102,yes,no,no,0,0,0,no,no,0.000000,0.000000,0.000,0.904,3.139,0.019,4.573
1230,1403715334.762143,55.950000,OK,OK,MM,no,261,388,0,388,67,321,0.1727,PoseOpt,yes,yes,163,8059,6017,103,no,no,no,0,0,0,no,no,0.000000,0.000000,0.000,1.067,3.393,0.019,5.025
1231,1403715334.812143,56.000000,OK,OK,MM,no,247,419,0,419,68,351,0.1623,PoseOpt,no,no,164,8103,5518,99,no,no,no,0,0,0,no,no,0.000000,0.000000,0.000,1.235,3.650,0.034,6.125
1232,1403715334.862143,56.050000,OK,OK,MM,no,278,412,0,412,67,345,0.1626,PoseOpt,no,no,164,8103,5518,99,no,no,no,0,0,0,no,no,0.000000,0.000000,0.000,1.023,3.440,0.023,5.637
1233,1403715334.912143,56.100000,OK,OK,MM,no,293,402,0,402,60,342,0.1493,PoseOpt,no,no,164,8103,5518,99,no,no,no,0,0,0,no,no,0.000000,0.000000,0.000,1.095,3.379,0.025,5.003
1234,1403715334.962143,56.150000,OK,OK,MM,no,253,389,0,389,65,324,0.1671,PoseOpt,no,no,164,8103,5518,99,no,no,no,0,0,0,no,no,0.000000,0.000000,0.000,1.002,3.680,0.022,5.270
1235,1403715335.012143,56.200000,OK,OK,MM,no,271,390,0,390,71,319,0.1821,PoseOpt,no,no,164,8103,5518,99,no,no,no,0,0,0,no,no,0.000000,0.000000,0.000,0.999,3.545,0.026,5.120
1236,1403715335.062143,56.250000,OK,OK,MM,no,255,400,0,400,87,313,0.2175,PoseOpt,no,no,164,8103,5518,99,yes,no,no,0,0,0,no,no,0.000000,0.000000,0.000,0.976,3.555,0.021,5.085
1237,1403715335.112143,56.300000,OK,OK,MM,no,248,389,0,389,69,320,0.1774,PoseOpt,yes,yes,164,8103,5518,99,no,no,no,0,0,0,no,no,0.000000,0.000000,0.000,0.892,3.006,0.020,4.460
1238,1403715335.162143,56.350000,OK,OK,MM,no,252,410,0,410,73,337,0.1780,PoseOpt,no,no,165,8116,5531,100,no,no,no,0,0,0,no,no,0.000000,0.000000,0.000,0.878,3.060,0.020,4.462
1239,1403715335.212143,56.400000,OK,OK,MM,no,273,394,0,394,55,339,0.1396,PoseOpt,no,no,165,8116,5531,100,no,no,no,0,0,0,no,no,0.000000,0.000000,0.000,1.019,3.426,0.021,5.012
1240,1403715335.262143,56.450000,OK,OK,MM,no,272,377,0,377,60,317,0.1592,PoseOpt,no,no,165,8116,5531,100,no,no,no,0,0,0,no,no,0.000000,0.000000,0.000,1.075,3.388,0.022,4.998
1241,1403715335.312143,56.500000,OK,OK,MM,no,256,364,0,364,59,305,0.1621,PoseOpt,no,no,165,8116,5531,100,no,no,no,0,0,0,no,no,0.000000,0.000000,0.000,1.143,3.707,0.022,5.422
1242,1403715335.362143,56.550000,OK,OK,MM,no,251,370,0,370,67,303,0.1811,PoseOpt,no,no,165,8116,5531,100,no,no,no,0,0,0,no,no,0.000000,0.000000,0.000,0.911,3.468,0.023,5.008
1243,1403715335.412143,56.600000,OK,OK,MM,no,259,367,0,367,53,314,0.1444,PoseOpt,no,no,165,8114,5529,100,yes,no,no,0,0,0,no,no,0.000000,0.000000,0.000,0.888,2.949,0.026,4.344
1244,1403715335.462143,56.650000,OK,OK,MM,no,259,373,0,373,66,307,0.1769,PoseOpt,yes,yes,165,8114,5529,100,no,no,no,0,0,0,no,no,0.000000,0.000000,0.000,0.941,3.091,0.019,4.556
1245,1403715335.512143,56.700000,OK,OK,MM,no,257,428,0,428,59,369,0.1379,PoseOpt,no,no,166,8151,5566,101,no,no,no,0,0,0,no,no,0.000000,0.000000,0.000,0.923,3.393,0.020,4.849
1246,1403715335.562143,56.750000,OK,OK,MM,no,283,428,0,428,75,353,0.1752,PoseOpt,no,no,166,8151,5566,101,no,no,no,0,0,0,no,no,0.000000,0.000000,0.000,1.057,3.623,0.022,5.241
1247,1403715335.612143,56.800000,OK,OK,MM,no,288,410,0,410,73,337,0.1780,PoseOpt,no,no,166,8151,5566,101,no,no,no,0,0,0,no,no,0.000000,0.000000,0.000,1.039,3.451,0.021,5.013
1248,1403715335.662143,56.850000,OK,OK,MM,no,280,390,0,390,65,325,0.1667,PoseOpt,no,no,166,8151,5566,101,no,no,no,0,0,0,no,no,0.000000,0.000000,0.000,1.027,3.316,0.021,4.862
1249,1403715335.712143,56.900000,OK,OK,MM,no,265,375,0,375,62,313,0.1653,PoseOpt,no,no,166,8151,5833,105,no,no,no,0,0,0,no,no,0.000000,0.000000,0.000,1.020,4.067,0.033,5.747
1250,1403715335.762143,56.950000,OK,OK,MM,no,256,369,0,369,48,321,0.1301,PoseOpt,no,no,165,8145,5827,104,yes,no,no,0,0,0,no,no,0.000000,0.000000,0.000,0.903,2.981,0.020,4.421
1251,1403715335.812143,57.000000,OK,OK,MM,no,258,366,0,366,65,301,0.1776,PoseOpt,yes,yes,165,8145,5560,100,no,no,no,0,0,0,no,no,0.000000,0.000000,0.000,0.930,3.224,0.019,4.690
1252,1403715335.862143,57.050000,OK,OK,MM,no,236,383,0,383,54,329,0.1410,PoseOpt,no,no,166,8172,5693,104,no,no,no,0,0,0,no,no,0.000000,0.000000,0.000,0.872,3.504,0.022,5.011
1253,1403715335.912143,57.100000,OK,OK,MM,no,264,371,0,371,59,312,0.1590,PoseOpt,no,no,166,8172,5693,104,no,no,no,0,0,0,no,no,0.000000,0.000000,0.000,1.046,3.503,0.021,5.107
1254,1403715335.962143,57.150000,OK,OK,MM,no,263,359,0,359,61,298,0.1699,PoseOpt,no,no,166,8172,5777,105,no,no,no,0,0,0,no,no,0.000000,0.000000,0.000,1.006,3.278,0.020,4.781
1255,1403715336.012143,57.200000,OK,OK,MM,no,239,370,0,370,57,313,0.1541,PoseOpt,no,no,166,8172,5693,104,no,no,no,0,0,0,no,no,0.000000,0.000000,0.000,0.907,3.767,0.025,5.234
1256,1403715336.062143,57.250000,OK,OK,MM,no,251,337,0,337,54,283,0.1602,PoseOpt,no,no,166,8172,5693,104,no,no,no,0,0,0,no,no,0.000000,0.000000,0.000,1.005,3.892,0.029,5.532
1257,1403715336.112143,57.300000,OK,OK,MM,no,238,343,0,343,62,281,0.1808,PoseOpt,no,no,166,8171,5586,101,yes,no,no,0,0,0,no,no,0.000000,0.000000,0.000,0.870,3.098,0.022,4.499
1258,1403715336.162143,57.350000,OK,OK,MM,no,225,329,0,329,45,284,0.1368,PoseOpt,yes,yes,166,8171,5906,103,no,no,no,0,0,0,no,no,0.000000,0.000000,0.000,0.876,3.939,0.021,5.361
1259,1403715336.212143,57.400000,OK,OK,MM,no,225,372,0,372,49,323,0.1317,PoseOpt,no,no,167,8206,6033,106,no,no,no,0,0,0,no,no,0.000000,0.000000,0.000,0.869,3.285,0.018,4.667
1260,1403715336.262143,57.450000,OK,OK,MM,no,271,364,0,364,65,299,0.1786,PoseOpt,no,no,167,8206,5621,102,no,no,no,0,0,0,no,no,0.000000,0.000000,0.000,1.056,3.253,0.020,4.884
1261,1403715336.312143,57.500000,OK,OK,MM,no,238,360,0,360,58,302,0.1611,PoseOpt,no,no,167,8206,5621,102,no,no,no,0,0,0,no,no,0.000000,0.000000,0.000,0.930,3.305,0.022,4.825
1262,1403715336.362143,57.550000,OK,OK,MM,no,248,360,0,360,62,298,0.1722,PoseOpt,no,no,167,8206,5880,103,no,no,no,0,0,0,no,no,0.000000,0.000000,0.000,0.965,3.495,0.021,5.901
1263,1403715336.412143,57.600000,OK,OK,MM,no,238,345,0,345,60,285,0.1739,PoseOpt,no,no,167,8206,5976,106,no,no,no,0,0,0,no,no,0.000000,0.000000,0.000,0.880,3.165,0.019,4.527
1264,1403715336.462143,57.650000,OK,OK,MM,no,240,328,0,328,52,276,0.1585,PoseOpt,no,no,166,8191,5712,104,yes,no,no,0,0,0,no,no,0.000000,0.000000,0.000,0.830,2.917,0.016,4.225
1265,1403715336.512143,57.700000,OK,OK,MM,no,230,328,0,328,46,282,0.1402,PoseOpt,yes,yes,166,8191,6059,112,no,no,no,0,0,0,no,no,0.000000,0.000000,0.000,0.851,3.150,0.017,4.562
1266,1403715336.562143,57.750000,OK,OK,MM,no,216,355,0,355,54,301,0.1521,PoseOpt,no,no,167,8220,5819,105,no,no,no,0,0,0,no,no,0.000000,0.000000,0.000,0.827,2.976,0.017,4.297
1267,1403715336.612143,57.800000,OK,OK,MM,no,260,355,0,355,52,303,0.1465,PoseOpt,no,no,167,8220,5819,105,no,no,no,0,0,0,no,no,0.000000,0.000000,0.000,1.055,3.614,0.019,5.259
1268,1403715336.662143,57.850000,OK,OK,MM,no,254,354,0,354,65,289,0.1836,PoseOpt,no,no,167,8220,5825,106,no,no,no,0,0,0,no,no,0.000000,0.000000,0.000,0.939,3.731,0.022,5.327
1269,1403715336.712143,57.900000,OK,OK,MM,no,246,352,0,352,59,293,0.1676,PoseOpt,no,no,167,8220,5825,106,no,no,no,0,0,0,no,no,0.000000,0.000000,0.000,0.901,3.357,0.019,4.759
1270,1403715336.762143,57.950000,OK,OK,MM,no,250,353,0,353,56,297,0.1586,PoseOpt,no,no,167,8220,5982,107,no,no,no,0,0,0,no,no,0.000000,0.000000,0.000,0.969,3.733,0.018,5.246
1271,1403715336.812143,58.000000,OK,OK,MM,no,242,339,0,339,62,277,0.1829,PoseOpt,no,no,167,8219,5740,105,yes,no,no,0,0,0,no,no,0.000000,0.000000,0.000,0.937,2.976,0.017,4.423
1272,1403715336.862143,58.050000,OK,OK,MM,no,221,325,0,325,50,275,0.1538,PoseOpt,yes,yes,167,8219,5887,104,no,no,no,0,0,0,no,no,0.000000,0.000000,0.000,0.885,3.290,0.017,4.718
1273,1403715336.912143,58.100000,OK,OK,MM,no,233,355,0,355,39,316,0.1099,PoseOpt,no,no,168,8257,5925,105,no,no,no,0,0,0,no,no,0.000000,0.000000,0.000,0.868,3.184,0.019,4.578
1274,1403715336.962143,58.150000,OK,OK,MM,no,259,334,0,334,51,283,0.1527,PoseOpt,no,no,168,8257,5925,105,no,no,no,0,0,0,no,no,0.000000,0.000000,0.000,1.218,3.222,0.019,4.946
1275,1403715337.012143,58.200000,OK,OK,MM,no,238,328,0,328,41,287,0.1250,PoseOpt,no,no,168,8257,5925,105,no,no,no,0,0,0,no,no,0.000000,0.000000,0.000,1.024,3.549,0.022,5.149
1276,1403715337.062143,58.250000,OK,OK,MM,no,233,318,0,318,46,272,0.1447,PoseOpt,no,no,168,8257,5672,103,no,no,no,0,0,0,no,no,0.000000,0.000000,0.000,1.001,3.061,0.019,4.546
1277,1403715337.112143,58.300000,OK,OK,MM,no,241,331,0,331,60,271,0.1813,PoseOpt,no,no,168,8257,5672,103,no,no,no,0,0,0,no,no,0.000000,0.000000,0.000,0.976,3.233,0.018,5.916
1278,1403715337.162143,58.350000,OK,OK,MM,no,217,325,0,325,55,270,0.1692,PoseOpt,no,no,168,8257,5672,103,yes,no,no,0,0,0,no,no,0.000000,0.000000,0.000,0.829,4.302,0.017,5.634
1279,1403715337.212143,58.400000,OK,OK,MM,no,239,320,0,320,52,268,0.1625,PoseOpt,yes,yes,168,8257,5925,105,no,no,no,0,0,0,no,no,0.000000,0.000000,0.000,0.911,3.037,0.017,4.452
1280,1403715337.262143,58.450000,OK,OK,MM,no,212,356,0,356,66,290,0.1854,PoseOpt,no,no,169,8296,5817,107,no,no,no,0,0,0,no,no,0.000000,0.000000,0.000,0.838,2.980,0.018,4.305
1281,1403715337.312143,58.500000,OK,OK,MM,no,250,350,0,350,60,290,0.1714,PoseOpt,no,no,169,8296,5895,107,no,no,no,0,0,0,no,no,0.000000,0.000000,0.000,0.896,3.324,0.020,4.799
1282,1403715337.362143,58.550000,OK,OK,MM,no,240,346,0,346,66,280,0.1908,PoseOpt,no,no,169,8296,5711,104,no,no,no,0,0,0,no,no,0.000000,0.000000,0.000,0.929,3.310,0.019,4.865
1283,1403715337.412143,58.600000,OK,OK,MM,no,239,347,0,347,57,290,0.1643,PoseOpt,no,no,169,8296,5901,108,no,no,no,0,0,0,no,no,0.000000,0.000000,0.000,0.895,3.226,0.019,4.654
1284,1403715337.462143,58.650000,OK,OK,MM,no,241,329,0,329,52,277,0.1581,PoseOpt,no,no,169,8296,5901,108,no,no,no,0,0,0,no,no,0.000000,0.000000,0.000,0.888,3.173,0.022,4.662
1285,1403715337.512143,58.700000,OK,OK,MM,no,230,320,0,320,56,264,0.1750,PoseOpt,no,no,169,8296,6164,115,yes,no,no,0,0,0,no,no,0.000000,0.000000,0.000,0.831,2.893,0.018,4.197
1286,1403715337.562143,58.750000,OK,OK,MM,no,213,318,0,318,58,260,0.1824,PoseOpt,yes,yes,169,8296,6164,115,no,no,no,0,0,0,no,no,0.000000,0.000000,0.000,0.828,3.446,0.017,4.793
1287,1403715337.612143,58.800000,OK,OK,MM,no,207,369,0,369,64,305,0.1734,PoseOpt,no,no,170,8340,6208,116,no,no,no,0,0,0,no,no,0.000000,0.000000,0.000,0.808,3.788,0.019,5.216
1288,1403715337.662143,58.850000,OK,OK,MM,no,259,341,0,341,43,298,0.1261,PoseOpt,no,no,170,8340,6208,116,no,no,no,0,0,0,no,no,0.000000,0.000000,0.000,1.018,3.495,0.020,5.328
1289,1403715337.712143,58.900000,OK,OK,MM,no,251,328,0,328,51,277,0.1555,PoseOpt,no,no,170,8340,6360,118,no,no,no,0,0,0,no,no,0.000000,0.000000,0.000,1.119,4.315,0.027,6.075
1290,1403715337.762143,58.950000,OK,OK,MM,no,243,331,0,331,51,280,0.1541,PoseOpt,no,no,170,8340,6102,110,no,no,no,0,0,0,no,no,0.000000,0.000000,0.000,0.916,3.172,0.018,4.572
1291,1403715337.812143,59.000000,OK,OK,MM,no,236,322,0,322,49,273,0.1522,PoseOpt,no,no,170,8340,6102,110,no,no,no,0,0,0,no,no,0.000000,0.000000,0.000,0.905,3.741,0.021,5.257
1292,1403715337.862143,59.050000,OK,OK,MM,no,221,315,0,315,36,279,0.1143,PoseOpt,no,no,169,8329,6077,107,yes,no,no,0,0,0,no,no,0.000000,0.000000,0.000,0.818,3.876,0.017,5.203
1293,1403715337.912143,59.100000,OK,OK,MM,no,230,315,0,315,51,264,0.1619,PoseOpt,yes,yes,169,8329,6178,109,no,no,no,0,0,0,no,no,0.000000,0.000000,0.000,0.877,3.064,0.017,4.444
1294,1403715337.962143,59.150000,OK,OK,MM,no,224,373,0,373,66,307,0.1769,PoseOpt,no,no,170,8393,6305,111,no,no,no,0,0,0,no,no,0.000000,0.000000,0.000,0.851,3.259,0.020,4.619
1295,1403715338.012143,59.200000,OK,OK,MM,no,258,354,0,354,45,309,0.1271,PoseOpt,no,no,170,8393,6061,107,no,no,no,0,0,0,no,no,0.000000,0.000000,0.000,0.934,3.234,0.023,4.745
1296,1403715338.062143,59.250000,OK,OK,MM,no,256,332,0,332,53,279,0.1596,PoseOpt,no,no,170,8393,5949,109,no,no,no,0,0,0,no,no,0.000000,0.000000,0.000,0.954,3.087,0.019,4.544
1297,1403715338.112143,59.300000,OK,OK,MM,no,241,332,0,332,39,293,0.1175,PoseOpt,no,no,170,8393,5986,105,no,no,no,0,0,0,no,no,0.000000,0.000000,0.000,0.954,3.742,0.028,5.332
1298,1403715338.162143,59.350000,OK,OK,MM,no,249,331,0,331,51,280,0.1541,PoseOpt,no,no,170,8393,6061,107,no,no,no,0,0,0,no,no,0.000000,0.000000,0.000,0.943,3.049,0.022,4.507
1299,1403715338.212143,59.400000,OK,OK,MM,no,242,340,0,340,42,298,0.1235,PoseOpt,no,no,170,8391,5756,104,yes,no,no,0,0,0,no,no,0.000000,0.000000,0.000,0.883,2.817,0.019,4.193
1300,1403715338.262143,59.450000,OK,OK,MM,no,253,331,0,331,43,288,0.1299,PoseOpt,no,no,170,8391,5806,105,no,no,no,0,0,0,no,no,0.000000,0.000000,0.000,0.966,3.253,0.024,4.681
1301,1403715338.312143,59.500000,OK,OK,MM,no,246,324,0,324,36,288,0.1111,PoseOpt,no,no,170,8391,5806,105,no,no,no,0,0,0,no,no,0.000000,0.000000,0.000,0.945,3.129,0.019,4.566
1302,1403715338.362143,59.550000,OK,OK,MM,no,241,337,0,337,41,296,0.1217,PoseOpt,no,no,170,8391,5806,105,no,no,no,0,0,0,no,no,0.000000,0.000000,0.000,0.936,3.061,0.019,4.455
1303,1403715338.412143,59.600000,OK,OK,MM,no,256,340,0,340,53,287,0.1559,PoseOpt,yes,yes,170,8391,5996,109,no,no,no,0,0,0,no,no,0.000000,0.000000,0.000,0.944,3.006,0.018,4.541
1304,1403715338.462143,59.650000,OK,OK,MM,no,244,391,0,391,58,333,0.1483,PoseOpt,no,no,171,8407,6012,110,no,no,no,0,0,0,no,no,0.000000,0.000000,0.000,0.924,3.250,0.020,4.661
1305,1403715338.512143,59.700000,OK,OK,MM,no,282,371,0,371,51,320,0.1375,PoseOpt,no,no,171,8407,6169,111,no,no,no,0,0,0,no,no,0.000000,0.000000,0.000,1.086,3.274,0.019,4.850
1306,1403715338.562143,59.750000,OK,OK,MM,no,259,339,0,339,47,292,0.1386,PoseOpt,no,no,171,8407,5856,107,no,no,no,0,0,0,no,no,0.000000,0.000000,0.000,1.080,3.515,0.022,5.131
1307,1403715338.612143,59.800000,OK,OK,MM,no,261,338,0,338,48,290,0.1420,PoseOpt,no,no,171,8407,5856,107,no,no,no,0,0,0,no,no,0.000000,0.000000,0.000,1.002,4.103,0.018,5.567
1308,1403715338.662143,59.850000,OK,OK,MM,no,243,338,0,338,47,291,0.1391,PoseOpt,no,no,171,8405,5927,108,yes,no,no,0,0,0,no,no,0.000000,0.000000,0.000,1.316,2.995,0.018,6.538
1309,1403715338.712143,59.900000,OK,OK,MM,no,246,316,0,316,47,269,0.1487,PoseOpt,no,no,171,8405,6413,118,no,no,no,0,0,0,no,no,0.000000,0.000000,0.000,0.885,2.783,0.019,4.130
1310,1403715338.762143,59.950000,OK,OK,MM,no,237,336,0,336,60,276,0.1786,PoseOpt,yes,yes,171,8405,6192,110,no,no,no,0,0,0,no,no,0.000000,0.000000,0.000,0.889,3.072,0.018,4.435
1311,1403715338.812143,60.000000,OK,OK,MM,no,235,389,0,389,54,335,0.1388,PoseOpt,no,no,172,8452,6589,123,no,no,no,0,0,0,no,no,0.000000,0.000000,0.000,0.984,3.446,0.020,4.919
1312,1403715338.862143,60.050000,OK,OK,MM,no,286,371,0,371,53,318,0.1429,PoseOpt,no,no,172,8452,6589,123,no,no,no,0,0,0,no,no,0.000000,0.000000,0.000,1.086,3.632,0.022,5.263
1313,1403715338.912143,60.100000,OK,OK,MM,no,277,353,0,353,48,305,0.1360,PoseOpt,no,no,172,8452,6693,127,no,no,no,0,0,0,no,no,0.000000,0.000000,0.000,1.163,3.773,0.029,5.521
1314,1403715338.962143,60.150000,OK,OK,MM,no,259,347,0,347,41,306,0.1182,PoseOpt,no,no,172,8452,6693,127,no,no,no,0,0,0,no,no,0.000000,0.000000,0.000,1.076,3.356,0.021,4.885
1315,1403715339.012143,60.200000,OK,OK,MM,no,253,334,0,334,37,297,0.1108,PoseOpt,no,no,172,8452,6693,127,yes,no,no,0,0,0,no,no,0.000000,0.000000,0.000,1.041,3.151,0.019,9.242
1316,1403715339.062143,60.250000,OK,OK,MM,no,240,311,0,311,35,276,0.1125,PoseOpt,no,no,172,8452,6322,110,no,no,no,0,0,0,no,no,0.000000,0.000000,0.000,0.971,3.134,0.022,4.601
1317,1403715339.112143,60.300000,OK,OK,MM,no,237,323,0,323,58,265,0.1796,PoseOpt,yes,yes,172,8452,6550,120,no,no,no,0,0,0,no,no,0.000000,0.000000,0.000,0.943,3.099,0.018,4.563
1318,1403715339.162143,60.350000,OK,OK,MM,no,221,348,0,348,47,301,0.1351,PoseOpt,no,no,173,8501,6599,122,no,no,no,0,0,0,no,no,0.000000,0.000000,0.000,0.830,3.115,0.018,4.402
1319,1403715339.212143,60.400000,OK,OK,MM,no,258,363,0,363,67,296,0.1846,PoseOpt,no,no,173,8501,6183,112,no,no,no,0,0,0,no,no,0.000000,0.000000,0.000,1.028,3.209,0.020,4.718
1320,1403715339.262143,60.450000,OK,OK,MM,no,249,369,0,369,59,310,0.1599,PoseOpt,no,no,173,8501,6183,112,no,no,no,0,0,0,no,no,0.000000,0.000000,0.000,1.033,3.511,0.021,5.059
1321,1403715339.312143,60.500000,OK,OK,MM,no,273,350,0,350,52,298,0.1486,PoseOpt,no,no,173,8501,6369,119,no,no,no,0,0,0,no,no,0.000000,0.000000,0.000,1.042,3.085,0.020,5.194
1322,1403715339.362143,60.550000,OK,OK,MM,no,246,344,0,344,47,297,0.1366,PoseOpt,no,no,173,8501,6336,115,yes,no,no,0,0,0,no,no,0.000000,0.000000,0.000,0.991,3.227,0.022,8.438
1323,1403715339.412143,60.600000,OK,OK,MM,no,257,342,0,342,47,295,0.1374,PoseOpt,no,no,173,8501,6742,128,no,no,no,0,0,0,no,no,0.000000,0.000000,0.000,0.951,2.845,0.019,4.227
1324,1403715339.462143,60.650000,OK,OK,MM,no,247,334,0,334,57,277,0.1707,PoseOpt,yes,yes,173,8501,6638,125,no,no,no,0,0,0,no,no,0.000000,0.000000,0.000,0.977,3.148,0.018,4.578
1325,1403715339.512143,60.700000,OK,OK,MM,no,238,371,0,371,47,324,0.1267,PoseOpt,no,no,174,8538,6675,126,no,no,no,0,0,0,no,no,0.000000,0.000000,0.000,0.912,3.146,0.020,4.511
1326,1403715339.562143,60.750000,OK,OK,MM,no,279,351,0,351,44,307,0.1254,PoseOpt,no,no,174,8538,6675,126,no,no,no,0,0,0,no,no,0.000000,0.000000,0.000,1.083,3.288,0.025,4.846
1327,1403715339.612143,60.800000,OK,OK,MM,no,279,353,0,353,41,312,0.1161,PoseOpt,no,no,174,8538,6675,126,no,no,no,0,0,0,no,no,0.000000,0.000000,0.000,1.143,3.456,0.023,5.090
1328,1403715339.662143,60.850000,OK,OK,MM,no,281,353,0,353,39,314,0.1105,PoseOpt,no,no,174,8538,6675,126,no,no,no,0,0,0,no,no,0.000000,0.000000,0.000,1.216,3.507,0.024,5.252
1329,1403715339.712143,60.900000,OK,OK,MM,no,261,324,0,324,30,294,0.0926,PoseOpt,no,no,174,8536,6673,125,yes,no,no,0,0,0,no,no,0.000000,0.000000,0.000,1.058,3.257,0.021,4.775
1330,1403715339.762143,60.950000,OK,OK,MM,no,242,324,0,324,36,288,0.1111,PoseOpt,no,no,173,8526,6360,115,no,no,no,0,0,0,no,no,0.000000,0.000000,0.000,1.030,3.241,0.025,4.791
1331,1403715339.812143,61.000000,OK,OK,MM,no,241,317,0,317,45,272,0.1420,PoseOpt,yes,yes,173,8526,6287,111,no,no,no,0,0,0,no,no,0.000000,0.000000,0.000,1.076,3.308,0.026,4.947
1332,1403715339.862143,61.050000,OK,OK,MM,no,246,387,0,387,45,342,0.1163,PoseOpt,no,no,174,8594,6261,111,no,no,no,0,0,0,no,no,0.000000,0.000000,0.000,0.917,2.913,0.020,4.244
1333,1403715339.912143,61.100000,OK,OK,MM,no,298,363,0,363,40,323,0.1102,PoseOpt,no,no,174,8594,6347,114,no,no,no,0,0,0,no,no,0.000000,0.000000,0.000,1.292,3.040,0.022,4.795
1334,1403715339.962143,61.150000,OK,OK,MM,no,280,360,0,360,50,310,0.1389,PoseOpt,no,no,174,8594,6355,114,no,no,no,0,0,0,no,no,0.000000,0.000000,0.000,1.173,2.936,0.020,4.549
1335,1403715340.012143,61.200000,OK,OK,MM,no,268,343,0,343,41,302,0.1195,PoseOpt,no,no,174,8594,6538,121,no,no,no,0,0,0,no,no,0.000000,0.000000,0.000,1.427,4.022,0.021,6.387
1336,1403715340.062143,61.250000,OK,OK,MM,no,268,346,0,346,44,302,0.1272,PoseOpt,no,no,174,8594,6461,120,yes,no,no,0,0,0,no,no,0.000000,0.000000,0.000,1.133,3.829,0.019,5.374
1337,1403715340.112143,61.300000,OK,OK,MM,no,263,339,0,339,44,295,0.1298,PoseOpt,yes,yes,174,8594,6461,120,no,no,no,0,0,0,no,no,0.000000,0.000000,0.000,1.100,2.856,0.019,4.396
1338,1403715340.162143,61.350000,OK,OK,MM,no,263,399,0,399,33,366,0.0827,PoseOpt,no,no,175,8651,6518,120,no,no,no,0,0,0,no,no,0.000000,0.000000,0.000,1.131,3.110,0.021,4.677
1339,1403715340.212143,61.400000,OK,OK,MM,no,319,394,0,394,28,366,0.0711,PoseOpt,no,no,175,8651,6788,125,no,no,no,0,0,0,no,no,0.000000,0.000000,0.000,1.394,3.501,0.023,5.366
1340,1403715340.262143,61.450000,OK,OK,MM,no,338,380,0,380,27,353,0.0711,PoseOpt,no,no,175,8651,6823,128,no,no,no,0,0,0,no,no,0.000000,0.000000,0.000,1.365,3.243,0.020,5.061
1341,1403715340.312143,61.500000,OK,OK,MM,no,310,375,0,375,41,334,0.1093,PoseOpt,no,no,175,8650,6787,127,yes,no,no,0,0,0,no,no,0.000000,0.000000,0.000,1.219,3.436,0.021,5.153
1342,1403715340.362143,61.550000,OK,OK,MM,no,293,404,0,404,51,353,0.1262,PoseOpt,no,no,175,8650,6787,127,no,no,no,0,0,0,no,no,0.000000,0.000000,0.000,1.212,3.098,0.019,4.723
1343,1403715340.412143,61.600000,OK,OK,MM,no,318,377,0,377,41,336,0.1088,PoseOpt,yes,yes,175,8650,7033,132,no,no,no,0,0,0,no,no,0.000000,0.000000,0.000,1.227,3.228,0.022,4.903
1344,1403715340.462143,61.650000,OK,OK,MM,no,300,426,0,426,44,382,0.1033,PoseOpt,no,no,176,8697,7080,133,no,no,no,0,0,0,no,no,0.000000,0.000000,0.000,1.111,3.305,0.023,4.891
1345,1403715340.512143,61.700000,OK,OK,MM,no,328,414,0,414,47,367,0.1135,PoseOpt,no,no,176,8697,7156,136,no,no,no,0,0,0,no,no,0.000000,0.000000,0.000,1.267,4.159,0.032,6.098
1346,1403715340.562143,61.750000,OK,OK,MM,no,327,400,0,400,39,361,0.0975,PoseOpt,no,no,176,8697,7156,136,no,no,no,0,0,0,no,no,0.000000,0.000000,0.000,1.264,3.875,0.026,5.650
1347,1403715340.612143,61.800000,OK,OK,MM,no,318,381,0,381,44,337,0.1155,PoseOpt,no,no,176,8697,7156,136,no,no,no,0,0,0,no,no,0.000000,0.000000,0.000,1.261,3.718,0.025,5.501
1348,1403715340.662143,61.850000,OK,OK,MM,no,294,389,0,389,49,340,0.1260,PoseOpt,no,no,176,8697,7156,135,yes,no,no,0,0,0,no,no,0.000000,0.000000,0.000,1.218,7.581,0.020,9.259
1349,1403715340.712143,61.900000,OK,OK,MM,no,297,384,0,384,57,327,0.1484,PoseOpt,yes,yes,176,8697,7141,133,no,no,no,0,0,0,no,no,0.000000,0.000000,0.000,1.090,3.483,0.021,5.046
1350,1403715340.762143,61.950000,OK,OK,MM,no,290,405,0,405,52,353,0.1284,PoseOpt,no,no,177,8725,7330,138,no,no,no,0,0,0,no,no,0.000000,0.000000,0.000,0.986,3.431,0.024,6.224
1351,1403715340.812143,62.000000,OK,OK,MM,no,305,395,0,395,45,350,0.1139,PoseOpt,no,no,177,8725,7330,138,no,no,no,0,0,0,no,no,0.000000,0.000000,0.000,1.117,3.554,1.480,6.629
1352,1403715340.862143,62.050000,OK,OK,MM,no,297,389,0,389,63,326,0.1620,PoseOpt,no,no,177,8725,7184,137,no,no,no,0,0,0,no,no,0.000000,0.000000,0.000,1.102,3.797,0.036,5.636
1353,1403715340.912143,62.100000,OK,OK,MM,no,280,370,0,370,56,314,0.1514,PoseOpt,no,no,177,8725,7184,136,no,no,no,0,0,0,no,no,0.000000,0.000000,0.000,1.018,3.394,0.022,4.874
1354,1403715340.962143,62.150000,OK,OK,MM,no,253,364,0,364,66,298,0.1813,PoseOpt,no,no,177,8725,7242,137,no,no,no,0,0,0,no,no,0.000000,0.000000,0.000,0.970,3.473,0.022,4.946
1355,1403715341.012143,62.200000,OK,OK,MM,no,244,349,0,349,60,289,0.1719,PoseOpt,no,no,177,8725,7242,135,no,no,no,0,0,0,no,no,0.000000,0.000000,0.000,0.934,3.373,0.022,4.752
1356,1403715341.062143,62.250000,OK,OK,MM,no,247,356,0,356,63,293,0.1770,PoseOpt,no,no,177,8722,7181,135,yes,no,no,0,0,0,no,no,0.000000,0.000000,0.000,0.970,3.145,0.020,4.564
1357,1403715341.112143,62.300000,OK,OK,MM,no,247,357,0,357,62,295,0.1737,PoseOpt,yes,yes,177,8722,7181,135,no,no,no,0,0,0,no,no,0.000000,0.000000,0.000,0.998,3.370,0.021,4.914
1358,1403715341.162143,62.350000,OK,OK,MM,no,246,376,0,376,61,315,0.1622,PoseOpt,no,no,178,8761,7220,138,no,no,no,0,0,0,no,no,0.000000,0.000000,0.000,1.037,3.642,0.021,5.200
1359,1403715341.212143,62.400000,OK,OK,MM,no,266,356,0,356,57,299,0.1601,PoseOpt,no,no,178,8761,7205,137,no,no,no,0,0,0,no,no,0.000000,0.000000,0.000,1.035,3.694,0.023,5.240
1360,1403715341.262143,62.450000,OK,OK,MM,no,249,344,0,344,45,299,0.1308,PoseOpt,no,no,178,8761,7220,137,no,no,no,0,0,0,no,no,0.000000,0.000000,0.000,0.919,3.300,0.021,4.735
1361,1403715341.312143,62.500000,OK,OK,MM,no,251,355,0,355,58,297,0.1634,PoseOpt,no,no,178,8761,7220,137,no,no,no,0,0,0,no,no,0.000000,0.000000,0.000,1.052,3.315,0.022,4.833
1362,1403715341.362143,62.550000,OK,OK,MM,no,252,352,0,352,48,304,0.1364,PoseOpt,no,no,178,8761,7220,136,no,no,no,0,0,0,no,no,0.000000,0.000000,0.000,0.963,3.591,0.022,5.014
1363,1403715341.412143,62.600000,OK,OK,MM,no,252,322,0,322,53,269,0.1646,PoseOpt,no,no,178,8759,7218,135,yes,no,no,0,0,0,no,no,0.000000,0.000000,0.000,0.915,3.249,0.020,4.622
1364,1403715341.462143,62.650000,OK,OK,MM,no,232,325,0,325,46,279,0.1415,PoseOpt,yes,yes,178,8759,7218,136,no,no,no,0,0,0,no,no,0.000000,0.000000,0.000,0.998,3.253,0.019,4.737
1365,1403715341.512143,62.700000,OK,OK,MM,no,242,389,0,389,37,352,0.0951,PoseOpt,no,no,179,8799,7258,138,no,no,no,0,0,0,no,no,0.000000,0.000000,0.000,0.976,3.426,1.373,6.248
1366,1403715341.562143,62.750000,OK,OK,MM,no,302,371,0,371,43,328,0.1159,PoseOpt,no,no,179,8799,7243,137,no,no,no,0,0,0,no,no,0.000000,0.000000,0.000,1.123,3.431,0.020,5.016
1367,1403715341.612143,62.800000,OK,OK,MM,no,267,355,0,355,38,317,0.1070,PoseOpt,no,no,179,8799,7243,137,no,no,no,0,0,0,no,no,0.000000,0.000000,0.000,1.124,3.269,0.021,4.901
1368,1403715341.662143,62.850000,OK,OK,MM,no,265,334,0,334,47,287,0.1407,PoseOpt,no,no,179,8799,7243,137,no,no,no,0,0,0,no,no,0.000000,0.000000,0.000,1.042,3.266,0.020,4.752
1369,1403715341.712143,62.900000,OK,OK,MM,no,239,323,0,323,38,285,0.1176,PoseOpt,no,no,179,8799,7243,138,no,no,no,0,0,0,no,no,0.000000,0.000000,0.000,0.918,3.465,0.024,4.936
1370,1403715341.762143,62.950000,OK,OK,MM,no,241,326,0,326,44,282,0.1350,PoseOpt,no,no,179,8798,7242,138,yes,no,no,0,0,0,no,no,0.000000,0.000000,0.000,1.026,3.065,0.020,4.515
1371,1403715341.812143,63.000000,OK,OK,MM,no,247,339,0,339,43,296,0.1268,PoseOpt,yes,yes,179,8798,7242,137,no,no,no,0,0,0,no,no,0.000000,0.000000,0.000,1.033,3.235,0.019,4.741
1372,1403715341.862143,63.050000,OK,OK,MM,no,248,359,0,359,51,308,0.1421,PoseOpt,no,no,180,8819,7263,138,no,no,no,0,0,0,no,no,0.000000,0.000000,0.000,0.963,3.158,0.019,4.564
1373,1403715341.912143,63.100000,OK,OK,MM,no,267,353,0,353,41,312,0.1161,PoseOpt,no,no,180,8819,7263,138,no,no,no,0,0,0,no,no,0.000000,0.000000,0.000,1.088,3.521,0.020,5.066
1374,1403715341.962143,63.150000,OK,OK,MM,no,271,346,0,346,44,302,0.1272,PoseOpt,no,no,180,8819,7263,139,no,no,no,0,0,0,no,no,0.000000,0.000000,0.000,1.054,3.425,0.020,4.948
1375,1403715342.012143,63.200000,OK,OK,MM,no,264,355,0,355,42,313,0.1183,PoseOpt,no,no,180,8819,7263,139,no,no,no,0,0,0,no,no,0.000000,0.000000,0.000,1.143,4.073,0.020,5.680
1376,1403715342.062143,63.250000,OK,OK,MM,no,266,344,0,344,33,311,0.0959,PoseOpt,no,no,180,8818,7262,139,yes,no,no,0,0,0,no,no,0.000000,0.000000,0.000,1.006,3.536,0.019,5.021
1377,1403715342.112143,63.300000,OK,OK,MM,no,256,327,0,327,34,293,0.1040,PoseOpt,yes,yes,180,8818,7262,139,no,no,no,0,0,0,no,no,0.000000,0.000000,0.000,1.010,3.000,0.018,4.436
1378,1403715342.162143,63.350000,OK,OK,MM,no,247,383,0,383,40,343,0.1044,PoseOpt,no,no,181,8849,7293,140,no,no,no,0,0,0,no,no,0.000000,0.000000,0.000,0.978,3.500,0.024,5.667
1379,1403715342.212143,63.400000,OK,OK,MM,no,297,378,0,378,36,342,0.0952,PoseOpt,no,no,181,8849,7293,140,no,no,no,0,0,0,no,no,0.000000,0.000000,0.000,1.111,4.929,0.021,6.532
1380,1403715342.262143,63.450000,OK,OK,MM,no,288,364,0,364,38,326,0.1044,PoseOpt,no,no,181,8849,7293,140,no,no,no,0,0,0,no,no,0.000000,0.000000,0.000,1.110,3.604,0.021,5.229
1381,1403715342.312143,63.500000,OK,OK,MM,no,281,353,0,353,37,316,0.1048,PoseOpt,no,no,181,8849,7308,141,no,no,no,0,0,0,no,no,0.000000,0.000000,0.000,1.084,3.942,0.027,5.591
1382,1403715342.362143,63.550000,OK,OK,MM,no,258,377,0,377,38,339,0.1008,PoseOpt,no,no,181,8849,7308,141,yes,no,no,0,0,0,no,no,0.000000,0.000000,0.000,1.049,3.667,0.019,5.229
1383,1403715342.412143,63.600000,OK,OK,MM,no,286,372,0,372,37,335,0.0995,PoseOpt,no,no,181,8849,7308,140,no,no,no,0,0,0,no,no,0.000000,0.000000,0.000,1.066,3.256,0.017,4.756
1384,1403715342.462143,63.650000,OK,OK,MM,no,271,353,0,353,38,315,0.1076,PoseOpt,yes,yes,181,8849,7308,141,no,no,no,0,0,0,no,no,0.000000,0.000000,0.000,1.111,3.403,0.018,5.000
1385,1403715342.512143,63.700000,OK,OK,MM,no,265,394,0,394,46,348,0.1168,PoseOpt,no,no,182,8898,7357,142,no,no,no,0,0,0,no,no,0.000000,0.000000,0.000,0.989,3.503,0.022,4.980
1386,1403715342.562143,63.750000,OK,OK,MM,no,284,384,0,384,43,341,0.1120,PoseOpt,no,no,182,8898,7357,141,no,no,no,0,0,0,no,no,0.000000,0.000000,0.000,1.055,3.601,0.024,5.310
1387,1403715342.612143,63.800000,OK,OK,MM,no,279,392,0,392,56,336,0.1429,PoseOpt,no,no,182,8898,7415,142,no,no,no,0,0,0,no,no,0.000000,0.000000,0.000,1.070,4.241,0.021,5.804
1388,1403715342.662143,63.850000,OK,OK,MM,no,273,374,0,374,48,326,0.1283,PoseOpt,no,no,182,8898,7357,141,no,no,no,0,0,0,no,no,0.000000,0.000000,0.000,1.156,4.311,0.027,6.052
1389,1403715342.712143,63.900000,OK,OK,MM,no,263,365,0,365,42,323,0.1151,PoseOpt,no,no,182,8898,7415,142,no,no,no,0,0,0,no,no,0.000000,0.000000,0.000,0.996,3.456,0.022,4.921
1390,1403715342.762143,63.950000,OK,OK,MM,no,268,360,0,360,39,321,0.1083,PoseOpt,no,no,182,8897,7356,141,yes,no,no,0,0,0,no,no,0.000000,0.000000,0.000,1.084,4.800,0.019,6.353
1391,1403715342.812143,64.000000,OK,OK,MM,no,256,367,0,367,45,322,0.1226,PoseOpt,yes,yes,182,8897,7356,140,no,no,no,0,0,0,no,no,0.000000,0.000000,0.000,1.029,3.276,0.019,4.788
1392,1403715342.862143,64.050000,OK,OK,MM,no,274,396,0,396,54,342,0.1364,PoseOpt,no,no,183,8934,7393,142,no,no,no,0,0,0,no,no,0.000000,0.000000,0.000,0.929,3.740,0.021,5.165
1393,1403715342.912143,64.100000,OK,OK,MM,no,295,389,0,389,45,344,0.1157,PoseOpt,no,no,183,8934,7393,143,no,no,no,0,0,0,no,no,0.000000,0.000000,0.000,1.020,3.683,0.021,5.265
1394,1403715342.962143,64.150000,OK,OK,MM,no,282,384,0,384,40,344,0.1042,PoseOpt,no,no,183,8934,7393,142,no,no,no,0,0,0,no,no,0.000000,0.000000,0.000,1.135,4.286,0.029,7.788
1395,1403715343.012143,64.200000,OK,OK,MM,no,277,402,0,402,56,346,0.1393,PoseOpt,no,no,183,8934,7451,144,no,no,no,0,0,0,no,no,0.000000,0.000000,0.000,1.035,3.761,0.021,5.250
1396,1403715343.062143,64.250000,OK,OK,MM,no,270,379,0,379,47,332,0.1240,PoseOpt,no,no,183,8932,7449,143,yes,no,no,0,0,0,no,no,0.000000,0.000000,0.000,1.003,3.684,0.020,5.211
1397,1403715343.112143,64.300000,OK,OK,MM,no,271,373,0,373,49,324,0.1314,PoseOpt,yes,yes,183,8932,7391,141,no,no,no,0,0,0,no,no,0.000000,0.000000,0.000,1.022,3.184,0.022,4.707
1398,1403715343.162143,64.350000,OK,OK,MM,no,251,387,0,387,45,342,0.1163,PoseOpt,no,no,184,8957,7474,145,no,no,no,0,0,0,no,no,0.000000,0.000000,0.000,0.907,3.666,0.023,5.115
1399,1403715343.212143,64.400000,OK,OK,MM,no,300,406,0,406,47,359,0.1158,PoseOpt,no,no,184,8957,7562,146,no,no,no,0,0,0,no,no,0.000000,0.000000,0.000,1.600,3.900,0.022,6.061
1400,1403715343.262143,64.450000,OK,OK,MM,no,305,392,0,392,41,351,0.1046,PoseOpt,no,no,184,8957,7562,146,no,no,no,0,0,0,no,no,0.000000,0.000000,0.000,1.261,3.831,0.022,5.565
1401,1403715343.312143,64.500000,OK,OK,MM,no,290,379,0,379,47,332,0.1240,PoseOpt,no,no,184,8957,7562,146,no,no,no,0,0,0,no,no,0.000000,0.000000,0.000,1.119,3.934,0.022,5.619
1402,1403715343.362143,64.550000,OK,OK,MM,no,269,364,0,364,41,323,0.1126,PoseOpt,no,no,184,8957,7562,146,no,no,no,0,0,0,no,no,0.000000,0.000000,0.000,1.022,3.718,0.022,5.224
1403,1403715343.412143,64.600000,OK,OK,MM,no,264,385,0,385,50,335,0.1299,PoseOpt,no,no,184,8957,7474,145,yes,no,no,0,0,0,no,no,0.000000,0.000000,0.000,0.980,3.616,0.020,5.079
1404,1403715343.462143,64.650000,OK,OK,MM,no,278,375,0,375,44,331,0.1173,PoseOpt,no,no,184,8957,7416,144,no,no,no,0,0,0,no,no,0.000000,0.000000,0.000,0.997,3.433,0.019,4.896
1405,1403715343.512143,64.700000,OK,OK,MM,no,280,365,0,365,50,315,0.1370,PoseOpt,yes,yes,184,8957,7416,144,no,no,no,0,0,0,no,no,0.000000,0.000000,0.000,1.028,3.697,0.020,5.206
1406,1403715343.562143,64.750000,OK,OK,MM,no,267,392,0,392,48,344,0.1224,PoseOpt,no,no,185,8989,7448,145,no,no,no,0,0,0,no,no,0.000000,0.000000,0.000,1.075,3.798,0.020,5.407
1407,1403715343.612143,64.800000,OK,OK,MM,no,300,374,0,374,42,332,0.1123,PoseOpt,no,no,185,8989,7448,145,no,no,no,0,0,0,no,no,0.000000,0.000000,0.000,1.047,3.563,0.020,5.093
1408,1403715343.662143,64.850000,OK,OK,MM,no,274,363,0,363,40,323,0.1102,PoseOpt,no,no,185,8989,7448,145,no,no,no,0,0,0,no,no,0.000000,0.000000,0.000,1.025,3.794,0.020,5.308
1409,1403715343.712143,64.900000,OK,OK,MM,no,274,366,0,366,44,322,0.1202,PoseOpt,no,no,185,8989,7448,145,no,no,no,0,0,0,no,no,0.000000,0.000000,0.000,0.979,3.568,0.021,5.022
1410,1403715343.762143,64.950000,OK,OK,MM,no,273,367,0,367,51,316,0.1390,PoseOpt,no,no,185,8989,7506,146,no,no,no,0,0,0,no,no,0.000000,0.000000,0.000,1.070,4.257,0.028,5.951
1411,1403715343.812143,65.000000,OK,OK,MM,no,277,357,0,357,53,304,0.1485,PoseOpt,no,no,185,8989,7448,145,no,no,no,0,0,0,no,no,0.000000,0.000000,0.000,0.973,3.493,0.021,4.956
1412,1403715343.862143,65.050000,OK,OK,MM,no,260,341,0,341,47,294,0.1378,PoseOpt,no,no,185,8989,7506,146,yes,no,no,0,0,0,no,no,0.000000,0.000000,0.000,1.043,3.740,0.023,5.335
1413,1403715343.912143,65.100000,OK,OK,MM,no,249,342,0,342,31,311,0.0906,PoseOpt,yes,yes,185,8989,7506,146,no,no,no,0,0,0,no,no,0.000000,0.000000,0.000,0.882,3.113,0.019,4.490
1414,1403715343.962143,65.150000,OK,OK,MM,no,256,357,0,357,34,323,0.0952,PoseOpt,no,no,186,9024,7541,147,no,no,no,0,0,0,no,no,0.000000,0.000000,0.000,0.913,3.893,0.021,5.336
1415,1403715344.012143,65.200000,OK,OK,MM,no,275,366,0,366,48,318,0.1311,PoseOpt,no,no,186,9024,7483,146,no,no,no,0,0,0,no,no,0.000000,0.000000,0.000,0.994,3.606,0.020,5.093
1416,1403715344.062143,65.250000,OK,OK,MM,no,270,371,0,371,52,319,0.1402,PoseOpt,no,no,186,9024,7629,148,no,no,no,0,0,0,no,no,0.000000,0.000000,0.000,1.052,3.733,0.021,5.282
1417,1403715344.112143,65.300000,OK,OK,MM,no,265,374,0,374,62,312,0.1658,PoseOpt,no,no,186,9024,7541,147,no,no,no,0,0,0,no,no,0.000000,0.000000,0.000,1.060,3.931,0.022,5.536
1418,1403715344.162143,65.350000,OK,OK,MM,no,258,359,0,359,60,299,0.1671,PoseOpt,no,no,186,9024,7541,147,no,no,no,0,0,0,no,no,0.000000,0.000000,0.000,0.972,3.537,0.022,5.193
1419,1403715344.212143,65.400000,OK,OK,MM,no,247,348,0,348,46,302,0.1322,PoseOpt,no,no,186,9024,7483,146,yes,no,no,0,0,0,no,no,0.000000,0.000000,0.000,0.892,4.173,0.019,5.559
1420,1403715344.262143,65.450000,OK,OK,MM,no,244,344,0,344,49,295,0.1424,PoseOpt,yes,yes,186,9024,7541,147,no,no,no,0,0,0,no,no,0.000000,0.000000,0.000,0.934,3.290,0.018,4.715
1421,1403715344.312143,65.500000,OK,OK,MM,no,248,389,0,389,45,344,0.1157,PoseOpt,no,no,187,9056,7573,148,no,no,no,0,0,0,no,no,0.000000,0.000000,0.000,0.916,3.733,0.019,5.160
1422,1403715344.362143,65.550000,OK,OK,MM,no,292,392,0,392,47,345,0.1199,PoseOpt,no,no,187,9056,7571,144,no,no,no,0,0,0,no,no,0.000000,0.000000,0.000,1.012,3.881,0.021,5.429
1423,1403715344.412143,65.600000,OK,OK,MM,no,292,388,0,388,55,333,0.1418,PoseOpt,no,no,187,9056,7457,138,no,no,no,0,0,0,no,no,0.000000,0.000000,0.000,1.063,3.627,0.020,5.159
1424,1403715344.462143,65.650000,OK,OK,MM,no,270,369,0,369,48,321,0.1301,PoseOpt,no,no,187,9056,7457,138,no,no,no,0,0,0,no,no,0.000000,0.000000,0.000,1.042,3.689,0.019,5.221
1425,1403715344.512143,65.700000,OK,OK,MM,no,264,377,0,377,65,312,0.1724,PoseOpt,no,no,187,9056,7457,138,no,no,no,0,0,0,no,no,0.000000,0.000000,0.000,1.046,4.182,0.025,5.861
1426,1403715344.562143,65.750000,OK,OK,MM,no,271,362,0,362,61,301,0.1685,PoseOpt,no,no,187,9055,7391,135,yes,no,no,0,0,0,no,no,0.000000,0.000000,0.000,1.054,3.576,0.019,5.138
1427,1403715344.612143,65.800000,OK,OK,MM,no,254,370,0,370,63,307,0.1703,PoseOpt,yes,yes,187,9055,7391,135,no,no,no,0,0,0,no,no,0.000000,0.000000,0.000,0.975,3.490,0.018,4.975
1428,1403715344.662143,65.850000,OK,OK,MM,no,270,383,0,383,54,329,0.1410,PoseOpt,no,no,188,9069,7405,136,no,no,no,0,0,0,no,no,0.000000,0.000000,0.000,0.964,3.509,0.019,4.974
1429,1403715344.712143,65.900000,OK,OK,MM,no,272,405,0,405,63,342,0.1556,PoseOpt,no,no,188,9069,7441,137,no,no,no,0,0,0,no,no,0.000000,0.000000,0.000,1.007,3.615,0.020,5.124
1430,1403715344.762143,65.950000,OK,OK,MM,no,280,388,0,388,69,319,0.1778,PoseOpt,no,no,188,9069,7405,136,no,no,no,0,0,0,no,no,0.000000,0.000000,0.000,1.037,3.629,0.021,5.243
1431,1403715344.812143,66.000000,OK,OK,MM,no,272,390,0,390,72,318,0.1846,PoseOpt,no,no,188,9069,7405,136,no,no,no,0,0,0,no,no,0.000000,0.000000,0.000,0.920,3.624,0.020,5.066
1432,1403715344.862143,66.050000,OK,OK,MM,no,279,395,0,395,74,321,0.1873,PoseOpt,no,no,188,9069,7333,134,yes,no,no,0,0,0,no,no,0.000000,0.000000,0.000,1.327,3.719,0.018,8.165
1433,1403715344.912143,66.100000,OK,OK,MM,no,278,384,0,384,62,322,0.1615,PoseOpt,no,no,188,9069,7333,134,no,no,no,0,0,0,no,no,0.000000,0.000000,0.000,0.965,4.533,0.018,6.062
1434,1403715344.962143,66.150000,OK,OK,MM,no,277,411,0,411,84,327,0.2044,PoseOpt,no,no,187,9049,7313,133,no,no,no,0,0,0,no,no,0.000000,0.000000,0.000,1.052,3.663,0.018,5.217
1435,1403715345.012143,66.200000,OK,OK,MM,no,275,422,0,422,81,341,0.1919,PoseOpt,no,no,187,9049,7313,133,no,no,no,0,0,0,no,no,0.000000,0.000000,0.000,0.997,3.679,0.017,5.174
1436,1403715345.062143,66.250000,OK,OK,MM,no,267,401,0,401,85,316,0.2120,PoseOpt,yes,yes,187,9049,7334,134,no,no,no,0,0,0,no,no,0.000000,0.000000,0.000,0.984,3.688,0.017,5.210
1437,1403715345.112143,66.300000,OK,OK,MM,no,276,442,0,442,87,355,0.1968,PoseOpt,no,no,188,9082,7299,133,no,no,no,0,0,0,no,no,0.000000,0.000000,0.000,1.279,4.132,0.021,5.962
1438,1403715345.162143,66.350000,OK,OK,MM,no,292,437,0,437,82,355,0.1876,PoseOpt,no,no,188,9082,7299,133,no,no,no,0,0,0,no,no,0.000000,0.000000,0.000,1.122,4.049,0.025,5.763
1439,1403715345.212143,66.400000,OK,OK,MM,no,291,448,0,448,100,348,0.2232,PoseOpt,no,no,188,9082,7418,135,no,no,no,0,0,0,no,no,0.000000,0.000000,0.000,1.115,4.191,0.025,5.934
1440,1403715345.262143,66.450000,OK,OK,MM,no,294,433,0,433,107,326,0.2471,PoseOpt,no,no,188,9082,7380,134,no,no,no,0,0,0,no,no,0.000000,0.000000,0.000,1.080,3.850,0.028,5.593
1441,1403715345.312143,66.500000,OK,OK,MM,no,262,439,0,439,101,338,0.2301,PoseOpt,no,no,188,9082,7411,134,no,no,no,0,0,0,no,no,0.000000,0.000000,0.000,0.996,4.310,0.027,6.016
1442,1403715345.362143,66.550000,OK,OK,MM,no,279,470,0,470,112,358,0.2383,PoseOpt,no,no,188,9082,7541,137,no,no,no,0,0,0,no,no,0.000000,0.000000,0.000,1.073,4.789,0.031,6.532
1443,1403715345.412143,66.600000,OK,OK,MM,no,288,463,0,463,112,351,0.2419,PoseOpt,no,no,188,9082,7470,136,no,no,no,0,0,0,no,no,0.000000,0.000000,0.000,1.151,4.725,0.030,6.548
1444,1403715345.462143,66.650000,OK,OK,MM,no,301,462,0,462,114,348,0.2468,PoseOpt,no,no,188,9082,7432,135,no,no,no,0,0,0,no,no,0.000000,0.000000,0.000,1.121,4.218,0.022,6.138
1445,1403715345.512143,66.700000,OK,OK,MM,no,299,442,0,442,103,339,0.2330,PoseOpt,no,no,187,9067,7430,135,yes,no,no,0,0,0,no,no,0.000000,0.000000,0.000,1.050,4.530,0.020,6.155
1446,1403715345.562143,66.750000,OK,OK,MM,no,299,470,0,470,113,357,0.2404,PoseOpt,yes,yes,187,9067,7455,135,no,no,no,0,0,0,no,no,0.000000,0.000000,0.000,1.050,3.778,0.018,5.397
1447,1403715345.612143,66.800000,OK,OK,MM,no,296,503,0,503,118,385,0.2346,PoseOpt,no,no,188,9051,7486,137,no,no,no,0,0,0,no,no,0.000000,0.000000,0.000,0.937,3.656,0.023,5.140
1448,1403715345.662143,66.850000,OK,OK,MM,no,334,490,0,490,99,391,0.2020,PoseOpt,no,no,188,9051,7589,138,no,no,no,0,0,0,no,no,0.000000,0.000000,0.000,1.121,4.247,0.024,5.952
1449,1403715345.712143,66.900000,OK,OK,MM,no,327,486,0,486,99,387,0.2037,PoseOpt,no,no,188,9051,7649,141,no,no,no,0,0,0,no,no,0.000000,0.000000,0.000,1.220,4.380,0.024,6.219
1450,1403715345.762143,66.950000,OK,OK,MM,no,335,493,0,493,110,383,0.2231,PoseOpt,no,no,188,9051,7611,140,no,no,no,0,0,0,no,no,0.000000,0.000000,0.000,1.222,4.618,0.032,6.522
1451,1403715345.812143,67.000000,OK,OK,MM,no,315,493,0,493,111,382,0.2252,PoseOpt,no,no,188,9051,7662,140,no,no,no,0,0,0,no,no,0.000000,0.000000,0.000,1.124,4.374,0.024,6.171
1452,1403715345.862143,67.050000,OK,OK,MM,no,315,473,0,473,101,372,0.2135,PoseOpt,no,no,188,9051,7658,141,no,no,no,0,0,0,no,no,0.000000,0.000000,0.000,1.103,4.056,0.026,5.745
1453,1403715345.912143,67.100000,OK,OK,MM,no,289,481,0,481,107,374,0.2225,PoseOpt,no,no,188,9051,7751,144,no,no,no,0,0,0,no,no,0.000000,0.000000,0.000,1.139,4.647,0.026,6.367
1454,1403715345.962143,67.150000,OK,OK,MM,no,309,504,0,504,138,366,0.2738,PoseOpt,no,no,188,9050,7648,141,yes,no,no,0,0,0,no,no,0.000000,0.000000,0.000,1.134,4.447,0.037,6.356
1455,1403715346.012143,67.200000,OK,OK,MM,no,292,496,0,496,133,363,0.2681,PoseOpt,yes,yes,188,9050,7716,143,no,no,no,0,0,0,no,no,0.000000,0.000000,0.000,1.071,3.756,0.020,5.387
1456,1403715346.062143,67.250000,OK,OK,MM,no,302,529,0,529,114,415,0.2155,PoseOpt,no,no,189,9057,7808,146,no,no,no,0,0,0,no,no,0.000000,0.000000,0.000,1.080,4.075,0.029,5.744
1457,1403715346.112143,67.300000,OK,OK,MM,no,346,515,0,515,121,394,0.2350,PoseOpt,no,no,189,9057,7808,146,no,no,no,0,0,0,no,no,0.000000,0.000000,0.000,1.295,4.610,0.027,6.455
1458,1403715346.162143,67.350000,OK,OK,MM,no,339,516,0,516,110,406,0.2132,PoseOpt,no,no,189,9057,7727,145,no,no,no,0,0,0,no,no,0.000000,0.000000,0.000,1.259,4.647,0.046,6.759
1459,1403715346.212143,67.400000,OK,OK,MM,no,347,526,0,526,137,389,0.2605,PoseOpt,no,no,189,9057,7723,144,no,no,no,0,0,0,no,no,0.000000,0.000000,0.000,1.318,4.228,1.811,8.020
1460,1403715346.262143,67.450000,OK,OK,MM,no,323,508,0,508,134,374,0.2638,PoseOpt,no,no,189,9057,7723,144,no,no,no,0,0,0,no,no,0.000000,0.000000,0.000,1.171,4.976,0.033,6.990
1461,1403715346.312143,67.500000,OK,OK,MM,no,322,498,0,498,118,380,0.2369,PoseOpt,no,no,189,9057,7723,144,no,no,no,0,0,0,no,no,0.000000,0.000000,0.000,1.217,4.916,0.034,6.831
1462,1403715346.362143,67.550000,OK,OK,MM,no,325,483,0,483,118,365,0.2443,PoseOpt,no,no,189,9057,7916,142,no,no,no,0,0,0,no,no,0.000000,0.000000,0.000,1.246,4.410,0.030,6.295
1463,1403715346.412143,67.600000,OK,OK,MM,no,319,492,0,492,103,389,0.2093,PoseOpt,no,no,189,9056,7672,140,yes,no,no,0,0,0,no,no,0.000000,0.000000,0.000,1.231,4.024,0.022,10.796
1464,1403715346.462143,67.650000,OK,OK,MM,no,333,485,0,485,112,373,0.2309,PoseOpt,no,no,188,9037,7756,135,no,no,no,0,0,0,no,no,0.000000,0.000000,0.000,1.144,4.056,0.033,5.811
1465,1403715346.512143,67.700000,OK,OK,MM,no,316,476,0,476,111,365,0.2332,PoseOpt,yes,yes,188,9037,7986,140,no,no,no,0,0,0,no,no,0.000000,0.000000,0.000,1.127,4.211,0.022,5.924
1466,1403715346.562143,67.750000,OK,OK,MM,no,302,531,0,531,127,404,0.2392,PoseOpt,no,no,189,9044,7965,139,no,no,no,0,0,0,no,no,0.000000,0.000000,0.000,1.123,4.002,0.024,5.717
1467,1403715346.612143,67.800000,OK,OK,MM,no,325,498,0,498,112,386,0.2249,PoseOpt,no,no,189,9044,8251,152,no,no,no,0,0,0,no,no,0.000000,0.000000,0.000,1.167,4.201,0.027,5.924
1468,1403715346.662143,67.850000,OK,OK,MM,no,329,484,0,484,115,369,0.2376,PoseOpt,no,no,189,9044,8231,149,no,no,no,0,0,0,no,no,0.000000,0.000000,0.000,1.144,4.128,0.025,5.849
1469,1403715346.712143,67.900000,OK,OK,MM,no,298,481,0,481,108,373,0.2245,PoseOpt,no,no,189,9044,8231,149,no,no,no,0,0,0,no,no,0.000000,0.000000,0.000,1.060,3.971,0.026,5.765
1470,1403715346.762143,67.950000,OK,OK,MM,no,313,457,0,457,92,365,0.2013,PoseOpt,no,no,189,9044,8231,149,no,no,no,0,0,0,no,no,0.000000,0.000000,0.000,1.155,4.986,0.035,6.833
1471,1403715346.812143,68.000000,OK,OK,MM,no,319,471,0,471,109,362,0.2314,PoseOpt,no,no,189,9044,8231,149,no,no,no,0,0,0,no,no,0.000000,0.000000,0.000,1.147,4.504,0.025,6.389
1472,1403715346.862143,68.050000,OK,OK,MM,no,318,472,0,472,121,351,0.2564,PoseOpt,no,no,189,9044,8232,150,no,no,no,0,0,0,no,no,0.000000,0.000000,0.000,1.093,4.206,0.026,7.177
1473,1403715346.912143,68.100000,OK,OK,MM,no,292,452,0,452,101,351,0.2235,PoseOpt,no,no,189,9043,8065,147,yes,no,no,0,0,0,no,no,0.000000,0.000000,0.000,1.075,4.252,0.023,5.915
1474,1403715346.962143,68.150000,OK,OK,MM,no,285,469,0,469,114,355,0.2431,PoseOpt,no,no,188,9035,8055,145,no,no,no,0,0,0,no,no,0.000000,0.000000,0.000,1.019,3.804,0.021,5.372
1475,1403715347.012143,68.200000,OK,OK,MM,no,298,452,0,452,115,337,0.2544,PoseOpt,yes,yes,188,9035,8056,146,no,no,no,0,0,0,no,no,0.000000,0.000000,0.000,1.256,4.111,0.022,5.919
1476,1403715347.062143,68.250000,OK,OK,MM,no,280,488,0,488,114,374,0.2336,PoseOpt,no,no,189,9057,8067,146,no,no,no,0,0,0,no,no,0.000000,0.000000,0.000,0.982,3.767,0.023,5.305
1477,1403715347.112143,68.300000,OK,OK,MM,no,323,488,0,488,122,366,0.2500,PoseOpt,no,no,189,9057,8067,145,no,no,no,0,0,0,no,no,0.000000,0.000000,0.000,1.218,4.168,0.024,6.021
1478,1403715347.162143,68.350000,OK,OK,MM,no,329,500,0,500,124,376,0.2480,PoseOpt,no,no,189,9057,8077,146,no,no,no,0,0,0,no,no,0.000000,0.000000,0.000,1.151,4.443,0.027,6.289
1479,1403715347.212143,68.400000,OK,OK,MM,no,307,501,0,501,128,373,0.2555,PoseOpt,no,no,189,9057,8077,146,no,no,no,0,0,0,no,no,0.000000,0.000000,0.000,1.180,4.292,0.029,6.141
1480,1403715347.262143,68.450000,OK,OK,MM,no,299,479,0,479,112,367,0.2338,PoseOpt,no,no,189,9057,8140,149,no,no,no,0,0,0,no,no,0.000000,0.000000,0.000,1.287,5.435,0.037,7.495
1481,1403715347.312143,68.500000,OK,OK,MM,no,306,468,0,468,110,358,0.2350,PoseOpt,no,no,189,9057,8140,149,no,no,no,0,0,0,no,no,0.000000,0.000000,0.000,1.293,4.707,0.031,6.871
1482,1403715347.362143,68.550000,OK,OK,MM,no,294,471,0,471,124,347,0.2633,PoseOpt,no,no,189,9057,8141,150,no,no,no,0,0,0,no,no,0.000000,0.000000,0.000,1.095,4.548,0.023,6.206
1483,1403715347.412143,68.600000,OK,OK,MM,no,285,454,0,454,104,350,0.2291,PoseOpt,no,no,189,9055,8074,145,yes,no,no,0,0,0,no,no,0.000000,0.000000,0.000,1.059,4.234,0.020,5.850
1484,1403715347.462143,68.650000,OK,OK,MM,no,283,458,0,458,106,352,0.2314,PoseOpt,no,no,188,9045,8058,143,no,no,no,0,0,0,no,no,0.000000,0.000000,0.000,1.495,4.035,0.021,6.411
1485,1403715347.512143,68.700000,OK,OK,MM,no,284,428,0,428,119,309,0.2780,PoseOpt,yes,yes,188,9045,8058,143,no,no,no,0,0,0,no,no,0.000000,0.000000,0.000,0.996,5.031,0.020,6.590
1486,1403715347.562143,68.750000,OK,OK,MM,no,245,459,0,459,130,329,0.2832,PoseOpt,no,no,189,9070,8083,144,no,no,no,0,0,0,no,no,0.000000,0.000000,0.000,0.866,3.573,0.021,4.976
1487,1403715347.612143,68.800000,OK,OK,MM,no,267,439,0,439,98,341,0.2232,PoseOpt,no,no,189,9070,7932,141,no,no,no,0,0,0,no,no,0.000000,0.000000,0.000,0.948,4.800,0.026,6.363
1488,1403715347.662143,68.850000,OK,OK,MM,no,279,413,0,413,107,306,0.2591,PoseOpt,no,no,189,9070,7928,139,no,no,no,0,0,0,no,no,0.000000,0.000000,0.000,1.012,4.362,0.028,6.097
1489,1403715347.712143,68.900000,OK,OK,MM,no,257,409,0,409,95,314,0.2323,PoseOpt,no,no,189,9070,7909,138,no,no,no,0,0,0,no,no,0.000000,0.000000,0.000,1.030,4.849,0.029,6.559
1490,1403715347.762143,68.950000,OK,OK,MM,no,255,399,0,399,99,300,0.2481,PoseOpt,no,no,189,9070,7947,140,no,no,no,0,0,0,no,no,0.000000,0.000000,0.000,1.051,3.970,0.023,5.575
1491,1403715347.812143,69.000000,OK,OK,MM,no,252,380,0,380,90,290,0.2368,PoseOpt,no,no,189,9070,8067,140,no,no,no,0,0,0,no,no,0.000000,0.000000,0.000,0.962,4.122,0.024,5.674
1492,1403715347.862143,69.050000,OK,OK,MM,no,237,357,0,357,89,268,0.2493,PoseOpt,no,no,189,9070,7889,135,no,no,no,0,0,0,no,no,0.000000,0.000000,0.000,0.965,4.489,0.025,6.031
1493,1403715347.912143,69.100000,OK,OK,MM,no,222,394,0,394,107,287,0.2716,PoseOpt,no,no,189,9068,7874,137,yes,no,no,0,0,0,no,no,0.000000,0.000000,0.000,0.935,4.375,0.026,5.976
1494,1403715347.962143,69.150000,OK,OK,MM,no,225,378,0,378,93,285,0.2460,PoseOpt,yes,yes,189,9068,8014,133,no,no,no,0,0,0,no,no,0.000000,0.000000,0.000,0.938,3.715,0.019,5.207
1495,1403715348.012143,69.200000,OK,OK,MM,no,235,385,0,385,80,305,0.2078,PoseOpt,no,no,190,9086,7996,137,no,no,no,0,0,0,no,no,0.000000,0.000000,0.000,0.963,3.962,0.022,5.528
1496,1403715348.062143,69.250000,OK,OK,MM,no,267,391,0,391,93,298,0.2379,PoseOpt,no,no,190,9086,7651,130,no,no,no,0,0,0,no,no,0.000000,0.000000,0.000,0.969,4.276,0.021,5.833
1497,1403715348.112143,69.300000,OK,OK,MM,no,245,391,0,391,92,299,0.2353,PoseOpt,no,no,190,9086,7562,128,no,no,no,0,0,0,no,no,0.000000,0.000000,0.000,1.030,3.917,0.024,6.380
1498,1403715348.162143,69.350000,OK,OK,MM,no,250,372,0,372,91,281,0.2446,PoseOpt,no,no,190,9086,7249,119,no,no,no,0,0,0,no,no,0.000000,0.000000,0.000,1.007,3.765,0.022,5.304
1499,1403715348.212143,69.400000,OK,OK,MM,no,230,375,0,375,91,284,0.2427,PoseOpt,no,no,190,9086,7124,118,no,no,no,0,0,0,no,no,0.000000,0.000000,0.000,1.014,4.064,0.024,5.648
1500,1403715348.262143,69.450000,OK,OK,MM,no,216,355,0,355,92,263,0.2592,PoseOpt,no,no,190,9086,7036,117,no,no,no,0,0,0,no,no,0.000000,0.000000,0.000,1.001,4.688,0.046,6.607
1501,1403715348.312143,69.500000,OK,OK,MM,no,207,370,0,370,74,296,0.2000,PoseOpt,no,no,190,9086,7036,117,yes,no,no,0,0,0,no,no,0.000000,0.000000,0.000,0.930,3.949,0.021,5.512
1502,1403715348.362143,69.550000,OK,OK,MM,no,247,354,0,354,79,275,0.2232,PoseOpt,yes,yes,190,9086,6676,108,no,no,no,0,0,0,no,no,0.000000,0.000000,0.000,1.047,3.450,0.019,5.094
1503,1403715348.412143,69.600000,OK,OK,MM,no,213,417,0,417,82,335,0.1966,PoseOpt,no,no,191,9142,6330,100,no,no,no,0,0,0,no,no,0.000000,0.000000,0.000,0.995,3.843,0.020,5.416
1504,1403715348.462143,69.650000,OK,OK,MM,no,280,403,0,403,78,325,0.1935,PoseOpt,no,no,191,9142,6683,104,no,no,no,0,0,0,no,no,0.000000,0.000000,0.000,1.216,3.810,0.020,5.610
1505,1403715348.512143,69.700000,OK,OK,MM,no,269,413,0,413,101,312,0.2446,PoseOpt,no,no,191,9142,6440,100,no,no,no,0,0,0,no,no,0.000000,0.000000,0.000,1.240,4.295,0.027,6.254
1506,1403715348.562143,69.750000,OK,OK,MM,no,263,416,0,416,97,319,0.2332,PoseOpt,no,no,191,9142,6575,102,no,no,no,0,0,0,no,no,0.000000,0.000000,0.000,1.143,4.151,0.024,5.949
1507,1403715348.612143,69.800000,OK,OK,MM,no,264,422,0,422,84,338,0.1991,PoseOpt,no,no,191,9141,6439,100,yes,no,no,0,0,0,no,no,0.000000,0.000000,0.000,1.302,3.556,0.019,11.123
1508,1403715348.662143,69.850000,OK,OK,MM,no,288,405,0,405,84,321,0.2074,PoseOpt,no,no,190,9129,6425,99,no,no,no,0,0,0,no,no,0.000000,0.000000,0.000,1.131,3.276,0.020,4.998
1509,1403715348.712143,69.900000,OK,OK,MM,no,286,406,0,406,81,325,0.1995,PoseOpt,no,no,190,9129,6425,99,no,no,no,0,0,0,no,no,0.000000,0.000000,0.000,1.081,3.476,0.018,5.068
1510,1403715348.762143,69.950000,OK,OK,MM,no,274,417,0,417,84,333,0.2014,PoseOpt,no,no,190,9129,6390,98,no,no,no,0,0,0,no,no,0.000000,0.000000,0.000,1.112,3.392,0.019,5.018
1511,1403715348.812143,70.000000,OK,OK,MM,no,275,397,0,397,75,322,0.1889,PoseOpt,no,no,190,9129,6247,96,no,no,no,0,0,0,no,no,0.000000,0.000000,0.000,1.198,3.560,0.019,5.634
1512,1403715348.862143,70.050000,OK,OK,MM,no,276,391,0,391,88,303,0.2251,PoseOpt,yes,yes,190,9129,6143,98,no,no,no,0,0,0,no,no,0.000000,0.000000,0.000,1.095,4.086,0.018,5.762
1513,1403715348.912143,70.100000,OK,OK,MM,no,253,420,0,420,81,339,0.1929,PoseOpt,no,no,191,9135,6284,101,no,no,no,0,0,0,no,no,0.000000,0.000000,0.000,1.005,3.396,0.019,4.978
1514,1403715348.962143,70.150000,OK,OK,MM,no,290,442,0,442,91,351,0.2059,PoseOpt,no,no,191,9135,5933,96,no,no,no,0,0,0,no,no,0.000000,0.000000,0.000,1.161,3.545,0.020,5.283
1515,1403715349.012143,70.200000,OK,OK,MM,no,285,437,0,437,76,361,0.1739,PoseOpt,no,no,191,9135,5933,96,no,no,no,0,0,0,no,no,0.000000,0.000000,0.000,1.232,3.591,0.024,5.511
1516,1403715349.062143,70.250000,OK,OK,MM,no,287,436,0,436,81,355,0.1858,PoseOpt,no,no,191,9135,5933,96,no,no,no,0,0,0,no,no,0.000000,0.000000,0.000,1.183,3.508,0.022,5.223
1517,1403715349.112143,70.300000,OK,OK,MM,no,293,413,0,413,73,340,0.1768,PoseOpt,no,no,191,9135,6253,97,no,no,no,0,0,0,no,no,0.000000,0.000000,0.000,1.218,3.621,0.022,5.432
1518,1403715349.162143,70.350000,OK,OK,MM,no,293,429,0,429,87,342,0.2028,PoseOpt,no,no,191,9134,5932,96,yes,no,no,0,0,0,no,no,0.000000,0.000000,0.000,1.203,5.190,0.020,6.974
1519,1403715349.212143,70.400000,OK,OK,MM,no,305,424,0,424,72,352,0.1698,PoseOpt,no,no,191,9134,5932,96,no,no,no,0,0,0,no,no,0.000000,0.000000,0.000,1.269,3.653,0.037,5.531
1520,1403715349.262143,70.450000,OK,OK,MM,no,293,417,0,417,93,324,0.2230,PoseOpt,yes,yes,191,9134,5932,96,no,no,no,0,0,0,no,no,0.000000,0.000000,0.000,1.358,3.555,0.018,5.465
1521,1403715349.312143,70.500000,OK,OK,MM,no,268,484,0,484,105,379,0.2169,PoseOpt,no,no,192,9202,6000,97,no,no,no,0,0,0,no,no,0.000000,0.000000,0.000,1.120,3.360,0.022,5.041
1522,1403715349.362143,70.550000,OK,OK,MM,no,309,488,0,488,90,398,0.1844,PoseOpt,no,no,192,9202,5901,96,no,no,no,0,0,0,no,no,0.000000,0.000000,0.000,1.295,3.699,0.025,5.627
1523,1403715349.412143,70.600000,OK,OK,MM,no,334,444,0,444,85,359,0.1914,PoseOpt,no,no,192,9202,5901,96,no,no,no,0,0,0,no,no,0.000000,0.000000,0.000,1.379,3.986,0.026,6.087
1524,1403715349.462143,70.650000,OK,OK,MM,no,306,469,0,469,94,375,0.2004,PoseOpt,no,no,192,9202,6000,97,no,no,no,0,0,0,no,no,0.000000,0.000000,0.000,1.282,4.173,0.032,6.200
1525,1403715349.512143,70.700000,OK,OK,MM,no,315,476,0,476,87,389,0.1828,PoseOpt,no,no,192,9202,6061,98,no,no,no,0,0,0,no,no,0.000000,0.000000,0.000,1.349,3.879,0.023,5.884
1526,1403715349.562143,70.750000,OK,OK,MM,no,326,459,0,459,81,378,0.1765,PoseOpt,no,no,192,9199,5959,97,yes,no,no,0,0,0,no,no,0.000000,0.000000,0.000,1.519,3.635,0.020,5.699
1527,1403715349.612143,70.800000,OK,OK,MM,no,316,451,0,451,78,373,0.1729,PoseOpt,no,no,192,9199,5842,95,no,no,no,0,0,0,no,no,0.000000,0.000000,0.000,1.381,4.047,0.020,5.987
1528,1403715349.662143,70.850000,OK,OK,MM,no,301,449,0,449,83,366,0.1849,PoseOpt,no,no,192,9199,5898,96,no,no,no,0,0,0,no,no,0.000000,0.000000,0.000,1.252,4.419,1.251,7.719
1529,1403715349.712143,70.900000,OK,OK,MM,no,311,480,0,480,95,385,0.1979,PoseOpt,no,no,192,9199,6033,98,no,no,no,0,0,0,no,no,0.000000,0.000000,0.000,1.364,3.791,0.044,5.701
1530,1403715349.762143,70.950000,OK,OK,MM,no,313,461,0,461,87,374,0.1887,PoseOpt,no,no,192,9199,5997,97,no,no,no,0,0,0,no,no,0.000000,0.000000,0.000,1.302,3.641,0.020,5.467
1531,1403715349.812143,71.000000,OK,OK,MM,no,315,468,0,468,101,367,0.2158,PoseOpt,no,no,192,9199,5997,97,no,no,no,0,0,0,no,no,0.000000,0.000000,0.000,1.361,3.747,0.021,5.624
1532,1403715349.862143,71.050000,OK,OK,MM,no,302,448,0,448,84,364,0.1875,PoseOpt,no,no,192,9199,5997,97,no,no,no,0,0,0,no,no,0.000000,0.000000,0.000,1.238,3.533,0.020,5.289
1533,1403715349.912143,71.100000,OK,OK,MM,no,309,460,0,460,90,370,0.1957,PoseOpt,no,no,192,9199,5997,97,no,no,no,0,0,0,no,no,0.000000,0.000000,0.000,1.317,3.736,0.020,5.574
1534,1403715349.962143,71.150000,OK,OK,MM,no,311,449,0,449,89,360,0.1982,PoseOpt,no,no,192,9199,5997,97,no,no,no,0,0,0,no,no,0.000000,0.000000,0.000,1.272,3.746,0.021,5.555
1535,1403715350.012143,71.200000,OK,OK,MM,no,277,444,0,444,87,357,0.1959,PoseOpt,no,no,192,9199,5997,97,no,no,no,0,0,0,no,no,0.000000,0.000000,0.000,1.193,3.591,0.020,5.305
1536,1403715350.062143,71.250000,OK,OK,MM,no,285,463,0,463,100,363,0.2160,PoseOpt,no,no,192,9199,5769,94,no,no,no,0,0,0,no,no,0.000000,0.000000,0.000,1.190,3.537,0.020,5.261
1537,1403715350.112143,71.300000,OK,OK,MM,no,300,472,0,472,95,377,0.2013,PoseOpt,no,no,192,9199,6075,98,no,no,no,0,0,0,no,no,0.000000,0.000000,0.000,1.210,3.607,0.023,5.371
1538,1403715350.162143,71.350000,OK,OK,MM,no,290,458,0,458,93,365,0.2031,PoseOpt,no,no,192,9199,5997,97,no,no,no,0,0,0,no,no,0.000000,0.000000,0.000,1.160,3.453,0.020,5.128
1539,1403715350.212143,71.400000,OK,OK,MM,no,297,460,0,460,109,351,0.2370,PoseOpt,no,no,192,9199,5997,97,no,no,no,0,0,0,no,no,0.000000,0.000000,0.000,1.152,3.390,0.020,5.049
1540,1403715350.262143,71.450000,OK,OK,MM,no,291,474,0,474,110,364,0.2321,PoseOpt,yes,yes,192,9199,5997,97,no,no,no,0,0,0,no,no,0.000000,0.000000,0.000,1.136,3.457,0.026,5.149
1541,1403715350.312143,71.500000,OK,OK,MM,no,302,481,0,481,96,385,0.1996,PoseOpt,no,no,193,9169,5967,98,no,no,no,0,0,0,no,no,0.000000,0.000000,0.000,1.231,3.428,0.028,5.265
1542,1403715350.362143,71.550000,OK,OK,MM,no,303,473,0,473,99,374,0.2093,PoseOpt,no,no,193,9169,5967,98,no,no,no,0,0,0,no,no,0.000000,0.000000,0.000,1.279,3.919,0.026,5.974
1543,1403715350.412143,71.600000,OK,OK,MM,no,305,491,0,491,107,384,0.2179,PoseOpt,no,no,193,9169,5967,98,no,no,no,0,0,0,no,no,0.000000,0.000000,0.000,1.234,5.140,0.038,7.149
1544,1403715350.462143,71.650000,OK,OK,MM,no,301,473,0,473,104,369,0.2199,PoseOpt,no,no,193,9169,5967,98,no,no,no,0,0,0,no,no,0.000000,0.000000,0.000,1.235,3.593,0.024,5.432
1545,1403715350.512143,71.700000,OK,OK,MM,no,295,436,0,436,100,336,0.2294,PoseOpt,no,no,193,9169,5967,98,no,no,no,0,0,0,no,no,0.000000,0.000000,0.000,1.181,3.653,0.023,5.418
1546,1403715350.562143,71.750000,OK,OK,MM,no,276,468,0,468,98,370,0.2094,PoseOpt,no,no,193,9169,5967,98,yes,no,no,0,0,0,no,no,0.000000,0.000000,0.000,1.106,3.338,0.022,4.998
1547,1403715350.612143,71.800000,OK,OK,MM,no,291,458,0,458,93,365,0.2031,PoseOpt,yes,yes,193,9169,5967,98,no,no,no,0,0,0,no,no,0.000000,0.000000,0.000,1.248,3.514,0.020,5.318
1548,1403715350.662143,71.850000,OK,OK,MM,no,297,497,0,497,89,408,0.1791,PoseOpt,no,no,194,9177,6295,100,no,no,no,0,0,0,no,no,0.000000,0.000000,0.000,1.169,3.682,0.022,5.446
1549,1403715350.712143,71.900000,OK,OK,MM,no,342,509,0,509,88,421,0.1729,PoseOpt,no,no,194,9177,6295,100,no,no,no,0,0,0,no,no,0.000000,0.000000,0.000,1.393,3.958,0.023,5.923
1550,1403715350.762143,71.950000,OK,OK,MM,no,359,497,0,497,94,403,0.1891,PoseOpt,no,no,194,9177,6295,100,no,no,no,0,0,0,no,no,0.000000,0.000000,0.000,1.463,3.866,0.025,5.896
1551,1403715350.812143,72.000000,OK,OK,MM,no,321,465,0,465,77,388,0.1656,PoseOpt,no,no,194,9177,6295,100,no,no,no,0,0,0,no,no,0.000000,0.000000,0.000,1.353,3.721,0.025,5.603
1552,1403715350.862143,72.050000,OK,OK,MM,no,305,471,0,471,90,381,0.1911,PoseOpt,no,no,194,9177,6295,100,no,no,no,0,0,0,no,no,0.000000,0.000000,0.000,1.313,3.871,0.030,5.884
1553,1403715350.912143,72.100000,OK,OK,MM,no,308,445,0,445,84,361,0.1888,PoseOpt,no,no,194,9176,5974,99,yes,no,no,0,0,0,no,no,0.000000,0.000000,0.000,1.200,3.733,0.028,5.613
1554,1403715350.962143,72.150000,OK,OK,MM,no,307,462,0,462,96,366,0.2078,PoseOpt,yes,yes,194,9176,5974,99,no,no,no,0,0,0,no,no,0.000000,0.000000,0.000,1.157,3.445,0.020,5.164
1555,1403715351.012143,72.200000,OK,OK,MM,no,299,509,0,509,98,411,0.1925,PoseOpt,no,no,195,9224,6112,101,no,no,no,0,0,0,no,no,0.000000,0.000000,0.000,1.226,3.631,0.023,5.448
1556,1403715351.062143,72.250000,OK,OK,MM,no,348,494,0,494,104,390,0.2105,PoseOpt,no,no,195,9224,6022,100,no,no,no,0,0,0,no,no,0.000000,0.000000,0.000,1.358,3.875,0.028,5.889
1557,1403715351.112143,72.300000,OK,OK,MM,no,338,476,0,476,94,382,0.1975,PoseOpt,no,no,195,9224,6029,101,no,no,no,0,0,0,no,no,0.000000,0.000000,0.000,1.302,4.222,0.028,6.256
1558,1403715351.162143,72.350000,OK,OK,MM,no,331,469,0,469,93,376,0.1983,PoseOpt,no,no,195,9224,6217,105,no,no,no,0,0,0,no,no,0.000000,0.000000,0.000,1.259,3.690,0.026,5.471
1559,1403715351.212143,72.400000,OK,OK,MM,no,323,484,0,484,81,403,0.1674,PoseOpt,no,no,195,9224,6029,101,no,no,no,0,0,0,no,no,0.000000,0.000000,0.000,1.286,3.723,0.024,5.537
1560,1403715351.262143,72.450000,OK,OK,MM,no,336,462,0,462,67,395,0.1450,PoseOpt,no,no,195,9224,6119,102,yes,no,no,0,0,0,no,no,0.000000,0.000000,0.000,1.385,3.396,0.020,5.304
1561,1403715351.312143,72.500000,OK,OK,MM,no,316,469,0,469,88,381,0.1876,PoseOpt,yes,yes,194,9208,5858,98,no,no,no,0,0,0,no,no,0.000000,0.000000,0.000,1.360,3.567,0.020,5.465
1562,1403715351.362143,72.550000,OK,OK,MM,no,315,463,0,463,83,380,0.1793,PoseOpt,no,no,195,9229,6027,100,no,no,no,0,0,0,no,no,0.000000,0.000000,0.000,1.189,3.294,0.023,5.010
1563,1403715351.412143,72.600000,OK,OK,MM,no,308,459,0,459,77,382,0.1678,PoseOpt,no,no,195,9229,5971,99,no,no,no,0,0,0,no,no,0.000000,0.000000,0.000,1.282,3.560,0.024,5.374
1564,1403715351.462143,72.650000,OK,OK,MM,no,315,457,0,457,87,370,0.1904,PoseOpt,no,no,195,9229,5872,98,no,no,no,0,0,0,no,no,0.000000,0.000000,0.000,1.261,4.005,0.032,5.940
1565,1403715351.512143,72.700000,OK,OK,MM,no,311,435,0,435,64,371,0.1471,PoseOpt,no,no,195,9229,5872,98,no,no,no,0,0,0,no,no,0.000000,0.000000,0.000,1.191,3.462,0.025,5.175
1566,1403715351.562143,72.750000,OK,OK,MM,no,308,448,0,448,88,360,0.1964,PoseOpt,no,no,195,9229,5940,98,no,no,no,0,0,0,no,no,0.000000,0.000000,0.000,1.579,3.675,0.036,5.866
1567,1403715351.612143,72.800000,OK,OK,MM,no,290,435,0,435,85,350,0.1954,PoseOpt,no,no,195,9229,5867,97,no,no,no,0,0,0,no,no,0.000000,0.000000,0.000,1.205,3.656,0.022,5.456
1568,1403715351.662143,72.850000,OK,OK,MM,no,285,427,0,427,87,340,0.2037,PoseOpt,no,no,195,9229,5699,95,no,no,no,0,0,0,no,no,0.000000,0.000000,0.000,1.230,3.453,0.026,5.257
1569,1403715351.712143,72.900000,OK,OK,MM,no,289,403,0,403,78,325,0.1935,PoseOpt,no,no,195,9229,5800,96,yes,no,no,0,0,0,no,no,0.000000,0.000000,0.000,1.245,3.422,0.021,5.202
1570,1403715351.762143,72.950000,OK,OK,MM,no,276,398,0,398,81,317,0.2035,PoseOpt,yes,yes,195,9229,5768,96,no,no,no,0,0,0,no,no,0.000000,0.000000,0.000,1.133,4.059,0.020,5.731
1571,1403715351.812143,73.000000,OK,OK,MM,no,262,439,0,439,79,360,0.1800,PoseOpt,no,no,196,9229,5867,98,no,no,no,0,0,0,no,no,0.000000,0.000000,0.000,1.092,3.109,0.021,4.719
1572,1403715351.862143,73.050000,OK,OK,MM,no,285,423,0,423,88,335,0.2080,PoseOpt,no,no,196,9229,5867,98,no,no,no,0,0,0,no,no,0.000000,0.000000,0.000,1.203,3.500,0.024,5.240
1573,1403715351.912143,73.100000,OK,OK,MM,no,289,421,0,421,79,342,0.1876,PoseOpt,no,no,196,9229,5717,96,no,no,no,0,0,0,no,no,0.000000,0.000000,0.000,1.320,3.884,0.025,5.802
1574,1403715351.962143,73.150000,OK,OK,MM,no,288,425,0,425,67,358,0.1576,PoseOpt,no,no,196,9229,5867,98,no,no,no,0,0,0,no,no,0.000000,0.000000,0.000,1.244,4.671,0.031,6.574
1575,1403715352.012143,73.200000,OK,OK,MM,no,297,424,0,424,71,353,0.1675,PoseOpt,no,no,196,9229,5790,95,no,no,no,0,0,0,no,no,0.000000,0.000000,0.000,1.379,3.671,0.022,5.582
1576,1403715352.062143,73.250000,OK,OK,MM,no,291,409,0,409,71,338,0.1736,PoseOpt,no,no,196,9229,5722,94,yes,no,no,0,0,0,no,no,0.000000,0.000000,0.000,1.137,3.135,0.020,4.800
1577,1403715352.112143,73.300000,OK,OK,MM,no,267,427,0,427,83,344,0.1944,PoseOpt,yes,yes,196,9229,5598,92,no,no,no,0,0,0,no,no,0.000000,0.000000,0.000,1.137,3.481,0.020,5.141
1578,1403715352.162143,73.350000,OK,OK,MM,no,283,455,0,455,82,373,0.1802,PoseOpt,no,no,197,9266,5635,93,no,no,no,0,0,0,no,no,0.000000,0.000000,0.000,1.042,3.167,0.022,4.742
1579,1403715352.212143,73.400000,OK,OK,MM,no,290,409,0,409,72,337,0.1760,PoseOpt,no,no,197,9266,5658,94,no,no,no,0,0,0,no,no,0.000000,0.000000,0.000,1.177,3.605,0.031,5.413
1580,1403715352.262143,73.450000,OK,OK,MM,no,275,425,0,425,77,348,0.1812,PoseOpt,no,no,197,9266,5561,92,no,no,no,0,0,0,no,no,0.000000,0.000000,0.000,1.176,4.085,0.035,5.927
1581,1403715352.312143,73.500000,OK,OK,MM,no,274,420,0,420,74,346,0.1762,PoseOpt,no,no,197,9266,5584,93,no,no,no,0,0,0,no,no,0.000000,0.000000,0.000,1.220,4.040,0.038,6.124
1582,1403715352.362143,73.550000,OK,OK,MM,no,287,429,0,429,77,352,0.1795,PoseOpt,no,no,197,9266,5561,92,no,no,no,0,0,0,no,no,0.000000,0.000000,0.000,1.193,4.668,0.028,6.517
1583,1403715352.412143,73.600000,OK,OK,MM,no,276,410,0,410,71,339,0.1732,PoseOpt,no,no,197,9266,5600,93,yes,no,no,0,0,0,no,no,0.000000,0.000000,0.000,1.081,4.222,0.028,6.530
1584,1403715352.462143,73.650000,OK,OK,MM,no,260,429,0,429,81,348,0.1888,PoseOpt,yes,yes,197,9266,5561,92,no,no,no,0,0,0,no,no,0.000000,0.000000,0.000,1.120,3.348,0.021,6.277
1585,1403715352.512143,73.700000,OK,OK,MM,no,277,445,0,445,88,357,0.1978,PoseOpt,no,no,198,9270,5565,93,no,no,no,0,0,0,no,no,0.000000,0.000000,0.000,1.118,3.064,0.022,4.750
1586,1403715352.562143,73.750000,OK,OK,MM,no,285,434,0,434,88,346,0.2028,PoseOpt,no,no,198,9270,5588,94,no,no,no,0,0,0,no,no,0.000000,0.000000,0.000,1.225,3.787,0.025,5.651
1587,1403715352.612143,73.800000,OK,OK,MM,no,283,447,0,447,88,359,0.1969,PoseOpt,no,no,198,9270,5515,92,no,no,no,0,0,0,no,no,0.000000,0.000000,0.000,1.265,4.202,0.030,6.220
1588,1403715352.662143,73.850000,OK,OK,MM,no,298,437,0,437,85,352,0.1945,PoseOpt,no,no,198,9270,5515,92,no,no,no,0,0,0,no,no,0.000000,0.000000,0.000,1.392,4.013,0.034,6.111
1589,1403715352.712143,73.900000,OK,OK,MM,no,284,444,0,444,91,353,0.2050,PoseOpt,no,no,198,9270,5577,94,yes,no,no,0,0,0,no,no,0.000000,0.000000,0.000,1.247,3.552,0.023,5.432
1590,1403715352.762143,73.950000,OK,OK,MM,no,275,443,0,443,85,358,0.1919,PoseOpt,yes,yes,198,9270,5515,92,no,no,no,0,0,0,no,no,0.000000,0.000000,0.000,1.150,3.351,0.021,5.071
1591,1403715352.812143,74.000000,OK,OK,MM,no,293,460,0,460,89,371,0.1935,PoseOpt,no,no,199,9293,5538,93,no,no,no,0,0,0,no,no,0.000000,0.000000,0.000,1.140,3.229,0.022,4.922
1592,1403715352.862143,74.050000,OK,OK,MM,no,303,465,0,465,71,394,0.1527,PoseOpt,no,no,199,9293,5579,94,no,no,no,0,0,0,no,no,0.000000,0.000000,0.000,1.243,3.890,0.025,5.705
1593,1403715352.912143,74.100000,OK,OK,MM,no,315,477,0,477,83,394,0.1740,PoseOpt,no,no,199,9293,5600,95,no,no,no,0,0,0,no,no,0.000000,0.000000,0.000,1.335,3.855,0.024,5.780
1594,1403715352.962143,74.150000,OK,OK,MM,no,325,450,0,450,83,367,0.1844,PoseOpt,no,no,199,9293,5345,90,no,no,no,0,0,0,no,no,0.000000,0.000000,0.000,1.359,3.968,0.024,5.908
1595,1403715353.012143,74.200000,OK,OK,MM,no,295,444,0,444,86,358,0.1937,PoseOpt,no,no,198,9277,5303,89,yes,no,no,0,0,0,no,no,0.000000,0.000000,0.000,1.234,3.959,0.021,5.768
1596,1403715353.062143,74.250000,OK,OK,MM,no,305,442,0,442,93,349,0.2104,PoseOpt,yes,yes,198,9277,5292,89,no,no,no,0,0,0,no,no,0.000000,0.000000,0.000,1.191,3.248,0.021,4.979
1597,1403715353.112143,74.300000,OK,OK,MM,no,300,483,0,483,99,384,0.2050,PoseOpt,no,no,199,9327,5412,92,no,no,no,0,0,0,no,no,0.000000,0.000000,0.000,1.164,3.309,0.022,5.029
1598,1403715353.162143,74.350000,OK,OK,MM,no,326,486,0,486,102,384,0.2099,PoseOpt,no,no,199,9327,5493,93,no,no,no,0,0,0,no,no,0.000000,0.000000,0.000,1.315,4.368,0.027,6.301
1599,1403715353.212143,74.400000,OK,OK,MM,no,320,462,0,462,74,388,0.1602,PoseOpt,no,no,199,9327,5412,92,no,no,no,0,0,0,no,no,0.000000,0.000000,0.000,1.336,4.124,0.036,6.190
1600,1403715353.262143,74.450000,OK,OK,MM,no,307,455,0,455,76,379,0.1670,PoseOpt,no,no,199,9327,5453,93,no,no,no,0,0,0,no,no,0.000000,0.000000,0.000,1.312,4.052,0.033,6.078
1601,1403715353.312143,74.500000,OK,OK,MM,no,298,467,0,467,82,385,0.1756,PoseOpt,no,no,199,9327,5407,91,no,no,no,0,0,0,no,no,0.000000,0.000000,0.000,1.296,3.959,0.027,5.907
1602,1403715353.362143,74.550000,OK,OK,MM,no,311,444,0,444,80,364,0.1802,PoseOpt,no,no,198,9303,5381,89,yes,no,no,0,0,0,no,no,0.000000,0.000000,0.000,1.182,3.129,0.021,4.861
1603,1403715353.412143,74.600000,OK,OK,MM,no,300,453,0,453,93,360,0.2053,PoseOpt,yes,yes,198,9303,5290,87,no,no,no,0,0,0,no,no,0.000000,0.000000,0.000,1.202,3.327,0.020,5.083
1604,1403715353.462143,74.650000,OK,OK,MM,no,316,488,0,488,87,401,0.1783,PoseOpt,no,no,199,9344,5401,90,no,no,no,0,0,0,no,no,0.000000,0.000000,0.000,1.357,3.430,0.027,5.399
1605,1403715353.512143,74.700000,OK,OK,MM,no,342,466,0,466,81,385,0.1738,PoseOpt,no,no,199,9344,5489,92,no,no,no,0,0,0,no,no,0.000000,0.000000,0.000,1.343,3.676,0.025,5.586
1606,1403715353.562143,74.750000,OK,OK,MM,no,329,488,0,488,94,394,0.1926,PoseOpt,no,no,199,9344,5378,89,no,no,no,0,0,0,no,no,0.000000,0.000000,0.000,1.385,4.311,0.035,6.471
1607,1403715353.612143,74.800000,OK,OK,MM,no,347,481,0,481,90,391,0.1871,PoseOpt,no,no,199,9344,5331,88,no,no,no,0,0,0,no,no,0.000000,0.000000,0.000,1.365,3.995,0.034,6.056
1608,1403715353.662143,74.850000,OK,OK,MM,no,337,468,0,468,83,385,0.1774,PoseOpt,no,no,199,9344,5489,92,no,no,no,0,0,0,no,no,0.000000,0.000000,0.000,1.322,3.992,0.026,6.041
1609,1403715353.712143,74.900000,OK,OK,MM,no,306,467,0,467,84,383,0.1799,PoseOpt,no,no,199,9344,5424,91,yes,no,no,0,0,0,no,no,0.000000,0.000000,0.000,1.289,3.391,0.023,5.268
1610,1403715353.762143,74.950000,OK,OK,MM,no,328,477,0,477,90,387,0.1887,PoseOpt,yes,yes,199,9344,5424,91,no,no,no,0,0,0,no,no,0.000000,0.000000,0.000,1.265,3.463,0.025,6.341
1611,1403715353.812143,75.000000,OK,OK,MM,no,328,501,0,501,83,418,0.1657,PoseOpt,no,no,200,9370,5450,92,no,no,no,0,0,0,no,no,0.000000,0.000000,0.000,1.248,3.198,0.023,6.267
1612,1403715353.862143,75.050000,OK,OK,MM,no,349,500,0,500,86,414,0.1720,PoseOpt,no,no,200,9370,5491,93,no,no,no,0,0,0,no,no,0.000000,0.000000,0.000,1.322,3.651,0.024,5.563
1613,1403715353.912143,75.100000,OK,OK,MM,no,350,487,0,487,87,400,0.1786,PoseOpt,no,no,200,9370,5450,92,no,no,no,0,0,0,no,no,0.000000,0.000000,0.000,1.420,4.195,0.036,6.339
1614,1403715353.962143,75.150000,OK,OK,MM,no,334,491,0,491,72,419,0.1466,PoseOpt,no,no,200,9370,5427,91,no,no,no,0,0,0,no,no,0.000000,0.000000,0.000,1.319,4.501,0.033,6.573
1615,1403715354.012143,75.200000,OK,OK,MM,no,337,484,0,484,85,399,0.1756,PoseOpt,no,no,200,9370,5380,90,no,no,no,0,0,0,no,no,0.000000,0.000000,0.000,1.370,3.960,0.029,6.049
1616,1403715354.062143,75.250000,OK,OK,MM,no,325,480,0,480,78,402,0.1625,PoseOpt,no,no,200,9369,5426,91,yes,no,no,0,0,0,no,no,0.000000,0.000000,0.000,1.220,3.457,0.022,5.271
1617,1403715354.112143,75.300000,OK,OK,MM,no,304,502,0,502,91,411,0.1813,PoseOpt,no,no,200,9369,5356,89,no,no,no,0,0,0,no,no,0.000000,0.000000,0.000,1.307,3.611,0.021,5.486
1618,1403715354.162143,75.350000,OK,OK,MM,no,343,484,0,484,79,405,0.1632,PoseOpt,yes,yes,200,9369,5356,89,no,no,no,0,0,0,no,no,0.000000,0.000000,0.000,1.299,3.497,0.022,5.388
1619,1403715354.212143,75.400000,OK,OK,MM,no,339,505,0,505,78,427,0.1545,PoseOpt,no,no,201,9383,5370,90,no,no,no,0,0,0,no,no,0.000000,0.000000,0.000,1.170,3.468,0.031,5.410
1620,1403715354.262143,75.450000,OK,OK,MM,no,343,493,0,493,97,396,0.1968,PoseOpt,no,no,201,9383,5463,93,no,no,no,0,0,0,no,no,0.000000,0.000000,0.000,1.395,4.043,0.047,6.258
1621,1403715354.312143,75.500000,OK,OK,MM,no,335,494,0,494,91,403,0.1842,PoseOpt,no,no,201,9383,5463,93,no,no,no,0,0,0,no,no,0.000000,0.000000,0.000,1.435,4.889,0.032,7.038
1622,1403715354.362143,75.550000,OK,OK,MM,no,332,502,0,502,84,418,0.1673,PoseOpt,no,no,201,9383,5463,93,no,no,no,0,0,0,no,no,0.000000,0.000000,0.000,1.383,5.359,0.054,7.790
1623,1403715354.412143,75.600000,OK,OK,MM,no,355,487,0,487,86,401,0.1766,PoseOpt,no,no,201,9383,5463,93,no,no,no,0,0,0,no,no,0.000000,0.000000,0.000,1.514,4.544,0.054,7.155
1624,1403715354.462143,75.650000,OK,OK,MM,no,339,497,0,497,76,421,0.1529,PoseOpt,no,no,201,9383,5463,93,no,no,no,0,0,0,no,no,0.000000,0.000000,0.000,1.413,4.456,0.039,8.058
1625,1403715354.512143,75.700000,OK,OK,MM,no,360,498,0,498,86,412,0.1727,PoseOpt,no,no,201,9382,5439,92,yes,no,no,0,0,0,no,no,0.000000,0.000000,0.000,1.356,7.691,0.021,9.692
1626,1403715354.562143,75.750000,OK,OK,MM,no,354,506,0,506,88,418,0.1739,PoseOpt,yes,yes,200,9361,5395,90,no,no,no,0,0,0,no,no,0.000000,0.000000,0.000,1.282,3.578,0.022,5.436
1627,1403715354.612143,75.800000,OK,OK,MM,no,363,548,0,548,89,459,0.1624,PoseOpt,no,no,201,9392,5472,93,no,no,no,0,0,0,no,no,0.000000,0.000000,0.000,1.403,3.655,0.026,5.662
1628,1403715354.662143,75.850000,OK,OK,MM,no,387,536,0,536,78,458,0.1455,PoseOpt,no,no,201,9392,5449,92,no,no,no,0,0,0,no,no,0.000000,0.000000,0.000,1.602,3.859,0.026,6.068
1629,1403715354.712143,75.900000,OK,OK,MM,no,390,533,0,533,80,453,0.1501,PoseOpt,no,no,201,9392,5472,93,no,no,no,0,0,0,no,no,0.000000,0.000000,0.000,1.407,4.081,0.034,6.191
1630,1403715354.762143,75.950000,OK,OK,MM,no,389,520,0,520,79,441,0.1519,PoseOpt,no,no,201,9392,5472,93,no,no,no,0,0,0,no,no,0.000000,0.000000,0.000,1.440,3.606,0.028,5.602
1631,1403715354.812143,76.000000,OK,OK,MM,no,367,528,0,528,93,435,0.1761,PoseOpt,no,no,201,9392,5449,92,no,no,no,0,0,0,no,no,0.000000,0.000000,0.000,1.359,4.636,0.031,6.608
1632,1403715354.862143,76.050000,OK,OK,MM,no,377,531,0,531,82,449,0.1544,PoseOpt,no,no,201,9390,5447,92,yes,no,no,0,0,0,no,no,0.000000,0.000000,0.000,1.456,3.773,0.024,5.860
1633,1403715354.912143,76.100000,OK,OK,MM,no,372,496,0,496,68,428,0.1371,PoseOpt,yes,yes,201,9390,5424,91,no,no,no,0,0,0,no,no,0.000000,0.000000,0.000,1.489,3.799,0.026,5.936
1634,1403715354.962143,76.150000,OK,OK,MM,no,350,530,0,530,72,458,0.1358,PoseOpt,no,no,202,9427,5461,92,no,no,no,0,0,0,no,no,0.000000,0.000000,0.000,2.027,4.469,0.024,7.086
1635,1403715355.012143,76.200000,OK,OK,MM,no,361,537,0,537,88,449,0.1639,PoseOpt,no,no,202,9427,5507,94,no,no,no,0,0,0,no,no,0.000000,0.000000,0.000,1.422,3.712,0.026,5.737
1636,1403715355.062143,76.250000,OK,OK,MM,no,370,509,0,509,76,433,0.1493,PoseOpt,no,no,202,9427,5484,93,no,no,no,0,0,0,no,no,0.000000,0.000000,0.000,1.518,4.114,0.035,6.346
1637,1403715355.112143,76.300000,OK,OK,MM,no,354,476,0,476,81,395,0.1702,PoseOpt,no,no,202,9427,5484,93,no,no,no,0,0,0,no,no,0.000000,0.000000,0.000,1.363,3.655,0.040,6.378
1638,1403715355.162143,76.350000,OK,OK,MM,no,318,445,0,445,69,376,0.1551,PoseOpt,no,no,202,9427,5437,92,yes,no,no,0,0,0,no,no,0.000000,0.000000,0.000,1.283,3.405,0.026,6.082
1639,1403715355.212143,76.400000,OK,OK,MM,no,298,427,0,427,69,358,0.1616,PoseOpt,no,no,199,9382,5434,90,no,no,no,0,0,0,no,no,0.000000,0.000000,0.000,1.200,3.382,0.025,5.191
1640,1403715355.262143,76.450000,OK,OK,MM,no,306,434,0,434,81,353,0.1866,PoseOpt,yes,yes,199,9382,5392,89,no,no,no,0,0,0,no,no,0.000000,0.000000,0.000,1.136,3.440,0.023,5.151
1641,1403715355.312143,76.500000,OK,OK,MM,no,281,471,0,471,92,379,0.1953,PoseOpt,no,no,200,9388,5398,90,no,no,no,0,0,0,no,no,0.000000,0.000000,0.000,1.043,3.302,0.023,4.925
1642,1403715355.362143,76.550000,OK,OK,MM,no,307,434,0,434,83,351,0.1912,PoseOpt,no,no,200,9388,5375,89,no,no,no,0,0,0,no,no,0.000000,0.000000,0.000,1.119,3.380,0.024,5.055
1643,1403715355.412143,76.600000,OK,OK,MM,no,261,385,0,385,74,311,0.1922,PoseOpt,no,no,200,9388,5375,89,no,no,no,0,0,0,no,no,0.000000,0.000000,0.000,1.047,3.387,0.027,5.059
1644,1403715355.462143,76.650000,OK,OK,MM,no,251,374,0,374,77,297,0.2059,PoseOpt,no,no,200,9388,5445,91,no,no,no,0,0,0,no,no,0.000000,0.000000,0.000,1.037,3.329,0.024,4.976
1645,1403715355.512143,76.700000,OK,OK,MM,no,230,344,0,344,61,283,0.1773,PoseOpt,no,no,200,9388,5205,86,no,no,no,0,0,0,no,no,0.000000,0.000000,0.000,1.030,3.181,0.025,4.763
1646,1403715355.562143,76.750000,OK,OK,MM,no,220,358,0,358,71,287,0.1983,PoseOpt,no,no,199,9369,5186,85,yes,no,no,0,0,0,no,no,0.000000,0.000000,0.000,0.819,2.656,0.023,4.000
1647,1403715355.612143,76.800000,OK,OK,MM,no,234,348,0,348,73,275,0.2098,PoseOpt,yes,yes,199,9369,5172,84,no,no,no,0,0,0,no,no,0.000000,0.000000,0.000,0.836,2.796,0.024,4.243
1648,1403715355.662143,76.850000,OK,OK,MM,no,226,375,0,375,72,303,0.1920,PoseOpt,no,no,200,9387,5178,85,no,no,no,0,0,0,no,no,0.000000,0.000000,0.000,0.799,2.850,0.019,4.168
1649,1403715355.712143,76.900000,OK,OK,MM,no,258,350,0,350,63,287,0.1800,PoseOpt,no,no,200,9387,5150,84,no,no,no,0,0,0,no,no,0.000000,0.000000,0.000,0.962,3.277,0.021,4.812
1650,1403715355.762143,76.950000,OK,OK,MM,no,232,344,0,344,64,280,0.1860,PoseOpt,no,no,200,9387,5185,85,no,no,no,0,0,0,no,no,0.000000,0.000000,0.000,1.445,3.488,0.020,6.880
1651,1403715355.812143,77.000000,OK,OK,MM,no,224,349,0,349,82,267,0.2350,PoseOpt,no,no,200,9387,5190,85,no,no,no,0,0,0,no,no,0.000000,0.000000,0.000,0.855,2.697,0.020,4.046
1652,1403715355.862143,77.050000,OK,OK,MM,no,224,338,0,338,70,268,0.2071,PoseOpt,no,no,200,9385,5029,81,yes,no,no,0,0,0,no,no,0.000000,0.000000,0.000,0.808,2.528,0.017,3.829
1653,1403715355.912143,77.100000,OK,OK,MM,no,234,318,0,318,58,260,0.1824,PoseOpt,yes,yes,200,9385,5029,81,no,no,no,0,0,0,no,no,0.000000,0.000000,0.000,0.830,2.900,0.026,4.322
1654,1403715355.962143,77.150000,OK,OK,MM,no,220,387,0,387,73,314,0.1886,PoseOpt,no,no,201,9426,5217,86,no,no,no,0,0,0,no,no,0.000000,0.000000,0.000,0.870,2.942,0.018,4.310
1655,1403715356.012143,77.200000,OK,OK,MM,no,260,375,0,375,64,311,0.1707,PoseOpt,no,no,201,9426,5036,81,no,no,no,0,0,0,no,no,0.000000,0.000000,0.000,0.952,2.880,0.019,4.361
1656,1403715356.062143,77.250000,OK,OK,MM,no,268,371,0,371,67,304,0.1806,PoseOpt,no,no,201,9426,5198,85,no,no,no,0,0,0,no,no,0.000000,0.000000,0.000,0.982,3.759,0.028,5.453
1657,1403715356.112143,77.300000,OK,OK,MM,no,250,367,0,367,64,303,0.1744,PoseOpt,no,no,201,9424,5227,86,yes,no,no,0,0,0,no,no,0.000000,0.000000,0.000,1.044,3.231,0.019,4.946
1658,1403715356.162143,77.350000,OK,OK,MM,no,248,371,0,371,58,313,0.1563,PoseOpt,no,no,200,9408,5043,81,no,no,no,0,0,0,no,no,0.000000,0.000000,0.000,0.902,2.774,0.017,4.176
1659,1403715356.212143,77.400000,OK,OK,MM,no,262,352,0,352,66,286,0.1875,PoseOpt,yes,yes,200,9408,5043,81,no,no,no,0,0,0,no,no,0.000000,0.000000,0.000,0.922,2.597,0.017,3.989
1660,1403715356.262143,77.450000,OK,OK,MM,no,260,388,0,388,72,316,0.1856,PoseOpt,no,no,201,9432,5089,84,no,no,no,0,0,0,no,no,0.000000,0.000000,0.000,0.918,2.743,0.019,4.157
1661,1403715356.312143,77.500000,OK,OK,MM,no,283,385,0,385,70,315,0.1818,PoseOpt,no,no,201,9432,5075,83,no,no,no,0,0,0,no,no,0.000000,0.000000,0.000,1.003,2.794,0.020,4.383
1662,1403715356.362143,77.550000,OK,OK,MM,no,273,357,0,357,60,297,0.1681,PoseOpt,no,no,201,9432,5075,83,no,no,no,0,0,0,no,no,0.000000,0.000000,0.000,0.991,2.705,0.018,4.253
1663,1403715356.412143,77.600000,OK,OK,MM,no,262,379,0,379,76,303,0.2005,PoseOpt,no,no,201,9432,5075,83,no,no,no,0,0,0,no,no,0.000000,0.000000,0.000,0.915,3.146,0.022,4.674
1664,1403715356.462143,77.650000,OK,OK,MM,no,248,374,0,374,58,316,0.1551,PoseOpt,no,no,201,9432,5075,83,yes,no,no,0,0,0,no,no,0.000000,0.000000,0.000,0.891,3.753,0.017,5.169
1665,1403715356.512143,77.700000,OK,OK,MM,no,266,370,0,370,74,296,0.2000,PoseOpt,yes,yes,201,9432,5116,83,no,no,no,0,0,0,no,no,0.000000,0.000000,0.000,1.023,2.781,0.017,4.331
1666,1403715356.562143,77.750000,OK,OK,MM,no,258,429,0,429,69,360,0.1608,PoseOpt,no,no,202,9478,5162,84,no,no,no,0,0,0,no,no,0.000000,0.000000,0.000,0.914,2.943,0.020,4.391
1667,1403715356.612143,77.800000,OK,OK,MM,no,318,396,0,396,64,332,0.1616,PoseOpt,no,no,202,9478,5176,84,no,no,no,0,0,0,no,no,0.000000,0.000000,0.000,1.072,2.838,0.021,4.449
1668,1403715356.662143,77.850000,OK,OK,MM,no,280,401,0,401,68,333,0.1696,PoseOpt,no,no,202,9478,4970,81,no,no,no,0,0,0,no,no,0.000000,0.000000,0.000,1.008,2.999,0.022,4.620
1669,1403715356.712143,77.900000,OK,OK,MM,no,297,386,0,386,52,334,0.1347,PoseOpt,no,no,202,9476,4968,81,yes,no,no,0,0,0,no,no,0.000000,0.000000,0.000,1.037,3.009,0.019,4.591
1670,1403715356.762143,77.950000,OK,OK,MM,no,276,375,0,375,57,318,0.1520,PoseOpt,yes,yes,202,9476,4940,78,no,no,no,0,0,0,no,no,0.000000,0.000000,0.000,1.056,2.788,0.018,4.372
1671,1403715356.812143,78.000000,OK,OK,MM,no,266,423,0,423,62,361,0.1466,PoseOpt,no,no,203,9524,4988,79,no,no,no,0,0,0,no,no,0.000000,0.000000,0.000,0.959,2.807,0.020,4.259
1672,1403715356.862143,78.050000,OK,OK,MM,no,302,405,0,405,60,345,0.1481,PoseOpt,no,no,203,9524,5023,81,no,no,no,0,0,0,no,no,0.000000,0.000000,0.000,1.088,2.734,0.022,4.397
1673,1403715356.912143,78.100000,OK,OK,MM,no,297,380,0,380,51,329,0.1342,PoseOpt,no,no,203,9524,4988,79,no,no,no,0,0,0,no,no,0.000000,0.000000,0.000,1.119,3.031,0.026,4.708
1674,1403715356.962143,78.150000,OK,OK,MM,no,279,366,0,366,60,306,0.1639,PoseOpt,no,no,203,9524,4988,79,no,no,no,0,0,0,no,no,0.000000,0.000000,0.000,1.058,2.784,0.021,4.341
1675,1403715357.012143,78.200000,OK,OK,MM,no,264,354,0,354,46,308,0.1299,PoseOpt,no,no,203,9523,4957,78,yes,no,no,0,0,0,no,no,0.000000,0.000000,0.000,0.981,3.138,0.021,4.675
1676,1403715357.062143,78.250000,OK,OK,MM,no,269,310,0,310,46,264,0.1484,PoseOpt,yes,yes,203,9523,4724,74,no,no,no,0,0,0,no,no,0.000000,0.000000,0.000,0.901,2.245,0.020,3.597
1677,1403715357.112143,78.300000,OK,OK,MM,no,233,347,0,347,50,297,0.1441,PoseOpt,no,no,204,9544,4673,74,no,no,no,0,0,0,no,no,0.000000,0.000000,0.000,0.851,2.410,0.017,3.754
1678,1403715357.162143,78.350000,OK,OK,MM,no,254,340,0,340,54,286,0.1588,PoseOpt,no,no,204,9544,4745,75,no,no,no,0,0,0,no,no,0.000000,0.000000,0.000,1.388,3.241,0.018,6.573
1679,1403715357.212143,78.400000,OK,OK,MM,no,250,313,0,313,44,269,0.1406,PoseOpt,no,no,204,9544,4673,74,no,no,no,0,0,0,no,no,0.000000,0.000000,0.000,0.903,2.328,0.017,3.687
1680,1403715357.262143,78.450000,OK,OK,MM,no,232,321,0,321,46,275,0.1433,PoseOpt,yes,yes,203,9522,4514,72,yes,no,no,0,0,0,no,no,0.000000,0.000000,0.000,0.882,2.059,0.015,3.347
1681,1403715357.312143,78.500000,OK,OK,MM,no,239,350,0,350,48,302,0.1371,PoseOpt,no,no,204,9543,4535,73,no,no,no,0,0,0,no,no,0.000000,0.000000,0.000,0.931,2.312,0.021,3.642
1682,1403715357.362143,78.550000,OK,OK,MM,no,269,348,0,348,42,306,0.1207,PoseOpt,no,no,204,9543,4535,73,no,no,no,0,0,0,no,no,0.000000,0.000000,0.000,0.976,2.341,0.017,3.719
1683,1403715357.412143,78.600000,OK,OK,MM,no,268,326,0,326,44,282,0.1350,PoseOpt,no,no,204,9543,4535,73,no,no,no,0,0,0,no,no,0.000000,0.000000,0.000,1.023,2.345,0.018,3.757
1684,1403715357.462143,78.650000,OK,OK,MM,no,249,323,0,323,47,276,0.1455,PoseOpt,yes,yes,204,9543,4535,73,yes,no,no,0,0,0,no,no,0.000000,0.000000,0.000,0.876,2.048,0.016,3.334
1685,1403715357.512143,78.700000,OK,OK,MM,no,242,381,0,381,44,337,0.1155,PoseOpt,no,no,205,9609,4601,74,no,no,no,0,0,0,no,no,0.000000,0.000000,0.000,0.847,2.461,0.019,3.710
1686,1403715357.562143,78.750000,OK,OK,MM,no,296,387,0,387,62,325,0.1602,PoseOpt,no,no,205,9609,4601,74,no,no,no,0,0,0,no,no,0.000000,0.000000,0.000,1.079,2.551,0.020,4.056
1687,1403715357.612143,78.800000,OK,OK,MM,no,285,395,0,395,62,333,0.1570,PoseOpt,no,no,205,9609,4601,74,no,no,no,0,0,0,no,no,0.000000,0.000000,0.000,1.079,2.708,0.020,4.280
1688,1403715357.662143,78.850000,OK,OK,MM,no,291,364,0,364,57,307,0.1566,PoseOpt,no,no,204,9591,4583,73,yes,no,no,0,0,0,no,no,0.000000,0.000000,0.000,1.045,2.301,0.018,3.735
1689,1403715357.712143,78.900000,OK,OK,MM,no,274,369,0,369,64,305,0.1734,PoseOpt,yes,yes,204,9591,4583,73,no,no,no,0,0,0,no,no,0.000000,0.000000,0.000,0.983,2.276,0.018,3.697
1690,1403715357.762143,78.950000,OK,OK,MM,no,258,391,0,391,63,328,0.1611,PoseOpt,no,no,205,9633,4395,68,no,no,no,0,0,0,no,no,0.000000,0.000000,0.000,0.961,2.259,0.019,3.604
1691,1403715357.812143,79.000000,OK,OK,MM,no,292,370,0,370,49,321,0.1324,PoseOpt,no,no,205,9633,4395,68,no,no,no,0,0,0,no,no,0.000000,0.000000,0.000,1.116,2.608,0.025,4.191
1692,1403715357.862143,79.050000,OK,OK,MM,no,277,375,0,375,64,311,0.1707,PoseOpt,no,no,205,9633,4336,67,no,no,no,0,0,0,no,no,0.000000,0.000000,0.000,1.080,2.565,0.023,4.131
1693,1403715357.912143,79.100000,OK,OK,MM,no,267,364,0,364,55,309,0.1511,PoseOpt,no,no,205,9631,4393,68,yes,no,no,0,0,0,no,no,0.000000,0.000000,0.000,0.954,2.143,0.021,5.038
1694,1403715357.962143,79.150000,OK,OK,MM,no,275,365,0,365,57,308,0.1562,PoseOpt,yes,yes,205,9631,4327,67,no,no,no,0,0,0,no,no,0.000000,0.000000,0.000,0.966,2.255,0.019,5.055
1695,1403715358.012143,79.200000,OK,OK,MM,no,269,381,0,381,52,329,0.1365,PoseOpt,no,no,206,9634,4330,68,no,no,no,0,0,0,no,no,0.000000,0.000000,0.000,1.007,2.306,0.019,3.713
1696,1403715358.062143,79.250000,OK,OK,MM,no,302,378,0,378,42,336,0.1111,PoseOpt,no,no,206,9634,4396,69,no,no,no,0,0,0,no,no,0.000000,0.000000,0.000,1.032,2.487,0.023,3.993
1697,1403715358.112143,79.300000,OK,OK,MM,no,285,361,0,361,48,313,0.1330,PoseOpt,no,no,206,9634,4396,69,no,no,no,0,0,0,no,no,0.000000,0.000000,0.000,1.149,2.432,0.018,3.973
1698,1403715358.162143,79.350000,OK,OK,MM,no,274,361,0,361,51,310,0.1413,PoseOpt,yes,yes,206,9634,4330,68,yes,no,no,0,0,0,no,no,0.000000,0.000000,0.000,1.002,2.098,0.017,3.483
1699,1403715358.212143,79.400000,OK,OK,MM,no,279,413,0,413,50,363,0.1211,PoseOpt,no,no,207,9664,4360,69,no,no,no,0,0,0,no,no,0.000000,0.000000,0.000,1.020,2.334,0.019,3.739
1700,1403715358.262143,79.450000,OK,OK,MM,no,322,394,0,394,65,329,0.1650,PoseOpt,no,no,207,9664,4426,70,no,no,no,0,0,0,no,no,0.000000,0.000000,0.000,1.155,2.797,0.022,4.375
1701,1403715358.312143,79.500000,OK,OK,MM,no,293,387,0,387,48,339,0.1240,PoseOpt,no,no,207,9664,4426,70,yes,no,no,0,0,0,no,no,0.000000,0.000000,0.000,1.042,2.472,0.017,3.912
1702,1403715358.362143,79.550000,OK,OK,MM,no,308,381,0,381,42,339,0.1102,PoseOpt,no,no,206,9641,4403,69,no,no,no,0,0,0,no,no,0.000000,0.000000,0.000,1.090,2.212,0.018,3.663
1703,1403715358.412143,79.600000,OK,OK,MM,no,306,377,0,377,50,327,0.1326,PoseOpt,yes,yes,206,9641,4230,66,no,no,no,0,0,0,no,no,0.000000,0.000000,0.000,1.157,2.058,0.017,3.577
1704,1403715358.462143,79.650000,OK,OK,MM,no,284,398,0,398,48,350,0.1206,PoseOpt,no,no,207,9683,4272,67,no,no,no,0,0,0,no,no,0.000000,0.000000,0.000,1.065,2.371,0.021,3.827
1705,1403715358.512143,79.700000,OK,OK,MM,no,293,383,0,383,46,337,0.1201,PoseOpt,no,no,207,9683,4343,68,no,no,no,0,0,0,no,no,0.000000,0.000000,0.000,1.238,2.459,0.022,4.107
1706,1403715358.562143,79.750000,OK,OK,MM,no,297,371,0,371,41,330,0.1105,PoseOpt,no,no,207,9683,4272,67,yes,no,no,0,0,0,no,no,0.000000,0.000000,0.000,1.068,2.240,0.020,3.790
1707,1403715358.612143,79.800000,OK,OK,MM,no,278,331,0,331,36,295,0.1088,PoseOpt,yes,yes,207,9683,4213,66,no,no,no,0,0,0,no,no,0.000000,0.000000,0.000,1.020,2.123,0.019,3.971
1708,1403715358.662143,79.850000,OK,OK,MM,no,253,335,0,335,32,303,0.0955,PoseOpt,no,no,208,9700,4127,65,no,no,no,0,0,0,no,no,0.000000,0.000000,0.000,1.012,2.169,0.018,4.842
1709,1403715358.712143,79.900000,OK,OK,MM,no,254,284,0,284,27,257,0.0951,PoseOpt,no,no,208,9700,4127,65,no,no,no,0,0,0,no,no,0.000000,0.000000,0.000,0.990,2.101,0.019,3.486
1710,1403715358.762143,79.950000,OK,OK,MM,no,231,279,0,279,27,252,0.0968,PoseOpt,no,no,208,9699,4126,65,yes,no,no,0,0,0,no,no,0.000000,0.000000,0.000,0.855,2.038,0.017,3.268
1711,1403715358.812143,80.000000,OK,OK,MM,no,229,276,0,276,36,240,0.1304,PoseOpt,yes,yes,207,9675,4102,64,no,no,no,0,0,0,no,no,0.000000,0.000000,0.000,0.843,2.022,0.018,3.276
1712,1403715358.862143,80.050000,OK,OK,MM,no,211,324,0,324,39,285,0.1204,PoseOpt,no,no,208,9736,4163,65,no,no,no,0,0,0,no,no,0.000000,0.000000,0.000,0.840,2.171,0.017,3.399
1713,1403715358.912143,80.100000,OK,OK,MM,no,246,308,0,308,43,265,0.1396,PoseOpt,no,no,208,9736,4163,65,no,no,no,0,0,0,no,no,0.000000,0.000000,0.000,0.920,2.023,0.017,3.331
1714,1403715358.962143,80.150000,OK,OK,MM,no,240,312,0,312,33,279,0.1058,PoseOpt,no,no,208,9736,4156,64,yes,no,no,0,0,0,no,no,0.000000,0.000000,0.000,0.904,3.964,0.016,5.247
1715,1403715359.012143,80.200000,OK,OK,MM,no,255,294,0,294,32,262,0.1088,PoseOpt,yes,yes,208,9736,4156,64,no,no,no,0,0,0,no,no,0.000000,0.000000,0.000,0.969,2.023,0.016,3.378
1716,1403715359.062143,80.250000,OK,OK,MM,no,230,349,0,349,38,311,0.1089,PoseOpt,no,no,209,9793,4213,65,no,no,no,0,0,0,no,no,0.000000,0.000000,0.000,0.876,2.247,0.018,3.532
1717,1403715359.112143,80.300000,OK,OK,MM,no,276,331,0,331,44,287,0.1329,PoseOpt,no,no,209,9793,4220,66,no,no,no,0,0,0,no,no,0.000000,0.000000,0.000,1.063,2.269,0.018,3.729
1718,1403715359.162143,80.350000,OK,OK,MM,no,264,341,0,341,35,306,0.1026,PoseOpt,no,no,209,9792,4219,66,yes,no,no,0,0,0,no,no,0.000000,0.000000,0.000,0.987,2.107,0.016,3.447
1719,1403715359.212143,80.400000,OK,OK,MM,no,270,332,0,332,39,293,0.1175,PoseOpt,yes,yes,209,9792,4219,66,no,no,no,0,0,0,no,no,0.000000,0.000000,0.000,0.920,2.013,0.016,3.325
1720,1403715359.262143,80.450000,OK,OK,MM,no,277,371,0,371,42,329,0.1132,PoseOpt,no,no,210,9848,4275,67,no,no,no,0,0,0,no,no,0.000000,0.000000,0.000,0.933,2.265,0.019,3.574
1721,1403715359.312143,80.500000,OK,OK,MM,no,294,352,0,352,51,301,0.1449,PoseOpt,no,no,210,9848,4275,67,no,no,no,0,0,0,no,no,0.000000,0.000000,0.000,1.040,2.263,0.020,3.957
1722,1403715359.362143,80.550000,OK,OK,MM,no,278,367,0,367,38,329,0.1035,PoseOpt,no,no,210,9848,4275,67,yes,no,no,0,0,0,no,no,0.000000,0.000000,0.000,0.963,3.586,0.017,4.930
1723,1403715359.412143,80.600000,OK,OK,MM,no,293,352,0,352,41,311,0.1165,PoseOpt,yes,yes,209,9830,4257,66,no,no,no,0,0,0,no,no,0.000000,0.000000,0.000,1.023,2.060,0.017,3.456
1724,1403715359.462143,80.650000,OK,OK,MM,no,277,347,0,347,41,306,0.1182,PoseOpt,no,no,210,9857,4277,66,no,no,no,0,0,0,no,no,0.000000,0.000000,0.000,0.952,2.129,0.018,3.447
1725,1403715359.512143,80.700000,OK,OK,MM,no,274,364,0,364,42,322,0.1154,PoseOpt,no,no,210,9857,4274,65,no,no,no,0,0,0,no,no,0.000000,0.000000,0.000,0.969,2.328,0.019,3.677
1726,1403715359.562143,80.750000,OK,OK,MM,no,300,344,0,344,34,310,0.0988,PoseOpt,no,no,210,9857,4284,67,yes,no,no,0,0,0,no,no,0.000000,0.000000,0.000,0.965,1.943,0.017,3.249
1727,1403715359.612143,80.800000,OK,OK,MM,no,282,345,0,345,43,302,0.1246,PoseOpt,yes,yes,210,9857,4277,66,no,no,no,0,0,0,no,no,0.000000,0.000000,0.000,0.988,2.617,0.033,4.136
1728,1403715359.662143,80.850000,OK,OK,MM,no,277,367,0,367,41,326,0.1117,PoseOpt,no,no,211,9882,4302,67,no,no,no,0,0,0,no,no,0.000000,0.000000,0.000,1.012,2.158,0.017,3.524
1729,1403715359.712143,80.900000,OK,OK,MM,no,288,336,0,336,44,292,0.1310,PoseOpt,no,no,211,9882,4302,67,no,no,no,0,0,0,no,no,0.000000,0.000000,0.000,0.976,2.254,0.020,3.629
1730,1403715359.762143,80.950000,OK,OK,MM,no,263,343,0,343,37,306,0.1079,PoseOpt,no,no,211,9882,4302,67,yes,no,no,0,0,0,no,no,0.000000,0.000000,0.000,0.931,2.179,0.018,3.476
1731,1403715359.812143,81.000000,OK,OK,MM,no,274,328,0,328,41,287,0.1250,PoseOpt,yes,yes,211,9882,4302,67,no,no,no,0,0,0,no,no,0.000000,0.000000,0.000,0.941,2.234,0.019,3.559
1732,1403715359.862143,81.050000,OK,OK,MM,no,260,371,0,371,51,320,0.1375,PoseOpt,no,no,212,9941,4361,68,no,no,no,0,0,0,no,no,0.000000,0.000000,0.000,0.874,2.172,0.019,3.404
1733,1403715359.912143,81.100000,OK,OK,MM,no,290,359,0,359,54,305,0.1504,PoseOpt,no,no,212,9941,4361,68,no,no,no,0,0,0,no,no,0.000000,0.000000,0.000,0.999,2.224,0.020,3.591
1734,1403715359.962143,81.150000,OK,OK,MM,no,273,332,0,332,39,293,0.1175,PoseOpt,no,no,212,9941,4361,68,yes,no,no,0,0,0,no,no,0.000000,0.000000,0.000,0.991,1.961,0.018,3.288
1735,1403715360.012143,81.200000,OK,OK,MM,no,266,318,0,318,52,266,0.1635,PoseOpt,yes,yes,212,9941,4361,68,no,no,no,0,0,0,no,no,0.000000,0.000000,0.000,1.005,2.019,0.019,4.542
1736,1403715360.062143,81.250000,OK,OK,MM,no,237,320,0,320,47,273,0.1469,PoseOpt,no,no,213,9965,4361,66,no,no,no,0,0,0,no,no,0.000000,0.000000,0.000,0.809,2.041,1.345,4.539
1737,1403715360.112143,81.300000,OK,OK,MM,no,240,303,0,303,36,267,0.1188,PoseOpt,no,no,213,9965,4361,66,no,no,no,0,0,0,no,no,0.000000,0.000000,0.000,0.882,2.302,0.020,3.571
1738,1403715360.162143,81.350000,OK,OK,MM,no,245,306,0,306,43,263,0.1405,PoseOpt,yes,yes,213,9965,4319,65,yes,no,no,0,0,0,no,no,0.000000,0.000000,0.000,0.790,1.918,0.016,3.080
1739,1403715360.212143,81.400000,OK,OK,MM,no,230,340,0,340,47,293,0.1382,PoseOpt,no,no,214,10023,4377,66,no,no,no,0,0,0,no,no,0.000000,0.000000,0.000,0.812,2.216,0.017,3.427
1740,1403715360.262143,81.450000,OK,OK,MM,no,254,351,0,351,59,292,0.1681,PoseOpt,no,no,214,10023,4377,66,no,no,no,0,0,0,no,no,0.000000,0.000000,0.000,0.862,2.408,0.018,3.668
1741,1403715360.312143,81.500000,OK,OK,MM,no,254,336,0,336,40,296,0.1190,PoseOpt,yes,yes,213,10007,4361,65,yes,no,no,0,0,0,no,no,0.000000,0.000000,0.000,0.872,2.075,0.017,3.328
1742,1403715360.362143,81.550000,OK,OK,MM,no,239,375,0,375,54,321,0.1440,PoseOpt,no,no,214,10053,4368,65,no,no,no,0,0,0,no,no,0.000000,0.000000,0.000,0.891,2.311,0.023,3.742
1743,1403715360.412143,81.600000,OK,OK,MM,no,274,338,0,338,46,292,0.1361,PoseOpt,no,no,214,10053,4368,65,no,no,no,0,0,0,no,no,0.000000,0.000000,0.000,1.001,2.250,0.020,3.629
1744,1403715360.462143,81.650000,OK,OK,MM,no,249,340,0,340,58,282,0.1706,PoseOpt,no,no,214,10051,4366,65,yes,no,no,0,0,0,no,no,0.000000,0.000000,0.000,0.909,2.260,0.018,3.585
1745,1403715360.512143,81.700000,OK,OK,MM,no,237,331,0,331,67,264,0.2024,PoseOpt,yes,yes,214,10051,4366,65,no,no,no,0,0,0,no,no,0.000000,0.000000,0.000,0.803,1.953,0.023,3.143
1746,1403715360.562143,81.750000,OK,OK,MM,no,235,370,0,370,55,315,0.1486,PoseOpt,no,no,215,10078,4474,68,no,no,no,0,0,0,no,no,0.000000,0.000000,0.000,0.838,2.203,0.018,3.409
1747,1403715360.612143,81.800000,OK,OK,MM,no,277,365,0,365,57,308,0.1562,PoseOpt,no,no,215,10077,4497,71,yes,no,no,0,0,0,no,no,0.000000,0.000000,0.000,1.053,2.306,0.018,3.781
1748,1403715360.662143,81.850000,OK,OK,MM,no,266,337,0,337,54,283,0.1602,PoseOpt,yes,yes,215,10077,4494,70,no,no,no,0,0,0,no,no,0.000000,0.000000,0.000,0.927,2.092,0.017,3.407
1749,1403715360.712143,81.900000,OK,OK,MM,no,244,381,0,381,63,318,0.1654,PoseOpt,no,no,216,10109,4529,72,no,no,no,0,0,0,no,no,0.000000,0.000000,0.000,0.860,2.214,0.017,3.461
1750,1403715360.762143,81.950000,OK,OK,MM,no,272,350,0,350,61,289,0.1743,PoseOpt,no,no,216,10109,4529,72,no,no,no,0,0,0,no,no,0.000000,0.000000,0.000,1.009,2.320,0.018,4.206
1751,1403715360.812143,82.000000,OK,OK,MM,no,244,337,0,337,52,285,0.1543,PoseOpt,yes,yes,216,10109,4529,72,yes,no,no,0,0,0,no,no,0.000000,0.000000,0.000,0.824,2.089,0.019,4.539
1752,1403715360.862143,82.050000,OK,OK,MM,no,251,356,0,356,45,311,0.1264,PoseOpt,no,no,217,10111,4531,73,no,no,no,0,0,0,no,no,0.000000,0.000000,0.000,0.805,2.291,0.018,3.482
1753,1403715360.912143,82.100000,OK,OK,MM,no,276,348,0,348,46,302,0.1322,PoseOpt,no,no,217,10111,4538,74,no,no,no,0,0,0,no,no,0.000000,0.000000,0.000,0.926,2.292,0.019,3.623
1754,1403715360.962143,82.150000,OK,OK,MM,no,265,331,0,331,49,282,0.1480,PoseOpt,no,no,217,10111,4538,74,yes,no,no,0,0,0,no,no,0.000000,0.000000,0.000,0.852,2.218,0.017,3.441
1755,1403715361.012143,82.200000,OK,OK,MM,no,257,367,0,367,65,302,0.1771,PoseOpt,yes,yes,217,10111,4538,74,no,no,no,0,0,0,no,no,0.000000,0.000000,0.000,0.905,2.309,0.016,3.599
1756,1403715361.062143,82.250000,OK,OK,MM,no,263,351,0,351,52,299,0.1481,PoseOpt,no,no,218,10112,4539,75,no,no,no,0,0,0,no,no,0.000000,0.000000,0.000,0.842,2.259,0.019,3.470
1757,1403715361.112143,82.300000,OK,OK,MM,no,265,378,0,378,57,321,0.1508,PoseOpt,no,no,218,10112,4539,75,no,no,no,0,0,0,no,no,0.000000,0.000000,0.000,0.919,2.629,0.023,3.978
1758,1403715361.162143,82.350000,OK,OK,MM,no,278,347,0,347,47,300,0.1354,PoseOpt,no,no,218,10112,4539,75,yes,no,no,0,0,0,no,no,0.000000,0.000000,0.000,0.909,2.424,0.021,3.759
1759,1403715361.212143,82.400000,OK,OK,MM,no,263,347,0,347,47,300,0.1354,PoseOpt,yes,yes,218,10112,4539,75,no,no,no,0,0,0,no,no,0.000000,0.000000,0.000,0.917,2.440,0.018,3.762
1760,1403715361.262143,82.450000,OK,OK,MM,no,252,336,0,336,44,292,0.1310,PoseOpt,no,no,219,10144,4571,76,no,no,no,0,0,0,no,no,0.000000,0.000000,0.000,0.865,2.373,0.018,3.626
1761,1403715361.312143,82.500000,OK,OK,MM,no,250,352,0,352,56,296,0.1591,PoseOpt,no,no,219,10144,4571,76,no,no,no,0,0,0,no,no,0.000000,0.000000,0.000,0.855,2.626,0.021,3.918
1762,1403715361.362143,82.550000,OK,OK,MM,no,267,345,0,345,58,287,0.1681,PoseOpt,no,no,219,10144,4571,76,no,no,no,0,0,0,no,no,0.000000,0.000000,0.000,0.940,2.639,0.020,4.006
1763,1403715361.412143,82.600000,OK,OK,MM,no,220,248,0,248,39,209,0.1573,PoseOpt,no,no,218,10129,4659,77,yes,no,no,0,0,0,no,no,0.000000,0.000000,0.000,0.711,2.040,0.018,3.131
1764,1403715361.462143,82.650000,OK,OK,MM,no,181,242,0,242,41,201,0.1694,PoseOpt,yes,yes,218,10129,4891,81,no,no,no,0,0,0,no,no,0.000000,0.000000,0.000,0.664,2.213,0.024,4.361
1765,1403715361.512143,82.700000,OK,OK,MM,no,181,246,0,246,41,205,0.1667,PoseOpt,no,no,219,10104,4792,81,no,no,no,0,0,0,no,no,0.000000,0.000000,0.000,0.634,2.250,0.013,3.244
1766,1403715361.562143,82.750000,OK,OK,MM,no,177,258,0,258,35,223,0.1357,PoseOpt,no,no,219,10104,4792,81,no,no,no,0,0,0,no,no,0.000000,0.000000,0.000,0.645,2.291,0.012,3.292
1767,1403715361.612143,82.800000,OK,OK,MM,no,193,258,0,258,50,208,0.1938,PoseOpt,no,no,219,10104,4792,81,yes,no,no,0,0,0,no,no,0.000000,0.000000,0.000,0.655,2.049,0.011,3.073
1768,1403715361.662143,82.850000,OK,OK,MM,no,185,256,0,256,45,211,0.1758,PoseOpt,yes,yes,219,10104,4804,81,no,no,no,0,0,0,no,no,0.000000,0.000000,0.000,0.672,2.248,0.012,3.304
1769,1403715361.712143,82.900000,OK,OK,MM,no,181,252,0,252,40,212,0.1587,PoseOpt,no,no,220,10102,4733,81,no,no,no,0,0,0,no,no,0.000000,0.000000,0.000,0.592,2.189,0.014,3.141
1770,1403715361.762143,82.950000,OK,OK,MM,no,184,240,0,240,51,189,0.2125,PoseOpt,no,no,220,10102,4733,81,no,no,no,0,0,0,no,no,0.000000,0.000000,0.000,0.663,2.520,0.019,3.615
1771,1403715361.812143,83.000000,OK,OK,MM,no,164,239,0,239,49,190,0.2050,PoseOpt,no,no,220,10102,4724,81,no,no,no,0,0,0,no,no,0.000000,0.000000,0.000,0.562,2.372,0.015,3.320
1772,1403715361.862143,83.050000,OK,OK,MM,no,168,235,0,235,44,191,0.1872,PoseOpt,no,no,220,10099,4721,81,yes,no,no,0,0,0,no,no,0.000000,0.000000,0.000,0.596,2.203,0.012,3.181
1773,1403715361.912143,83.100000,OK,OK,MM,no,172,225,0,225,35,190,0.1556,PoseOpt,yes,yes,220,10099,4730,81,no,no,no,0,0,0,no,no,0.000000,0.000000,0.000,0.615,2.187,0.012,3.253
1774,1403715361.962143,83.150000,OK,OK,MM,no,166,287,0,287,41,246,0.1429,PoseOpt,no,no,221,10167,4752,81,no,no,no,0,0,0,no,no,0.000000,0.000000,0.000,0.587,2.479,0.015,3.446
1775,1403715362.012143,83.200000,OK,OK,MM,no,222,280,0,280,47,233,0.1679,PoseOpt,no,no,221,10167,4752,81,no,no,no,0,0,0,no,no,0.000000,0.000000,0.000,0.735,2.475,0.015,3.598
1776,1403715362.062143,83.250000,OK,OK,MM,no,206,272,0,272,44,228,0.1618,PoseOpt,no,no,221,10165,4750,81,yes,no,no,0,0,0,no,no,0.000000,0.000000,0.000,0.842,3.007,0.018,4.226
1777,1403715362.112143,83.300000,OK,OK,MM,no,199,257,0,257,38,219,0.1479,PoseOpt,yes,yes,221,10165,4750,81,no,no,no,0,0,0,no,no,0.000000,0.000000,0.000,0.654,2.181,0.015,3.245
1778,1403715362.162143,83.350000,OK,OK,MM,no,197,270,0,270,45,225,0.1667,PoseOpt,no,no,222,10187,4701,81,no,no,no,0,0,0,no,no,0.000000,0.000000,0.000,0.708,4.317,0.015,5.431
1779,1403715362.212143,83.400000,OK,OK,MM,no,200,274,0,274,40,234,0.1460,PoseOpt,no,no,222,10187,4701,81,no,no,no,0,0,0,no,no,0.000000,0.000000,0.000,0.753,2.310,0.015,3.448
1780,1403715362.262143,83.450000,OK,OK,MM,no,207,245,0,245,40,205,0.1633,PoseOpt,no,no,222,10187,4701,81,no,no,no,0,0,0,no,no,0.000000,0.000000,0.000,0.743,2.362,0.015,3.478
1781,1403715362.312143,83.500000,OK,OK,MM,no,179,262,0,262,41,221,0.1565,PoseOpt,no,no,222,10187,4701,81,yes,no,no,0,0,0,no,no,0.000000,0.000000,0.000,0.618,2.314,0.020,3.353
1782,1403715362.362143,83.550000,OK,OK,MM,no,191,253,0,253,41,212,0.1621,PoseOpt,yes,yes,222,10187,4772,82,no,no,no,0,0,0,no,no,0.000000,0.000000,0.000,0.630,2.290,0.013,3.329
1783,1403715362.412143,83.600000,OK,OK,MM,no,188,282,0,282,43,239,0.1525,PoseOpt,no,no,223,10226,4811,83,no,no,no,0,0,0,no,no,0.000000,0.000000,0.000,0.628,2.359,0.017,3.403
1784,1403715362.462143,83.650000,OK,OK,MM,no,204,256,0,256,45,211,0.1758,PoseOpt,no,no,223,10226,4811,83,no,no,no,0,0,0,no,no,0.000000,0.000000,0.000,0.697,2.525,0.022,3.745
1785,1403715362.512143,83.700000,OK,OK,MM,no,184,273,0,273,40,233,0.1465,PoseOpt,no,no,223,10226,5079,89,no,no,no,0,0,0,no,no,0.000000,0.000000,0.000,1.084,3.979,0.015,5.473
1786,1403715362.562143,83.750000,OK,OK,MM,no,197,250,0,250,41,209,0.1640,PoseOpt,yes,yes,223,10225,5043,88,yes,no,no,0,0,0,no,no,0.000000,0.000000,0.000,0.687,2.328,0.015,3.462
1787,1403715362.612143,83.800000,OK,OK,MM,no,176,324,0,324,72,252,0.2222,PoseOpt,no,no,224,10269,5188,91,no,no,no,0,0,0,no,no,0.000000,0.000000,0.000,0.621,2.463,0.016,3.509
1788,1403715362.662143,83.850000,OK,OK,MM,no,220,320,0,320,55,265,0.1719,PoseOpt,no,no,224,10269,5373,93,no,no,no,0,0,0,no,no,0.000000,0.000000,0.000,0.762,2.978,0.017,4.178
1789,1403715362.712143,83.900000,OK,OK,MM,no,219,317,0,317,71,246,0.2240,PoseOpt,no,no,224,10269,5373,93,no,no,no,0,0,0,no,no,0.000000,0.000000,0.000,0.763,3.233,0.021,4.523
1790,1403715362.762143,83.950000,OK,OK,MM,no,210,337,0,337,67,270,0.1988,PoseOpt,no,no,223,10262,5443,94,yes,no,no,0,0,0,no,no,0.000000,0.000000,0.000,0.762,2.561,0.015,4.870
1791,1403715362.812143,84.000000,OK,OK,MM,no,227,318,0,318,71,247,0.2233,PoseOpt,no,no,223,10262,5872,103,no,no,no,0,0,0,no,no,0.000000,0.000000,0.000,0.762,2.723,0.016,5.429
1792,1403715362.862143,84.050000,OK,OK,MM,no,225,319,0,319,72,247,0.2257,PoseOpt,no,no,223,10262,5570,97,no,no,no,0,0,0,no,no,0.000000,0.000000,0.000,0.815,2.793,0.020,4.041
1793,1403715362.912143,84.100000,OK,OK,MM,no,198,318,0,318,75,243,0.2358,PoseOpt,no,no,223,10262,6005,105,no,no,no,0,0,0,no,no,0.000000,0.000000,0.000,0.718,3.018,0.017,4.204
1794,1403715362.962143,84.150000,OK,OK,MM,no,197,303,0,303,88,215,0.2904,PoseOpt,yes,yes,223,10262,5995,106,no,no,no,0,0,0,no,no,0.000000,0.000000,0.000,0.735,2.909,0.015,4.123
1795,1403715363.012143,84.200000,OK,OK,MM,no,173,342,0,342,93,249,0.2719,PoseOpt,no,no,224,10291,6053,108,no,no,no,0,0,0,no,no,0.000000,0.000000,0.000,0.673,2.900,0.018,4.039
1796,1403715363.062143,84.250000,OK,OK,MM,no,210,330,0,330,85,245,0.2576,PoseOpt,no,no,224,10291,6024,107,no,no,no,0,0,0,no,no,0.000000,0.000000,0.000,0.814,3.068,0.019,4.403
1797,1403715363.112143,84.300000,OK,OK,MM,no,209,359,0,359,93,266,0.2591,PoseOpt,no,no,224,10291,5991,107,no,no,no,0,0,0,no,no,0.000000,0.000000,0.000,0.813,3.320,0.019,4.624
1798,1403715363.162143,84.350000,OK,OK,MM,no,224,340,0,340,85,255,0.2500,PoseOpt,no,no,224,10291,5961,106,no,no,no,0,0,0,no,no,0.000000,0.000000,0.000,0.899,3.520,0.024,5.004
1799,1403715363.212143,84.400000,OK,OK,MM,no,204,356,0,356,81,275,0.2275,PoseOpt,no,no,224,10290,6045,108,yes,no,no,0,0,0,no,no,0.000000,0.000000,0.000,1.372,3.218,0.017,6.247
1800,1403715363.262143,84.450000,OK,OK,MM,no,221,354,0,354,90,264,0.2542,PoseOpt,yes,yes,224,10290,6079,109,no,no,no,0,0,0,no,no,0.000000,0.000000,0.000,0.769,2.767,0.016,4.005
1801,1403715363.312143,84.500000,OK,OK,MM,no,210,415,0,415,79,336,0.1904,PoseOpt,no,no,225,10336,6153,111,no,no,no,0,0,0,no,no,0.000000,0.000000,0.000,0.724,3.119,0.021,4.316
1802,1403715363.362143,84.550000,OK,OK,MM,no,271,411,0,411,95,316,0.2311,PoseOpt,no,no,225,10336,6323,114,no,no,no,0,0,0,no,no,0.000000,0.000000,0.000,1.470,3.753,0.020,5.688
1803,1403715363.412143,84.600000,OK,OK,MM,no,265,419,0,419,97,322,0.2315,PoseOpt,no,no,225,10336,6346,115,no,no,no,0,0,0,no,no,0.000000,0.000000,0.000,0.962,3.367,0.023,4.805
1804,1403715363.462143,84.650000,OK,OK,MM,no,260,381,0,381,97,284,0.2546,PoseOpt,no,no,225,10336,6323,114,no,no,no,0,0,0,no,no,0.000000,0.000000,0.000,1.074,3.457,0.022,5.625
1805,1403715363.512143,84.700000,OK,OK,MM,no,241,419,0,419,109,310,0.2601,PoseOpt,no,no,225,10336,6323,114,no,no,no,0,0,0,no,no,0.000000,0.000000,0.000,0.972,5.291,0.027,6.893
1806,1403715363.562143,84.750000,OK,OK,MM,no,245,412,0,412,111,301,0.2694,PoseOpt,no,no,225,10332,6293,114,yes,no,no,0,0,0,no,no,0.000000,0.000000,0.000,0.958,3.344,0.021,4.787
1807,1403715363.612143,84.800000,OK,OK,MM,no,240,384,0,384,96,288,0.2500,PoseOpt,no,no,224,10314,6570,119,no,no,no,0,0,0,no,no,0.000000,0.000000,0.000,0.928,3.082,0.019,4.467
1808,1403715363.662143,84.850000,OK,OK,MM,no,234,409,0,409,91,318,0.2225,PoseOpt,yes,yes,224,10314,6547,118,no,no,no,0,0,0,no,no,0.000000,0.000000,0.000,0.902,3.463,0.021,4.883
1809,1403715363.712143,84.900000,OK,OK,MM,no,247,416,0,416,96,320,0.2308,PoseOpt,no,no,225,10324,6557,119,no,no,no,0,0,0,no,no,0.000000,0.000000,0.000,0.939,3.407,0.021,4.846
1810,1403715363.762143,84.950000,OK,OK,MM,no,265,408,0,408,93,315,0.2279,PoseOpt,no,no,225,10324,6557,119,no,no,no,0,0,0,no,no,0.000000,0.000000,0.000,1.061,3.515,0.022,5.081
1811,1403715363.812143,85.000000,OK,OK,MM,no,257,407,0,407,99,308,0.2432,PoseOpt,no,no,225,10324,6619,120,no,no,no,0,0,0,no,no,0.000000,0.000000,0.000,0.969,3.518,0.024,4.955
1812,1403715363.862143,85.050000,OK,OK,MM,no,250,394,0,394,102,292,0.2589,PoseOpt,no,no,225,10324,6619,120,no,no,no,0,0,0,no,no,0.000000,0.000000,0.000,0.958,3.802,0.025,5.305
1813,1403715363.912143,85.100000,OK,OK,MM,no,236,395,0,395,103,292,0.2608,PoseOpt,no,no,225,10324,6574,115,no,no,no,0,0,0,no,no,0.000000,0.000000,0.000,0.913,3.425,0.024,4.821
1814,1403715363.962143,85.150000,OK,OK,MM,no,240,413,0,413,91,322,0.2203,PoseOpt,no,no,225,10323,6550,114,yes,no,no,0,0,0,no,no,0.000000,0.000000,0.000,0.984,3.339,0.018,4.830
1815,1403715364.012143,85.200000,OK,OK,MM,no,254,404,0,404,94,310,0.2327,PoseOpt,yes,yes,225,10323,6768,123,no,no,no,0,0,0,no,no,0.000000,0.000000,0.000,1.005,3.420,0.019,4.901
1816,1403715364.062143,85.250000,OK,OK,MM,no,242,466,0,466,106,360,0.2275,PoseOpt,no,no,226,10373,6750,118,no,no,no,0,0,0,no,no,0.000000,0.000000,0.000,0.932,3.484,0.021,4.926
1817,1403715364.112143,85.300000,OK,OK,MM,no,275,420,0,420,87,333,0.2071,PoseOpt,no,no,226,10373,6617,113,no,no,no,0,0,0,no,no,0.000000,0.000000,0.000,1.116,3.524,0.024,6.136
1818,1403715364.162143,85.350000,OK,OK,MM,no,264,408,0,408,93,315,0.2279,PoseOpt,no,no,226,10373,6673,115,no,no,no,0,0,0,no,no,0.000000,0.000000,0.000,1.031,3.547,0.023,5.073
1819,1403715364.212143,85.400000,OK,OK,MM,no,260,407,0,407,101,306,0.2482,PoseOpt,no,no,226,10373,6821,115,no,no,no,0,0,0,no,no,0.000000,0.000000,0.000,1.037,3.825,0.024,5.434
1820,1403715364.262143,85.450000,OK,OK,MM,no,248,434,0,434,87,347,0.2005,PoseOpt,no,no,226,10373,6750,118,no,no,no,0,0,0,no,no,0.000000,0.000000,0.000,1.053,4.614,0.040,6.399
1821,1403715364.312143,85.500000,OK,OK,MM,no,270,428,0,428,90,338,0.2103,PoseOpt,no,no,226,10373,7133,124,yes,no,no,0,0,0,no,no,0.000000,0.000000,0.000,1.111,3.778,0.021,5.421
1822,1403715364.362143,85.550000,OK,OK,MM,no,269,424,0,424,89,335,0.2099,PoseOpt,no,no,225,10348,7108,123,no,no,no,0,0,0,no,no,0.000000,0.000000,0.000,1.082,3.712,0.021,5.313
1823,1403715364.412143,85.600000,OK,OK,MM,no,273,421,0,421,93,328,0.2209,PoseOpt,yes,yes,225,10348,7165,126,no,no,no,0,0,0,no,no,0.000000,0.000000,0.000,1.097,3.838,0.022,5.478
1824,1403715364.462143,85.650000,OK,OK,MM,no,269,490,0,490,89,401,0.1816,PoseOpt,no,no,226,10400,7194,125,no,no,no,0,0,0,no,no,0.000000,0.000000,0.000,0.958,3.753,0.023,5.249
1825,1403715364.512143,85.700000,OK,OK,MM,no,335,507,0,507,88,419,0.1736,PoseOpt,no,no,226,10400,8405,142,no,no,no,0,0,0,no,no,0.000000,0.000000,0.000,1.317,4.465,0.026,6.355
1826,1403715364.562143,85.750000,OK,OK,MM,no,335,508,0,508,101,407,0.1988,PoseOpt,no,no,226,10400,8419,144,no,no,no,0,0,0,no,no,0.000000,0.000000,0.000,1.267,4.702,0.041,6.720
1827,1403715364.612143,85.800000,OK,OK,MM,no,334,471,0,471,95,376,0.2017,PoseOpt,no,no,226,10400,8240,141,no,no,no,0,0,0,no,no,0.000000,0.000000,0.000,1.250,4.882,0.042,6.848
1828,1403715364.662143,85.850000,OK,OK,MM,no,313,479,0,479,89,390,0.1858,PoseOpt,no,no,226,10400,8944,157,no,no,no,0,0,0,no,no,0.000000,0.000000,0.000,1.173,4.616,0.028,6.366
1829,1403715364.712143,85.900000,OK,OK,MM,no,304,468,0,468,115,353,0.2457,PoseOpt,no,no,226,10399,7441,121,yes,no,no,0,0,0,no,no,0.000000,0.000000,0.000,1.275,7.763,0.021,9.625
1830,1403715364.762143,85.950000,OK,OK,MM,no,288,460,0,460,93,367,0.2022,PoseOpt,no,no,226,10399,8756,155,no,no,no,0,0,0,no,no,0.000000,0.000000,0.000,1.105,4.054,0.021,5.684
1831,1403715364.812143,86.000000,OK,OK,MM,no,280,467,0,467,90,377,0.1927,PoseOpt,no,no,226,10399,8532,151,no,no,no,0,0,0,no,no,0.000000,0.000000,0.000,1.231,4.688,0.023,6.493
1832,1403715364.862143,86.050000,OK,OK,MM,no,306,458,0,458,108,350,0.2358,PoseOpt,yes,yes,226,10399,9150,162,no,no,no,0,0,0,no,no,0.000000,0.000000,0.000,1.204,4.945,0.024,6.755
1833,1403715364.912143,86.100000,OK,OK,MM,no,270,498,0,498,101,397,0.2028,PoseOpt,no,no,227,10433,9325,176,no,no,no,0,0,0,no,no,0.000000,0.000000,0.000,1.012,4.335,0.025,6.008
1834,1403715364.962143,86.150000,OK,OK,MM,no,314,478,0,478,114,364,0.2385,PoseOpt,no,no,227,10433,9280,173,no,no,no,0,0,0,no,no,0.000000,0.000000,0.000,1.243,5.016,0.027,6.859
1835,1403715365.012143,86.200000,OK,OK,MM,no,298,496,0,496,105,391,0.2117,PoseOpt,no,no,227,10433,9386,176,no,no,no,0,0,0,no,no,0.000000,0.000000,0.000,1.295,5.531,0.031,7.550
1836,1403715365.062143,86.250000,OK,OK,MM,no,321,490,0,490,106,384,0.2163,PoseOpt,no,no,227,10433,9411,179,no,no,no,0,0,0,no,no,0.000000,0.000000,0.000,1.169,4.911,0.027,6.673
1837,1403715365.112143,86.300000,OK,OK,MM,no,312,494,0,494,110,384,0.2227,PoseOpt,no,no,227,10433,9380,178,no,no,no,0,0,0,no,no,0.000000,0.000000,0.000,1.322,5.613,0.039,7.696
1838,1403715365.162143,86.350000,OK,OK,MM,no,306,477,0,477,120,357,0.2516,PoseOpt,no,no,227,10433,9471,184,no,no,no,0,0,0,no,no,0.000000,0.000000,0.000,1.102,5.197,0.025,6.893
1839,1403715365.212143,86.400000,OK,OK,MM,no,285,473,0,473,111,362,0.2347,PoseOpt,no,no,227,10432,9433,183,yes,no,no,0,0,0,no,no,0.000000,0.000000,0.000,1.086,5.357,0.031,8.797
1840,1403715365.262143,86.450000,OK,OK,MM,no,292,470,0,470,109,361,0.2319,PoseOpt,yes,yes,226,10416,9392,183,no,no,no,0,0,0,no,no,0.000000,0.000000,0.000,1.041,4.470,0.022,7.634
1841,1403715365.312143,86.500000,OK,OK,MM,no,283,504,0,504,107,397,0.2123,PoseOpt,no,no,227,10439,9413,182,no,no,no,0,0,0,no,no,0.000000,0.000000,0.000,0.977,4.748,0.034,6.460
1842,1403715365.362143,86.550000,OK,OK,MM,no,312,501,0,501,106,395,0.2116,PoseOpt,no,no,227,10439,9415,184,no,no,no,0,0,0,no,no,0.000000,0.000000,0.000,1.188,4.886,0.026,6.701
1843,1403715365.412143,86.600000,OK,OK,MM,no,314,511,0,511,129,382,0.2524,PoseOpt,no,no,227,10439,9415,184,no,no,no,0,0,0,no,no,0.000000,0.000000,0.000,1.432,5.331,0.029,7.418
1844,1403715365.462143,86.650000,OK,OK,MM,no,289,483,0,483,109,374,0.2257,PoseOpt,no,no,227,10439,9452,182,no,no,no,0,0,0,no,no,0.000000,0.000000,0.000,1.219,5.241,0.026,7.102
1845,1403715365.512143,86.700000,OK,OK,MM,no,315,489,0,489,106,383,0.2168,PoseOpt,no,no,227,10439,9491,182,no,no,no,0,0,0,no,no,0.000000,0.000000,0.000,1.419,6.149,0.037,8.314
1846,1403715365.562143,86.750000,OK,OK,MM,no,302,476,0,476,113,363,0.2374,PoseOpt,no,no,227,10439,9678,189,no,no,no,0,0,0,no,no,0.000000,0.000000,0.000,1.163,6.748,0.042,8.733
1847,1403715365.612143,86.800000,OK,OK,MM,no,275,462,0,462,107,355,0.2316,PoseOpt,no,no,227,10439,9488,179,no,no,no,0,0,0,no,no,0.000000,0.000000,0.000,1.144,4.897,0.030,6.655
1848,1403715365.662143,86.850000,OK,OK,MM,no,290,456,0,456,111,345,0.2434,PoseOpt,no,no,227,10439,9630,183,no,no,no,0,0,0,no,no,0.000000,0.000000,0.000,1.082,4.838,0.028,6.538
1849,1403715365.712143,86.900000,OK,OK,MM,no,268,445,0,445,115,330,0.2584,PoseOpt,no,no,227,10439,9523,181,no,no,no,0,0,0,no,no,0.000000,0.000000,0.000,1.066,4.996,0.029,6.699
1850,1403715365.762143,86.950000,OK,OK,MM,no,262,451,0,451,112,339,0.2483,PoseOpt,no,no,227,10438,9681,185,yes,no,no,0,0,0,no,no,0.000000,0.000000,0.000,0.996,5.647,0.027,7.456
1851,1403715365.812143,87.000000,OK,OK,MM,no,249,447,0,447,114,333,0.2550,PoseOpt,no,no,227,10438,9699,186,no,no,no,0,0,0,no,no,0.000000,0.000000,0.000,0.960,5.141,0.031,6.887
1852,1403715365.862143,87.050000,OK,OK,MM,no,265,447,0,447,108,339,0.2416,PoseOpt,yes,yes,227,10438,9366,178,no,no,no,0,0,0,no,no,0.000000,0.000000,0.000,1.071,4.976,0.023,6.697
1853,1403715365.912143,87.100000,OK,OK,MM,no,273,498,0,498,118,380,0.2369,PoseOpt,no,no,228,10448,9378,180,no,no,no,0,0,0,no,no,0.000000,0.000000,0.000,0.978,4.719,0.024,6.378
1854,1403715365.962143,87.150000,OK,OK,MM,no,297,484,0,484,111,373,0.2293,PoseOpt,no,no,228,10448,9701,188,no,no,no,0,0,0,no,no,0.000000,0.000000,0.000,1.119,5.182,0.023,7.023
1855,1403715366.012143,87.200000,OK,OK,MM,no,287,482,0,482,112,370,0.2324,PoseOpt,no,no,228,10448,9677,189,no,no,no,0,0,0,no,no,0.000000,0.000000,0.000,1.198,5.488,0.029,7.378
1856,1403715366.062143,87.250000,OK,OK,MM,no,287,456,0,456,97,359,0.2127,PoseOpt,no,no,228,10448,9946,198,no,no,no,0,0,0,no,no,0.000000,0.000000,0.000,1.256,5.841,0.029,7.796
1857,1403715366.112143,87.300000,OK,OK,MM,no,286,453,0,453,101,352,0.2230,PoseOpt,no,no,228,10448,9698,193,no,no,no,0,0,0,no,no,0.000000,0.000000,0.000,1.128,5.205,0.029,6.989
1858,1403715366.162143,87.350000,OK,OK,MM,no,295,455,0,455,96,359,0.2110,PoseOpt,no,no,228,10448,9744,197,no,no,no,0,0,0,no,no,0.000000,0.000000,0.000,1.216,5.611,0.028,7.582
1859,1403715366.212143,87.400000,OK,OK,MM,no,270,439,0,439,108,331,0.2460,PoseOpt,no,no,228,10448,9698,190,no,no,no,0,0,0,no,no,0.000000,0.000000,0.000,1.070,5.564,0.032,7.345
1860,1403715366.262143,87.450000,OK,OK,MM,no,280,438,0,438,100,338,0.2283,PoseOpt,no,no,228,10448,9912,202,no,no,no,0,0,0,no,no,0.000000,0.000000,0.000,1.235,6.425,0.037,8.457
1861,1403715366.312143,87.500000,OK,OK,MM,no,277,444,0,444,117,327,0.2635,PoseOpt,no,no,228,10448,9946,203,no,no,no,0,0,0,no,no,0.000000,0.000000,0.000,1.067,5.447,0.030,8.069
1862,1403715366.362143,87.550000,OK,OK,MM,no,276,452,0,452,120,332,0.2655,PoseOpt,no,no,228,10448,9710,196,no,no,no,0,0,0,no,no,0.000000,0.000000,0.000,1.110,6.098,0.025,7.889
1863,1403715366.412143,87.600000,OK,OK,MM,no,270,450,0,450,124,326,0.2756,PoseOpt,no,no,228,10448,9709,192,no,no,no,0,0,0,no,no,0.000000,0.000000,0.000,1.612,6.233,1.766,10.434
1864,1403715366.462143,87.650000,OK,OK,MM,no,258,457,0,457,117,340,0.2560,PoseOpt,no,no,228,10448,9484,181,no,no,no,0,0,0,no,no,0.000000,0.000000,0.000,0.991,5.289,0.027,6.923
1865,1403715366.512143,87.700000,OK,OK,MM,no,274,454,0,454,101,353,0.2225,PoseOpt,no,no,228,10447,9880,200,yes,no,no,0,0,0,no,no,0.000000,0.000000,0.000,1.089,6.077,0.036,8.228
1866,1403715366.562143,87.750000,OK,OK,MM,no,269,477,0,477,117,360,0.2453,PoseOpt,no,no,228,10447,9743,196,no,no,no,0,0,0,no,no,0.000000,0.000000,0.000,1.034,5.500,0.023,7.260
1867,1403715366.612143,87.800000,OK,OK,MM,no,272,445,0,445,109,336,0.2449,PoseOpt,yes,yes,228,10447,9945,202,no,no,no,0,0,0,no,no,0.000000,0.000000,0.000,1.127,5.733,0.022,7.562
1868,1403715366.662143,87.850000,OK,OK,MM,no,274,466,0,466,108,358,0.2318,PoseOpt,no,no,229,10454,9685,195,no,no,no,0,0,0,no,no,0.000000,0.000000,0.000,1.017,5.380,0.022,7.072
1869,1403715366.712143,87.900000,OK,OK,MM,no,288,488,0,488,107,381,0.2193,PoseOpt,no,no,229,10454,9834,199,no,no,no,0,0,0,no,no,0.000000,0.000000,0.000,1.071,5.959,0.029,7.798
1870,1403715366.762143,87.950000,OK,OK,MM,no,310,484,0,484,124,360,0.2562,PoseOpt,no,no,229,10454,9887,202,no,no,no,0,0,0,no,no,0.000000,0.000000,0.000,1.181,5.780,0.028,7.736
1871,1403715366.812143,88.000000,OK,OK,MM,no,291,458,0,458,117,341,0.2555,PoseOpt,no,no,229,10454,9887,202,no,no,no,0,0,0,no,no,0.000000,0.000000,0.000,1.122,5.424,0.028,7.251
1872,1403715366.862143,88.050000,OK,OK,MM,no,275,467,0,467,121,346,0.2591,PoseOpt,no,no,229,10454,9918,203,no,no,no,0,0,0,no,no,0.000000,0.000000,0.000,1.072,5.662,0.025,7.520
1873,1403715366.912143,88.100000,OK,OK,MM,no,274,482,0,482,117,365,0.2427,PoseOpt,no,no,229,10454,9899,201,no,no,no,0,0,0,no,no,0.000000,0.000000,0.000,1.202,5.480,0.026,8.667
1874,1403715366.962143,88.150000,OK,OK,MM,no,289,459,0,459,128,331,0.2789,PoseOpt,no,no,229,10454,9937,201,no,no,no,0,0,0,no,no,0.000000,0.000000,0.000,1.203,6.048,0.033,8.058
1875,1403715367.012143,88.200000,OK,OK,MM,no,262,472,0,472,128,344,0.2712,PoseOpt,no,no,229,10454,9937,202,no,no,no,0,0,0,no,no,0.000000,0.000000,0.000,1.104,5.845,0.031,7.696
1876,1403715367.062143,88.250000,OK,OK,MM,no,271,453,0,453,108,345,0.2384,PoseOpt,no,no,229,10454,9935,201,no,no,no,0,0,0,no,no,0.000000,0.000000,0.000,1.083,5.763,0.027,7.544
1877,1403715367.112143,88.300000,OK,OK,MM,no,296,451,0,451,109,342,0.2417,PoseOpt,no,no,229,10454,9894,199,no,no,no,0,0,0,no,no,0.000000,0.000000,0.000,1.073,5.645,0.027,7.440
1878,1403715367.162143,88.350000,OK,OK,MM,no,273,455,0,455,133,322,0.2923,PoseOpt,no,no,229,10454,9899,200,no,no,no,0,0,0,no,no,0.000000,0.000000,0.000,1.180,6.682,0.033,8.687
1879,1403715367.212143,88.400000,OK,OK,MM,no,263,464,0,464,110,354,0.2371,PoseOpt,no,no,229,10453,9877,193,yes,no,no,0,0,0,no,no,0.000000,0.000000,0.000,1.086,6.465,0.032,8.414
1880,1403715367.262143,88.450000,OK,OK,MM,no,282,449,0,449,96,353,0.2138,PoseOpt,yes,yes,228,10439,9672,195,no,no,no,0,0,0,no,no,0.000000,0.000000,0.000,1.147,5.436,0.028,7.520
1881,1403715367.312143,88.500000,OK,OK,MM,no,286,480,0,480,99,381,0.2062,PoseOpt,no,no,229,10449,9947,203,no,no,no,0,0,0,no,no,0.000000,0.000000,0.000,1.011,5.412,0.023,7.126
1882,1403715367.362143,88.550000,OK,OK,MM,no,311,473,0,473,103,370,0.2178,PoseOpt,no,no,229,10449,9947,204,no,no,no,0,0,0,no,no,0.000000,0.000000,0.000,1.177,5.825,0.028,7.783
1883,1403715367.412143,88.600000,OK,OK,MM,no,314,489,0,489,106,383,0.2168,PoseOpt,no,no,229,10449,9882,202,no,no,no,0,0,0,no,no,0.000000,0.000000,0.000,1.216,6.045,0.030,8.096
1884,1403715367.462143,88.650000,OK,OK,MM,no,307,474,0,474,103,371,0.2173,PoseOpt,no,no,229,10449,9882,201,no,no,no,0,0,0,no,no,0.000000,0.000000,0.000,1.158,5.718,0.028,7.631
1885,1403715367.512143,88.700000,OK,OK,MM,no,284,452,0,452,103,349,0.2279,PoseOpt,no,no,229,10449,9882,201,no,no,no,0,0,0,no,no,0.000000,0.000000,0.000,1.152,5.788,0.036,7.805
1886,1403715367.562143,88.750000,OK,OK,MM,no,304,493,0,493,113,380,0.2292,PoseOpt,no,no,229,10449,9882,202,no,no,no,0,0,0,no,no,0.000000,0.000000,0.000,1.184,6.010,0.029,7.943
1887,1403715367.612143,88.800000,OK,OK,MM,no,310,464,0,464,105,359,0.2263,PoseOpt,no,no,229,10449,9918,203,no,no,no,0,0,0,no,no,0.000000,0.000000,0.000,1.323,6.326,0.034,8.483
1888,1403715367.662143,88.850000,OK,OK,MM,no,286,450,0,450,112,338,0.2489,PoseOpt,no,no,229,10449,9882,202,no,no,no,0,0,0,no,no,0.000000,0.000000,0.000,1.352,5.880,0.029,8.003
1889,1403715367.712143,88.900000,OK,OK,MM,no,260,446,0,446,123,323,0.2758,PoseOpt,no,no,229,10449,9889,206,no,no,no,0,0,0,no,no,0.000000,0.000000,0.000,1.093,5.648,0.027,7.409
1890,1403715367.762143,88.950000,OK,OK,MM,no,263,445,0,445,129,316,0.2899,PoseOpt,no,no,229,10449,9681,196,no,no,no,0,0,0,no,no,0.000000,0.000000,0.000,1.063,6.564,0.032,8.388
1891,1403715367.812143,89.000000,OK,OK,MM,no,263,461,0,461,134,327,0.2907,PoseOpt,no,no,229,10449,9716,196,no,no,no,0,0,0,no,no,0.000000,0.000000,0.000,0.966,5.767,0.028,7.442
1892,1403715367.862143,89.050000,OK,OK,MM,no,258,475,0,475,121,354,0.2547,PoseOpt,no,no,229,10449,9715,194,yes,no,no,0,0,0,no,no,0.000000,0.000000,0.000,1.100,6.085,0.022,8.057
1893,1403715367.912143,89.100000,OK,OK,MM,no,278,459,0,459,121,338,0.2636,PoseOpt,no,no,229,10449,9667,195,no,no,no,0,0,0,no,no,0.000000,0.000000,0.000,1.019,5.025,0.025,6.743
1894,1403715367.962143,89.150000,OK,OK,MM,no,256,462,0,462,107,355,0.2316,PoseOpt,yes,yes,229,10449,9881,202,no,no,no,0,0,0,no,no,0.000000,0.000000,0.000,1.033,5.661,0.022,7.408
1895,1403715368.012143,89.200000,OK,OK,MM,no,263,485,0,485,106,379,0.2186,PoseOpt,no,no,230,10447,9879,203,no,no,no,0,0,0,no,no,0.000000,0.000000,0.000,0.896,5.137,0.023,6.850
1896,1403715368.062143,89.250000,OK,OK,MM,no,281,487,0,487,105,382,0.2156,PoseOpt,no,no,230,10447,9648,195,no,no,no,0,0,0,no,no,0.000000,0.000000,0.000,1.089,5.530,0.025,7.340
1897,1403715368.112143,89.300000,OK,OK,MM,no,291,486,0,486,110,376,0.2263,PoseOpt,no,no,230,10447,9639,196,no,no,no,0,0,0,no,no,0.000000,0.000000,0.000,1.148,5.852,0.025,7.735
1898,1403715368.162143,89.350000,OK,OK,MM,no,300,459,0,459,115,344,0.2505,PoseOpt,no,no,230,10447,9564,194,no,no,no,0,0,0,no,no,0.000000,0.000000,0.000,1.228,6.279,0.032,8.359
1899,1403715368.212143,89.400000,OK,OK,MM,no,277,486,0,486,123,363,0.2531,PoseOpt,no,no,230,10447,9570,193,no,no,no,0,0,0,no,no,0.000000,0.000000,0.000,1.088,6.289,0.031,8.235
1900,1403715368.262143,89.450000,OK,OK,MM,no,294,476,0,476,105,371,0.2206,PoseOpt,no,no,230,10447,9507,192,no,no,no,0,0,0,no,no,0.000000,0.000000,0.000,1.256,6.199,0.028,8.183
1901,1403715368.312143,89.500000,OK,OK,MM,no,298,477,0,477,111,366,0.2327,PoseOpt,no,no,230,10447,9507,192,no,no,no,0,0,0,no,no,0.000000,0.000000,0.000,1.146,5.622,0.027,7.459
1902,1403715368.362143,89.550000,OK,OK,MM,no,288,464,0,464,114,350,0.2457,PoseOpt,no,no,230,10447,9546,193,no,no,no,0,0,0,no,no,0.000000,0.000000,0.000,1.101,5.519,0.029,8.089
1903,1403715368.412143,89.600000,OK,OK,MM,no,278,455,0,455,119,336,0.2615,PoseOpt,no,no,230,10447,9546,193,no,no,no,0,0,0,no,no,0.000000,0.000000,0.000,1.048,7.534,0.028,9.467
1904,1403715368.462143,89.650000,OK,OK,MM,no,271,463,0,463,106,357,0.2289,PoseOpt,no,no,230,10447,9507,192,no,no,no,0,0,0,no,no,0.000000,0.000000,0.000,1.078,5.596,0.027,7.368
1905,1403715368.512143,89.700000,OK,OK,MM,no,274,461,0,461,121,340,0.2625,PoseOpt,no,no,230,10447,9507,192,no,no,no,0,0,0,no,no,0.000000,0.000000,0.000,1.020,5.893,0.027,7.667
1906,1403715368.562143,89.750000,OK,OK,MM,no,266,485,0,485,103,382,0.2124,PoseOpt,no,no,230,10447,9507,192,no,no,no,0,0,0,no,no,0.000000,0.000000,0.000,1.148,6.641,0.032,8.646
1907,1403715368.612143,89.800000,OK,OK,MM,no,287,472,0,472,109,363,0.2309,PoseOpt,no,no,230,10447,9570,193,yes,no,no,0,0,0,no,no,0.000000,0.000000,0.000,1.237,5.949,0.029,8.027
1908,1403715368.662143,89.850000,OK,OK,MM,no,268,463,0,463,109,354,0.2354,PoseOpt,no,no,229,10438,9472,190,no,no,no,0,0,0,no,no,0.000000,0.000000,0.000,0.979,5.112,0.028,6.958
1909,1403715368.712143,89.900000,OK,OK,MM,no,262,450,0,450,111,339,0.2467,PoseOpt,yes,yes,229,10438,9694,194,no,no,no,0,0,0,no,no,0.000000,0.000000,0.000,1.050,6.412,0.022,8.200
1910,1403715368.762143,89.950000,OK,OK,MM,no,269,480,0,480,116,364,0.2417,PoseOpt,no,no,230,10442,9423,190,no,no,no,0,0,0,no,no,0.000000,0.000000,0.000,1.012,5.602,0.022,7.440
1911,1403715368.812143,90.000000,OK,OK,MM,no,300,481,0,481,101,380,0.2100,PoseOpt,no,no,230,10442,9381,189,no,no,no,0,0,0,no,no,0.000000,0.000000,0.000,1.110,5.402,0.025,7.231
1912,1403715368.862143,90.050000,OK,OK,MM,no,300,482,0,482,107,375,0.2220,PoseOpt,no,no,230,10442,9423,190,no,no,no,0,0,0,no,no,0.000000,0.000000,0.000,1.206,5.448,0.025,7.362
1913,1403715368.912143,90.100000,OK,OK,MM,no,277,463,0,463,107,356,0.2311,PoseOpt,no,no,230,10442,9381,189,no,no,no,0,0,0,no,no,0.000000,0.000000,0.000,1.206,6.262,0.029,8.338
1914,1403715368.962143,90.150000,OK,OK,MM,no,277,449,0,449,104,345,0.2316,PoseOpt,no,no,230,10442,9423,190,no,no,no,0,0,0,no,no,0.000000,0.000000,0.000,1.106,5.989,0.023,7.810
1915,1403715369.012143,90.200000,OK,OK,MM,no,279,451,0,451,92,359,0.2040,PoseOpt,no,no,230,10442,9423,190,no,no,no,0,0,0,no,no,0.000000,0.000000,0.000,1.052,6.194,0.048,9.654
1916,1403715369.062143,90.250000,OK,OK,MM,no,273,456,0,456,100,356,0.2193,PoseOpt,no,no,230,10442,9381,189,no,no,no,0,0,0,no,no,0.000000,0.000000,0.000,1.090,6.451,0.040,8.543
1917,1403715369.112143,90.300000,OK,OK,MM,no,286,463,0,463,107,356,0.2311,PoseOpt,no,no,230,10442,9381,189,no,no,no,0,0,0,no,no,0.000000,0.000000,0.000,1.103,5.596,0.028,7.386
1918,1403715369.162143,90.350000,OK,OK,MM,no,288,457,0,457,98,359,0.2144,PoseOpt,no,no,230,10442,9381,189,no,no,no,0,0,0,no,no,0.000000,0.000000,0.000,1.093,5.637,0.032,7.558
1919,1403715369.212143,90.400000,OK,OK,MM,no,281,493,0,493,120,373,0.2434,PoseOpt,no,no,230,10442,9381,189,no,no,no,0,0,0,no,no,0.000000,0.000000,0.000,1.081,7.165,0.040,9.256
1920,1403715369.262143,90.450000,OK,OK,MM,no,291,472,0,472,106,366,0.2246,PoseOpt,no,no,230,10442,9320,188,no,no,no,0,0,0,no,no,0.000000,0.000000,0.000,1.245,5.824,0.026,7.762
1921,1403715369.312143,90.500000,OK,OK,MM,no,283,479,0,479,103,376,0.2150,PoseOpt,no,no,230,10442,9320,188,yes,no,no,0,0,0,no,no,0.000000,0.000000,0.000,1.159,5.449,0.024,7.337
1922,1403715369.362143,90.550000,OK,OK,MM,no,299,472,0,472,108,364,0.2288,PoseOpt,no,no,229,10424,9671,197,no,no,no,0,0,0,no,no,0.000000,0.000000,0.000,1.039,6.854,0.020,8.598
1923,1403715369.412143,90.600000,OK,OK,MM,no,266,474,0,474,105,369,0.2215,PoseOpt,yes,yes,229,10424,9729,200,no,no,no,0,0,0,no,no,0.000000,0.000000,0.000,1.040,5.462,0.025,7.288
1924,1403715369.462143,90.650000,OK,OK,MM,no,277,487,0,487,109,378,0.2238,PoseOpt,no,no,230,10415,9803,204,no,no,no,0,0,0,no,no,0.000000,0.000000,0.000,1.040,5.235,0.025,6.915
1925,1403715369.512143,90.700000,OK,OK,MM,no,284,491,0,491,122,369,0.2485,PoseOpt,no,no,230,10415,9797,201,no,no,no,0,0,0,no,no,0.000000,0.000000,0.000,1.061,6.683,0.025,8.524
1926,1403715369.562143,90.750000,OK,OK,MM,no,272,491,0,491,112,379,0.2281,PoseOpt,no,no,230,10415,9695,202,no,no,no,0,0,0,no,no,0.000000,0.000000,0.000,1.071,5.885,0.025,7.691
1927,1403715369.612143,90.800000,OK,OK,MM,no,283,500,0,500,117,383,0.2340,PoseOpt,no,no,230,10415,9746,202,no,no,no,0,0,0,no,no,0.000000,0.000000,0.000,1.142,6.570,0.035,8.595
1928,1403715369.662143,90.850000,OK,OK,MM,no,283,496,0,496,126,370,0.2540,PoseOpt,no,no,230,10415,9746,202,no,no,no,0,0,0,no,no,0.000000,0.000000,0.000,1.200,6.081,0.027,7.993
1929,1403715369.712143,90.900000,OK,OK,MM,no,281,492,0,492,122,370,0.2480,PoseOpt,no,no,230,10415,9841,205,no,no,no,0,0,0,no,no,0.000000,0.000000,0.000,1.304,6.310,0.039,8.481
1930,1403715369.762143,90.950000,OK,OK,MM,no,296,482,0,482,117,365,0.2427,PoseOpt,no,no,230,10415,9815,205,no,no,no,0,0,0,no,no,0.000000,0.000000,0.000,1.227,6.079,0.026,8.032
1931,1403715369.812143,91.000000,OK,OK,MM,no,299,501,0,501,124,377,0.2475,PoseOpt,no,no,230,10415,9815,205,no,no,no,0,0,0,no,no,0.000000,0.000000,0.000,1.153,6.116,0.032,8.054
1932,1403715369.862143,91.050000,OK,OK,MM,no,302,473,0,473,120,353,0.2537,PoseOpt,no,no,230,10415,9815,205,no,no,no,0,0,0,no,no,0.000000,0.000000,0.000,1.153,5.518,0.027,7.342
1933,1403715369.912143,91.100000,OK,OK,MM,no,271,495,0,495,125,370,0.2525,PoseOpt,no,no,230,10415,9776,200,no,no,no,0,0,0,no,no,0.000000,0.000000,0.000,1.045,5.696,0.029,7.487
1934,1403715369.962143,91.150000,OK,OK,MM,no,288,486,0,486,118,368,0.2428,PoseOpt,no,no,230,10415,9702,194,no,no,no,0,0,0,no,no,0.000000,0.000000,0.000,1.261,6.720,0.034,11.021
1935,1403715370.012143,91.200000,OK,OK,MM,no,296,512,0,512,118,394,0.2305,PoseOpt,no,no,230,10415,9803,205,no,no,no,0,0,0,no,no,0.000000,0.000000,0.000,1.210,5.856,1.643,9.420
1936,1403715370.062143,91.250000,OK,OK,MM,no,305,509,0,509,142,367,0.2790,PoseOpt,no,no,230,10414,9802,205,yes,no,no,0,0,0,no,no,0.000000,0.000000,0.000,1.189,5.811,0.024,7.741
1937,1403715370.112143,91.300000,OK,OK,MM,no,285,476,0,476,133,343,0.2794,PoseOpt,no,no,229,10397,9792,204,no,no,no,0,0,0,no,no,0.000000,0.000000,0.000,1.014,5.303,0.020,7.044
1938,1403715370.162143,91.350000,OK,OK,MM,no,268,487,0,487,121,366,0.2485,PoseOpt,yes,yes,229,10397,9775,203,no,no,no,0,0,0,no,no,0.000000,0.000000,0.000,1.121,5.541,0.020,7.378
1939,1403715370.212143,91.400000,OK,OK,MM,no,284,524,0,524,119,405,0.2271,PoseOpt,no,no,230,10407,9785,203,no,no,no,0,0,0,no,no,0.000000,0.000000,0.000,1.094,5.401,0.029,7.278
1940,1403715370.262143,91.450000,OK,OK,MM,no,329,524,0,524,113,411,0.2156,PoseOpt,no,no,230,10407,9795,204,no,no,no,0,0,0,no,no,0.000000,0.000000,0.000,1.247,5.885,0.026,7.889
1941,1403715370.312143,91.500000,OK,OK,MM,no,316,522,0,522,128,394,0.2452,PoseOpt,no,no,230,10407,9795,204,no,no,no,0,0,0,no,no,0.000000,0.000000,0.000,1.273,6.446,0.028,8.506
1942,1403715370.362143,91.550000,OK,OK,MM,no,323,521,0,521,124,397,0.2380,PoseOpt,no,no,230,10407,9568,192,no,no,no,0,0,0,no,no,0.000000,0.000000,0.000,1.185,6.278,0.046,8.471
1943,1403715370.412143,91.600000,OK,OK,MM,no,332,506,0,506,113,393,0.2233,PoseOpt,no,no,230,10407,9714,198,no,no,no,0,0,0,no,no,0.000000,0.000000,0.000,1.212,5.779,0.027,7.794
1944,1403715370.462143,91.650000,OK,OK,MM,no,320,518,0,518,126,392,0.2432,PoseOpt,no,no,230,10407,9738,203,no,no,no,0,0,0,no,no,0.000000,0.000000,0.000,1.258,7.090,0.035,9.242
1945,1403715370.512143,91.700000,OK,OK,MM,no,311,509,0,509,115,394,0.2259,PoseOpt,no,no,230,10407,9738,203,no,no,no,0,0,0,no,no,0.000000,0.000000,0.000,1.242,6.581,0.027,8.570
1946,1403715370.562143,91.750000,OK,OK,MM,no,323,516,0,516,119,397,0.2306,PoseOpt,no,no,230,10407,9738,203,no,no,no,0,0,0,no,no,0.000000,0.000000,0.000,1.226,5.815,0.025,7.766
1947,1403715370.612143,91.800000,OK,OK,MM,no,318,520,0,520,132,388,0.2538,PoseOpt,no,no,230,10407,9795,205,no,no,no,0,0,0,no,no,0.000000,0.000000,0.000,1.197,5.637,0.027,7.527
1948,1403715370.662143,91.850000,OK,OK,MM,no,316,507,0,507,110,397,0.2170,PoseOpt,no,no,230,10407,9795,205,no,no,no,0,0,0,no,no,0.000000,0.000000,0.000,1.222,5.957,0.034,7.994
1949,1403715370.712143,91.900000,OK,OK,MM,no,327,531,0,531,130,401,0.2448,PoseOpt,no,no,230,10407,9795,205,no,no,no,0,0,0,no,no,0.000000,0.000000,0.000,1.385,6.946,0.041,9.360
1950,1403715370.762143,91.950000,OK,OK,MM,no,310,536,0,536,144,392,0.2687,PoseOpt,no,no,230,10407,9795,205,no,no,no,0,0,0,no,no,0.000000,0.000000,0.000,1.254,5.936,0.029,7.980
1951,1403715370.812143,92.000000,OK,OK,MM,no,313,536,0,536,134,402,0.2500,PoseOpt,no,no,230,10407,9755,198,no,no,no,0,0,0,no,no,0.000000,0.000000,0.000,1.267,5.749,0.025,7.730
1952,1403715370.862143,92.050000,OK,OK,MM,no,326,510,0,510,105,405,0.2059,PoseOpt,no,no,230,10406,9794,204,yes,no,no,0,0,0,no,no,0.000000,0.000000,0.000,1.193,6.250,0.035,8.329
1953,1403715370.912143,92.100000,OK,OK,MM,no,314,525,0,525,112,413,0.2133,PoseOpt,no,no,227,10370,9675,198,no,no,no,0,0,0,no,no,0.000000,0.000000,0.000,1.134,5.691,0.025,7.641
1954,1403715370.962143,92.150000,OK,OK,MM,no,319,530,0,530,128,402,0.2415,PoseOpt,yes,yes,227,10370,9662,194,no,no,no,0,0,0,no,no,0.000000,0.000000,0.000,1.290,5.676,0.025,7.748
1955,1403715371.012143,92.200000,OK,OK,MM,no,310,578,0,578,125,453,0.2163,PoseOpt,no,no,228,10385,9678,195,no,no,no,0,0,0,no,no,0.000000,0.000000,0.000,1.237,5.400,0.028,7.409
1956,1403715371.062143,92.250000,OK,OK,MM,no,348,562,0,562,114,448,0.2028,PoseOpt,no,no,228,10385,9638,199,no,no,no,0,0,0,no,no,0.000000,0.000000,0.000,1.369,6.150,0.035,8.966
1957,1403715371.112143,92.300000,OK,OK,MM,no,338,559,0,559,134,425,0.2397,PoseOpt,no,no,228,10385,9690,200,no,no,no,0,0,0,no,no,0.000000,0.000000,0.000,1.293,6.519,0.028,8.598
1958,1403715371.162143,92.350000,OK,OK,MM,no,326,555,0,555,126,429,0.2270,PoseOpt,no,no,228,10385,9638,196,no,no,no,0,0,0,no,no,0.000000,0.000000,0.000,1.297,5.959,0.034,8.125
1959,1403715371.212143,92.400000,OK,OK,MM,no,324,553,0,553,137,416,0.2477,PoseOpt,no,no,228,10385,9638,198,no,no,no,0,0,0,no,no,0.000000,0.000000,0.000,1.282,5.945,0.032,7.966
1960,1403715371.262143,92.450000,OK,OK,MM,no,325,557,0,557,122,435,0.2190,PoseOpt,no,no,228,10385,9635,196,no,no,no,0,0,0,no,no,0.000000,0.000000,0.000,1.268,6.034,0.060,8.323
1961,1403715371.312143,92.500000,OK,OK,MM,no,340,535,0,535,113,422,0.2112,PoseOpt,no,no,228,10385,9638,199,no,no,no,0,0,0,no,no,0.000000,0.000000,0.000,1.343,5.721,0.029,7.786
1962,1403715371.362143,92.550000,OK,OK,MM,no,354,543,0,543,102,441,0.1878,PoseOpt,no,no,228,10385,9638,199,no,no,no,0,0,0,no,no,0.000000,0.000000,0.000,1.689,6.804,0.041,9.405
1963,1403715371.412143,92.600000,OK,OK,MM,no,366,550,0,550,133,417,0.2418,PoseOpt,no,no,228,10385,9638,199,no,no,no,0,0,0,no,no,0.000000,0.000000,0.000,1.400,6.634,0.042,8.942
1964,1403715371.462143,92.650000,OK,OK,MM,no,341,555,0,555,116,439,0.2090,PoseOpt,no,no,228,10385,9596,198,no,no,no,0,0,0,no,no,0.000000,0.000000,0.000,1.405,6.681,0.049,9.096
1965,1403715371.512143,92.700000,OK,OK,MM,no,361,554,0,554,125,429,0.2256,PoseOpt,no,no,228,10385,9596,198,no,no,no,0,0,0,no,no,0.000000,0.000000,0.000,1.351,5.658,0.031,7.712
1966,1403715371.562143,92.750000,OK,OK,MM,no,327,542,0,542,135,407,0.2491,PoseOpt,no,no,228,10385,9285,189,no,no,no,0,0,0,no,no,0.000000,0.000000,0.000,1.301,5.785,0.031,8.432
1967,1403715371.612143,92.800000,OK,OK,MM,no,351,568,0,568,147,421,0.2588,PoseOpt,no,no,228,10385,9596,197,no,no,no,0,0,0,no,no,0.000000,0.000000,0.000,1.263,7.232,0.033,9.296
1968,1403715371.662143,92.850000,OK,OK,MM,no,349,560,0,560,138,422,0.2464,PoseOpt,no,no,228,10385,9367,186,no,no,no,0,0,0,no,no,0.000000,0.000000,0.000,1.284,6.680,0.038,8.829
1969,1403715371.712143,92.900000,OK,OK,MM,no,339,545,0,545,119,426,0.2183,PoseOpt,no,no,228,10385,9325,186,no,no,no,0,0,0,no,no,0.000000,0.000000,0.000,1.373,5.553,0.031,7.618
1970,1403715371.762143,92.950000,OK,OK,MM,no,352,555,0,555,114,441,0.2054,PoseOpt,no,no,228,10385,9187,173,yes,no,no,0,0,0,no,no,0.000000,0.000000,0.000,1.273,5.934,0.033,8.060
1971,1403715371.812143,93.000000,OK,OK,MM,no,352,560,0,560,127,433,0.2268,PoseOpt,no,no,228,10385,9323,186,no,no,no,0,0,0,no,no,0.000000,0.000000,0.000,1.272,5.286,0.027,7.314
1972,1403715371.862143,93.050000,OK,OK,MM,no,363,578,0,578,125,453,0.2163,PoseOpt,no,no,228,10385,9323,186,no,no,no,0,0,0,no,no,0.000000,0.000000,0.000,1.438,5.681,0.024,7.781
1973,1403715371.912143,93.100000,OK,OK,MM,no,358,563,0,563,110,453,0.1954,PoseOpt,no,no,228,10385,9323,186,no,no,no,0,0,0,no,no,0.000000,0.000000,0.000,1.334,5.720,0.025,7.764
1974,1403715371.962143,93.150000,OK,OK,MM,no,368,560,0,560,126,434,0.2250,PoseOpt,yes,yes,228,10385,9013,178,no,no,no,0,0,0,no,no,0.000000,0.000000,0.000,1.319,5.224,0.025,7.228
1975,1403715372.012143,93.200000,OK,OK,MM,no,357,571,0,571,120,451,0.2102,PoseOpt,no,no,229,10402,8929,177,no,no,no,0,0,0,no,no,0.000000,0.000000,0.000,1.243,5.022,0.027,6.956
1976,1403715372.062143,93.250000,OK,OK,MM,no,374,583,0,583,129,454,0.2213,PoseOpt,no,no,229,10402,8745,175,no,no,no,0,0,0,no,no,0.000000,0.000000,0.000,1.435,5.415,0.028,7.585
1977,1403715372.112143,93.300000,OK,OK,MM,no,366,583,0,583,123,460,0.2110,PoseOpt,no,no,229,10402,8839,174,no,no,no,0,0,0,no,no,0.000000,0.000000,0.000,1.329,5.397,0.029,7.546
1978,1403715372.162143,93.350000,OK,OK,MM,no,388,586,0,586,132,454,0.2253,PoseOpt,no,no,229,10402,8662,172,no,no,no,0,0,0,no,no,0.000000,0.000000,0.000,1.414,6.152,0.037,9.315
1979,1403715372.212143,93.400000,OK,OK,MM,no,352,594,0,594,135,459,0.2273,PoseOpt,no,no,229,10402,8855,177,no,no,no,0,0,0,no,no,0.000000,0.000000,0.000,1.408,5.434,0.032,8.533
1980,1403715372.262143,93.450000,OK,OK,MM,no,377,578,0,578,129,449,0.2232,PoseOpt,no,no,229,10402,8855,177,no,no,no,0,0,0,no,no,0.000000,0.000000,0.000,1.482,6.087,0.038,8.430
1981,1403715372.312143,93.500000,OK,OK,MM,no,360,560,0,560,135,425,0.2411,PoseOpt,no,no,229,10402,8855,177,no,no,no,0,0,0,no,no,0.000000,0.000000,0.000,1.352,5.659,0.036,7.716
1982,1403715372.362143,93.550000,OK,OK,MM,no,351,571,0,571,137,434,0.2399,PoseOpt,no,no,229,10402,8745,175,no,no,no,0,0,0,no,no,0.000000,0.000000,0.000,1.289,5.286,0.040,7.384
1983,1403715372.412143,93.600000,OK,OK,MM,no,348,535,0,535,114,421,0.2131,PoseOpt,no,no,229,10402,8662,172,no,no,no,0,0,0,no,no,0.000000,0.000000,0.000,1.338,6.585,0.055,8.915
1984,1403715372.462143,93.650000,OK,OK,MM,no,348,559,0,559,130,429,0.2326,PoseOpt,no,no,229,10402,8855,177,no,no,no,0,0,0,no,no,0.000000,0.000000,0.000,1.437,6.217,0.044,8.522
1985,1403715372.512143,93.700000,OK,OK,MM,no,346,555,0,555,125,430,0.2252,PoseOpt,no,no,229,10402,8642,164,no,no,no,0,0,0,no,no,0.000000,0.000000,0.000,1.262,6.080,0.050,8.353
1986,1403715372.562143,93.750000,OK,OK,MM,no,353,554,0,554,134,420,0.2419,PoseOpt,no,no,229,10402,8532,162,no,no,no,0,0,0,no,no,0.000000,0.000000,0.000,1.259,5.407,0.041,7.413
1987,1403715372.612143,93.800000,OK,OK,MM,no,346,537,0,537,122,415,0.2272,PoseOpt,no,no,229,10401,8640,165,yes,no,no,0,0,0,no,no,0.000000,0.000000,0.000,1.310,5.108,0.029,11.941
1988,1403715372.662143,93.850000,OK,OK,MM,no,336,543,0,543,125,418,0.2302,PoseOpt,no,no,228,10392,8701,163,no,no,no,0,0,0,no,no,0.000000,0.000000,0.000,1.259,4.771,0.036,6.707
1989,1403715372.712143,93.900000,OK,OK,MM,no,340,509,0,509,108,401,0.2122,PoseOpt,yes,yes,228,10392,8534,159,no,no,no,0,0,0,no,no,0.000000,0.000000,0.000,1.306,5.577,0.028,8.272
1990,1403715372.762143,93.950000,OK,OK,MM,no,325,544,0,544,111,433,0.2040,PoseOpt,no,no,229,10367,8649,163,no,no,no,0,0,0,no,no,0.000000,0.000000,0.000,1.136,4.580,0.025,7.433
1991,1403715372.812143,94.000000,OK,OK,MM,no,362,545,0,545,116,429,0.2128,PoseOpt,no,no,229,10367,8712,165,no,no,no,0,0,0,no,no,0.000000,0.000000,0.000,1.262,5.009,0.027,6.945
1992,1403715372.862143,94.050000,OK,OK,MM,no,357,526,0,526,96,430,0.1825,PoseOpt,no,no,229,10367,8727,166,no,no,no,0,0,0,no,no,0.000000,0.000000,0.000,1.348,5.164,0.028,7.235
1993,1403715372.912143,94.100000,OK,OK,MM,no,363,522,0,522,99,423,0.1897,PoseOpt,no,no,229,10367,8549,162,no,no,no,0,0,0,no,no,0.000000,0.000000,0.000,1.312,5.015,0.027,7.012
1994,1403715372.962143,94.150000,OK,OK,MM,no,346,504,0,504,81,423,0.1607,PoseOpt,no,no,229,10367,8461,160,no,no,no,0,0,0,no,no,0.000000,0.000000,0.000,1.378,5.027,0.028,7.064
1995,1403715373.012143,94.200000,OK,OK,MM,no,351,516,0,516,112,404,0.2171,PoseOpt,no,no,229,10367,8528,163,no,no,no,0,0,0,no,no,0.000000,0.000000,0.000,1.452,5.569,0.032,7.816
1996,1403715373.062143,94.250000,OK,OK,MM,no,343,514,0,514,108,406,0.2101,PoseOpt,no,no,229,10367,8577,164,no,no,no,0,0,0,no,no,0.000000,0.000000,0.000,1.248,5.850,0.043,8.023
1997,1403715373.112143,94.300000,OK,OK,MM,no,330,513,0,513,110,403,0.2144,PoseOpt,no,no,229,10367,8549,162,no,no,no,0,0,0,no,no,0.000000,0.000000,0.000,1.289,5.055,0.029,7.043
1998,1403715373.162143,94.350000,OK,OK,MM,no,331,501,0,501,104,397,0.2076,PoseOpt,no,no,229,10367,8549,162,no,no,no,0,0,0,no,no,0.000000,0.000000,0.000,1.305,4.851,0.028,6.801
1999,1403715373.212143,94.400000,OK,OK,MM,no,320,493,0,493,95,398,0.1927,PoseOpt,no,no,229,10367,8534,161,no,no,no,0,0,0,no,no,0.000000,0.000000,0.000,1.155,5.273,0.036,7.247
2000,1403715373.262143,94.450000,OK,OK,MM,no,333,487,0,487,90,397,0.1848,PoseOpt,no,no,229,10367,8534,161,no,no,no,0,0,0,no,no,0.000000,0.000000,0.000,1.201,4.946,0.027,6.772
2001,1403715373.312143,94.500000,OK,OK,MM,no,329,488,0,488,99,389,0.2029,PoseOpt,no,no,229,10366,8527,163,yes,no,no,0,0,0,no,no,0.000000,0.000000,0.000,1.305,4.892,0.024,8.404
2002,1403715373.362143,94.550000,OK,OK,MM,no,323,502,0,502,114,388,0.2271,PoseOpt,no,no,229,10366,8473,161,no,no,no,0,0,0,no,no,0.000000,0.000000,0.000,1.164,4.283,0.024,7.620
2003,1403715373.412143,94.600000,OK,OK,MM,no,327,499,0,499,112,387,0.2244,PoseOpt,yes,yes,229,10366,8509,160,no,no,no,0,0,0,no,no,0.000000,0.000000,0.000,1.143,4.954,0.023,6.785
2004,1403715373.462143,94.650000,OK,OK,MM,no,300,516,0,516,95,421,0.1841,PoseOpt,no,no,230,10357,8372,158,no,no,no,0,0,0,no,no,0.000000,0.000000,0.000,1.121,4.287,0.024,6.020
2005,1403715373.512143,94.700000,OK,OK,MM,no,340,540,0,540,109,431,0.2019,PoseOpt,no,no,230,10357,8353,157,no,no,no,0,0,0,no,no,0.000000,0.000000,0.000,1.275,4.694,0.025,6.594
2006,1403715373.562143,94.750000,OK,OK,MM,no,368,521,0,521,93,428,0.1785,PoseOpt,no,no,230,10357,8353,157,no,no,no,0,0,0,no,no,0.000000,0.000000,0.000,1.420,4.768,0.025,6.838
2007,1403715373.612143,94.800000,OK,OK,MM,no,346,515,0,515,94,421,0.1825,PoseOpt,no,no,230,10357,8267,156,no,no,no,0,0,0,no,no,0.000000,0.000000,0.000,1.332,4.931,0.029,6.932
2008,1403715373.662143,94.850000,OK,OK,MM,no,330,476,0,476,83,393,0.1744,PoseOpt,no,no,230,10357,8226,154,no,no,no,0,0,0,no,no,0.000000,0.000000,0.000,1.315,4.631,0.028,6.531
2009,1403715373.712143,94.900000,OK,OK,MM,no,310,479,0,479,89,390,0.1858,PoseOpt,no,no,230,10357,8120,152,no,no,no,0,0,0,no,no,0.000000,0.000000,0.000,1.178,4.529,0.028,6.285
2010,1403715373.762143,94.950000,OK,OK,MM,no,314,512,0,512,98,414,0.1914,PoseOpt,no,no,230,10357,8159,153,no,no,no,0,0,0,no,no,0.000000,0.000000,0.000,1.302,5.043,0.027,6.989
2011,1403715373.812143,95.000000,OK,OK,MM,no,332,488,0,488,91,397,0.1865,PoseOpt,no,no,230,10357,8195,154,no,no,no,0,0,0,no,no,0.000000,0.000000,0.000,1.427,6.262,0.034,8.619
2012,1403715373.862143,95.050000,OK,OK,MM,no,328,486,0,486,104,382,0.2140,PoseOpt,no,no,230,10357,8159,153,no,no,no,0,0,0,no,no,0.000000,0.000000,0.000,1.288,4.614,0.029,6.504
2013,1403715373.912143,95.100000,OK,OK,MM,no,324,475,0,475,100,375,0.2105,PoseOpt,no,no,230,10357,8199,155,no,no,no,0,0,0,no,no,0.000000,0.000000,0.000,1.211,4.904,0.033,6.818
2014,1403715373.962143,95.150000,OK,OK,MM,no,312,466,0,466,104,362,0.2232,PoseOpt,no,no,230,10357,8199,155,no,no,no,0,0,0,no,no,0.000000,0.000000,0.000,1.165,4.454,0.027,6.252
2015,1403715374.012143,95.200000,OK,OK,MM,no,303,475,0,475,106,369,0.2232,PoseOpt,no,no,230,10356,8290,157,yes,no,no,0,0,0,no,no,0.000000,0.000000,0.000,1.161,4.915,0.025,6.701
2016,1403715374.062143,95.250000,OK,OK,MM,no,328,475,0,475,101,374,0.2126,PoseOpt,yes,yes,229,10344,8259,155,no,no,no,0,0,0,no,no,0.000000,0.000000,0.000,1.148,4.112,0.021,5.852
2017,1403715374.112143,95.300000,OK,OK,MM,no,307,502,0,502,107,395,0.2131,PoseOpt,no,no,230,10380,8296,157,no,no,no,0,0,0,no,no,0.000000,0.000000,0.000,1.042,4.119,0.024,5.724
2018,1403715374.162143,95.350000,OK,OK,MM,no,320,487,0,487,88,399,0.1807,PoseOpt,no,no,230,10380,8242,155,no,no,no,0,0,0,no,no,0.000000,0.000000,0.000,1.181,4.812,0.027,6.621
2019,1403715374.212143,95.400000,OK,OK,MM,no,328,489,0,489,94,395,0.1922,PoseOpt,no,no,230,10380,8155,152,no,no,no,0,0,0,no,no,0.000000,0.000000,0.000,1.181,4.474,0.028,6.303
2020,1403715374.262143,95.450000,OK,OK,MM,no,319,488,0,488,87,401,0.1783,PoseOpt,no,no,230,10380,8810,163,no,no,no,0,0,0,no,no,0.000000,0.000000,0.000,1.201,4.738,0.030,6.595
2021,1403715374.312143,95.500000,OK,OK,MM,no,326,471,0,471,95,376,0.2017,PoseOpt,no,no,230,10380,8863,167,no,no,no,0,0,0,no,no,0.000000,0.000000,0.000,1.166,4.710,0.029,6.468
2022,1403715374.362143,95.550000,OK,OK,MM,no,314,475,0,475,95,380,0.2000,PoseOpt,no,no,230,10380,8985,172,no,no,no,0,0,0,no,no,0.000000,0.000000,0.000,1.276,4.762,0.033,7.993
2023,1403715374.412143,95.600000,OK,OK,MM,no,309,487,0,487,94,393,0.1930,PoseOpt,no,no,230,10380,8998,168,no,no,no,0,0,0,no,no,0.000000,0.000000,0.000,1.210,4.713,0.046,8.415
2024,1403715374.462143,95.650000,OK,OK,MM,no,333,494,0,494,111,383,0.2247,PoseOpt,no,no,230,10380,9003,169,no,no,no,0,0,0,no,no,0.000000,0.000000,0.000,1.355,5.083,0.031,7.123
2025,1403715374.512143,95.700000,OK,OK,MM,no,307,501,0,501,108,393,0.2156,PoseOpt,no,no,230,10380,9047,170,no,no,no,0,0,0,no,no,0.000000,0.000000,0.000,1.375,4.949,0.028,6.910
2026,1403715374.562143,95.750000,OK,OK,MM,no,316,511,0,511,109,402,0.2133,PoseOpt,no,no,230,10380,8994,169,no,no,no,0,0,0,no,no,0.000000,0.000000,0.000,1.296,4.848,0.029,6.717
2027,1403715374.612143,95.800000,OK,OK,MM,no,347,501,0,501,92,409,0.1836,PoseOpt,no,no,230,10380,9130,175,yes,no,no,0,0,0,no,no,0.000000,0.000000,0.000,1.371,4.920,0.031,6.942
2028,1403715374.662143,95.850000,OK,OK,MM,no,348,492,0,492,98,394,0.1992,PoseOpt,no,no,229,10367,9067,174,no,no,no,0,0,0,no,no,0.000000,0.000000,0.000,1.223,4.859,0.024,6.713
2029,1403715374.712143,95.900000,OK,OK,MM,no,353,494,0,494,106,388,0.2146,PoseOpt,yes,yes,229,10367,9054,172,no,no,no,0,0,0,no,no,0.000000,0.000000,0.000,1.383,4.949,0.026,6.960
2030,1403715374.762143,95.950000,OK,OK,MM,no,335,534,0,534,99,435,0.1854,PoseOpt,no,no,230,10395,8944,169,no,no,no,0,0,0,no,no,0.000000,0.000000,0.000,1.364,5.305,0.026,7.286
2031,1403715374.812143,96.000000,OK,OK,MM,no,372,536,0,536,94,442,0.1754,PoseOpt,no,no,230,10395,8988,167,no,no,no,0,0,0,no,no,0.000000,0.000000,0.000,1.363,4.887,0.028,6.875
2032,1403715374.862143,96.050000,OK,OK,MM,no,371,509,0,509,97,412,0.1906,PoseOpt,no,no,230,10395,8962,166,no,no,no,0,0,0,no,no,0.000000,0.000000,0.000,1.356,4.832,0.027,6.808
2033,1403715374.912143,96.100000,OK,OK,MM,no,336,511,0,511,98,413,0.1918,PoseOpt,no,no,230,10395,8914,163,no,no,no,0,0,0,no,no,0.000000,0.000000,0.000,1.276,4.994,0.031,7.046
2034,1403715374.962143,96.150000,OK,OK,MM,no,350,493,0,493,106,387,0.2150,PoseOpt,no,no,230,10395,8937,164,no,no,no,0,0,0,no,no,0.000000,0.000000,0.000,1.451,5.513,0.045,8.116
2035,1403715375.012143,96.200000,OK,OK,MM,no,318,491,0,491,107,384,0.2179,PoseOpt,no,no,230,10395,8928,162,no,no,no,0,0,0,no,no,0.000000,0.000000,0.000,1.301,5.678,0.053,9.660
2036,1403715375.062143,96.250000,OK,OK,MM,no,327,454,0,454,99,355,0.2181,PoseOpt,no,no,230,10395,8928,162,no,no,no,0,0,0,no,no,0.000000,0.000000,0.000,1.190,5.080,0.034,7.014
2037,1403715375.112143,96.300000,OK,OK,MM,no,299,464,0,464,92,372,0.1983,PoseOpt,no,no,230,10395,8928,162,no,no,no,0,0,0,no,no,0.000000,0.000000,0.000,1.129,4.724,0.047,6.737
2038,1403715375.162143,96.350000,OK,OK,MM,no,317,442,0,442,100,342,0.2262,PoseOpt,no,no,230,10395,8862,160,no,no,no,0,0,0,no,no,0.000000,0.000000,0.000,1.186,4.801,0.037,6.590
2039,1403715375.212143,96.400000,OK,OK,MM,no,293,426,0,426,97,329,0.2277,PoseOpt,no,no,230,10394,8760,159,yes,no,no,0,0,0,no,no,0.000000,0.000000,0.000,1.228,4.971,0.029,6.854
2040,1403715375.262143,96.450000,OK,OK,MM,no,287,418,0,418,69,349,0.1651,PoseOpt,no,no,229,10390,8756,158,no,no,no,0,0,0,no,no,0.000000,0.000000,0.000,1.020,4.070,0.031,5.688
2041,1403715375.312143,96.500000,OK,OK,MM,no,298,430,0,430,97,333,0.2256,PoseOpt,yes,yes,228,10377,8633,153,no,no,no,0,0,0,no,no,0.000000,0.000000,0.000,1.109,3.958,0.025,5.618
2042,1403715375.362143,96.550000,OK,OK,MM,no,273,463,0,463,89,374,0.1922,PoseOpt,no,no,229,10396,8652,154,no,no,no,0,0,0,no,no,0.000000,0.000000,0.000,1.068,4.514,0.026,6.137
2043,1403715375.412143,96.600000,OK,OK,MM,no,314,465,0,465,88,377,0.1892,PoseOpt,no,no,229,10396,8731,156,no,no,no,0,0,0,no,no,0.000000,0.000000,0.000,1.218,4.302,0.024,6.086
2044,1403715375.462143,96.650000,OK,OK,MM,no,322,441,0,441,85,356,0.1927,PoseOpt,no,no,229,10396,8749,158,no,no,no,0,0,0,no,no,0.000000,0.000000,0.000,1.335,5.034,0.031,8.057
2045,1403715375.512143,96.700000,OK,OK,MM,no,309,436,0,436,92,344,0.2110,PoseOpt,no,no,229,10396,8749,158,no,no,no,0,0,0,no,no,0.000000,0.000000,0.000,1.187,6.074,0.026,7.849
2046,1403715375.562143,96.750000,OK,OK,MM,no,294,429,0,429,81,348,0.1888,PoseOpt,no,no,229,10396,8629,153,no,no,no,0,0,0,no,no,0.000000,0.000000,0.000,1.179,4.241,0.026,6.008
2047,1403715375.612143,96.800000,OK,OK,MM,no,298,409,0,409,81,328,0.1980,PoseOpt,no,no,229,10396,8569,152,no,no,no,0,0,0,no,no,0.000000,0.000000,0.000,1.091,4.035,0.025,5.665
2048,1403715375.662143,96.850000,OK,OK,MM,no,284,393,0,393,63,330,0.1603,PoseOpt,no,no,229,10396,8685,156,no,no,no,0,0,0,no,no,0.000000,0.000000,0.000,1.100,3.992,0.025,5.632
2049,1403715375.712143,96.900000,OK,OK,MM,no,296,380,0,380,80,300,0.2105,PoseOpt,no,no,229,10396,8564,146,no,no,no,0,0,0,no,no,0.000000,0.000000,0.000,1.114,5.062,0.038,6.776
2050,1403715375.762143,96.950000,OK,OK,MM,no,264,393,0,393,71,322,0.1807,PoseOpt,no,no,229,10395,8524,150,yes,no,no,0,0,0,no,no,0.000000,0.000000,0.000,1.198,4.142,0.022,5.851
2051,1403715375.812143,97.000000,OK,OK,MM,no,282,378,0,378,74,304,0.1958,PoseOpt,no,no,229,10395,8610,149,no,no,no,0,0,0,no,no,0.000000,0.000000,0.000,1.166,3.684,0.022,5.349
2052,1403715375.862143,97.050000,OK,OK,MM,no,269,371,0,371,64,307,0.1725,PoseOpt,yes,yes,229,10395,8383,142,no,no,no,0,0,0,no,no,0.000000,0.000000,0.000,0.978,3.580,0.020,5.035
2053,1403715375.912143,97.100000,OK,OK,MM,no,271,422,0,422,69,353,0.1635,PoseOpt,no,no,230,10394,8030,136,no,no,no,0,0,0,no,no,0.000000,0.000000,0.000,0.985,3.684,0.022,5.289
2054,1403715375.962143,97.150000,OK,OK,MM,no,310,400,0,400,73,327,0.1825,PoseOpt,no,no,230,10394,7872,134,no,no,no,0,0,0,no,no,0.000000,0.000000,0.000,1.143,3.767,0.022,5.480
2055,1403715376.012143,97.200000,OK,OK,MM,no,282,375,0,375,62,313,0.1653,PoseOpt,no,no,230,10394,7724,133,no,no,no,0,0,0,no,no,0.000000,0.000000,0.000,1.086,4.523,0.024,6.130
2056,1403715376.062143,97.250000,OK,OK,MM,no,274,392,0,392,70,322,0.1786,PoseOpt,no,no,230,10394,7724,133,no,no,no,0,0,0,no,no,0.000000,0.000000,0.000,1.133,3.929,0.020,5.562
2057,1403715376.112143,97.300000,OK,OK,MM,no,290,367,0,367,65,302,0.1771,PoseOpt,no,no,230,10394,7724,133,no,no,no,0,0,0,no,no,0.000000,0.000000,0.000,1.344,3.736,0.021,5.565
2058,1403715376.162143,97.350000,OK,OK,MM,no,266,357,0,357,54,303,0.1513,PoseOpt,no,no,230,10392,7662,132,yes,no,no,0,0,0,no,no,0.000000,0.000000,0.000,1.057,3.780,0.021,5.331
2059,1403715376.212143,97.400000,OK,OK,MM,no,283,354,0,354,51,303,0.1441,PoseOpt,yes,yes,230,10392,7660,129,no,no,no,0,0,0,no,no,0.000000,0.000000,0.000,1.050,3.211,0.019,4.729
2060,1403715376.262143,97.450000,OK,OK,MM,no,269,333,0,333,51,282,0.1532,PoseOpt,no,no,231,10411,7772,130,no,no,no,0,0,0,no,no,0.000000,0.000000,0.000,1.013,3.186,0.020,4.603
2061,1403715376.312143,97.500000,OK,OK,MM,no,250,317,0,317,53,264,0.1672,PoseOpt,no,no,231,10411,7132,117,no,no,no,0,0,0,no,no,0.000000,0.000000,0.000,1.013,3.301,0.020,4.753
2062,1403715376.362143,97.550000,OK,OK,MM,no,235,311,0,311,52,259,0.1672,PoseOpt,no,no,231,10411,6875,105,no,no,no,0,0,0,no,no,0.000000,0.000000,0.000,0.917,3.028,0.020,4.371
2063,1403715376.412143,97.600000,OK,OK,MM,no,235,316,0,316,57,259,0.1804,PoseOpt,no,no,231,10411,6926,106,no,no,no,0,0,0,no,no,0.000000,0.000000,0.000,0.994,3.513,0.023,4.982
2064,1403715376.462143,97.650000,OK,OK,MM,no,241,332,0,332,56,276,0.1687,PoseOpt,no,no,231,10411,6926,106,yes,no,no,0,0,0,no,no,0.000000,0.000000,0.000,1.008,6.466,0.018,7.985
2065,1403715376.512143,97.700000,OK,OK,MM,no,245,333,0,333,52,281,0.1562,PoseOpt,yes,yes,230,10402,6866,104,no,no,no,0,0,0,no,no,0.000000,0.000000,0.000,0.968,2.980,0.017,4.363
2066,1403715376.562143,97.750000,OK,OK,MM,no,261,349,0,349,59,290,0.1691,PoseOpt,no,no,231,10408,7327,116,no,no,no,0,0,0,no,no,0.000000,0.000000,0.000,1.026,3.208,0.021,4.626
2067,1403715376.612143,97.800000,OK,OK,MM,no,264,339,0,339,55,284,0.1622,PoseOpt,no,no,231,10408,7336,116,no,no,no,0,0,0,no,no,0.000000,0.000000,0.000,1.230,3.491,0.018,5.140
2068,1403715376.662143,97.850000,OK,OK,MM,no,272,333,0,333,47,286,0.1411,PoseOpt,no,no,231,10408,7305,116,no,no,no,0,0,0,no,no,0.000000,0.000000,0.000,1.081,3.370,0.024,5.923
2069,1403715376.712143,97.900000,OK,OK,MM,no,268,350,0,350,56,294,0.1600,PoseOpt,no,no,231,10405,7244,112,yes,no,no,0,0,0,no,no,0.000000,0.000000,0.000,1.105,3.505,0.016,8.269
2070,1403715376.762143,97.950000,OK,OK,MM,no,266,337,0,337,60,277,0.1780,PoseOpt,no,no,230,10396,7317,115,no,no,no,0,0,0,no,no,0.000000,0.000000,0.000,1.061,2.839,0.017,4.279
2071,1403715376.812143,98.000000,OK,OK,MM,no,255,319,0,319,59,260,0.1850,PoseOpt,yes,yes,230,10396,7388,122,no,no,no,0,0,0,no,no,0.000000,0.000000,0.000,1.531,5.434,0.017,7.448
2072,1403715376.862143,98.050000,OK,OK,MM,no,233,340,0,340,57,283,0.1676,PoseOpt,no,no,231,10437,6861,104,no,no,no,0,0,0,no,no,0.000000,0.000000,0.000,0.894,2.960,0.019,4.249
2073,1403715376.912143,98.100000,OK,OK,MM,no,265,353,0,353,75,278,0.2125,PoseOpt,no,no,231,10437,6912,105,no,no,no,0,0,0,no,no,0.000000,0.000000,0.000,1.237,4.122,0.020,5.803
2074,1403715376.962143,98.150000,OK,OK,MM,no,257,323,0,323,51,272,0.1579,PoseOpt,no,no,231,10437,6912,105,no,no,no,0,0,0,no,no,0.000000,0.000000,0.000,1.262,3.598,0.023,5.330
2075,1403715377.012143,98.200000,OK,OK,MM,no,241,277,0,277,66,211,0.2383,PoseOpt,no,no,231,10437,6430,90,no,no,no,0,0,0,no,no,0.000000,0.000000,0.000,0.957,3.445,0.021,4.904
2076,1403715377.062143,98.250000,OK,OK,MM,no,187,272,0,272,66,206,0.2426,PoseOpt,no,no,230,10426,5827,81,yes,no,no,0,0,0,no,no,0.000000,0.000000,0.000,0.753,2.369,0.017,3.495
2077,1403715377.112143,98.300000,OK,OK,MM,no,192,241,0,241,64,177,0.2656,PoseOpt,yes,yes,230,10426,5827,81,no,no,no,0,0,0,no,no,0.000000,0.000000,0.000,0.727,2.335,0.019,3.484
2078,1403715377.162143,98.350000,OK,OK,MM,no,165,288,0,288,71,217,0.2465,PoseOpt,no,no,231,10416,5638,81,no,no,no,0,0,0,no,no,0.000000,0.000000,0.000,0.632,2.607,0.014,3.657
2079,1403715377.212143,98.400000,OK,OK,MM,no,202,272,0,272,74,198,0.2721,PoseOpt,no,no,231,10416,5880,81,no,no,no,0,0,0,no,no,0.000000,0.000000,0.000,0.877,2.970,0.023,5.734
2080,1403715377.262143,98.450000,OK,OK,MM,no,187,255,0,255,73,182,0.2863,PoseOpt,no,no,231,10416,5846,81,no,no,no,0,0,0,no,no,0.000000,0.000000,0.000,0.804,2.868,0.020,4.177
2081,1403715377.312143,98.500000,OK,OK,MM,no,171,262,0,262,63,199,0.2405,PoseOpt,no,no,231,10415,5705,81,yes,no,no,0,0,0,no,no,0.000000,0.000000,0.000,0.731,2.723,0.021,3.944
2082,1403715377.362143,98.550000,OK,OK,MM,no,185,266,0,266,74,192,0.2782,PoseOpt,yes,yes,231,10415,5705,81,no,no,no,0,0,0,no,no,0.000000,0.000000,0.000,0.810,2.360,0.017,3.603
2083,1403715377.412143,98.600000,OK,OK,MM,no,183,268,0,268,77,191,0.2873,PoseOpt,no,no,232,10425,6335,80,no,no,no,0,0,0,no,no,0.000000,0.000000,0.000,0.746,2.660,0.015,3.891
2084,1403715377.462143,98.650000,OK,OK,MM,no,176,266,0,266,71,195,0.2669,PoseOpt,no,no,232,10425,5648,81,no,no,no,0,0,0,no,no,0.000000,0.000000,0.000,0.744,2.774,0.016,4.004
2085,1403715377.512143,98.700000,OK,OK,MM,no,182,245,0,245,76,169,0.3102,PoseOpt,no,no,232,10425,5648,81,no,no,no,0,0,0,no,no,0.000000,0.000000,0.000,0.718,2.901,0.019,4.159
2086,1403715377.562143,98.750000,OK,OK,MM,no,158,244,0,244,79,165,0.3238,PoseOpt,no,no,232,10424,5647,81,yes,no,no,0,0,0,no,no,0.000000,0.000000,0.000,0.629,2.553,0.013,3.639
2087,1403715377.612143,98.800000,OK,OK,MM,no,148,236,0,236,88,148,0.3729,PoseOpt,no,no,231,10411,6929,102,no,no,no,0,0,0,no,no,0.000000,0.000000,0.000,0.680,2.761,0.016,3.928
2088,1403715377.662143,98.850000,OK,OK,MM,no,141,223,0,223,81,142,0.3632,PoseOpt,yes,yes,231,10411,5701,81,no,no,no,0,0,0,no,no,0.000000,0.000000,0.000,0.564,2.557,0.012,3.542
2089,1403715377.712143,98.900000,OK,OK,MM,no,128,265,0,265,77,188,0.2906,PoseOpt,no,no,232,10473,5696,81,no,no,no,0,0,0,no,no,0.000000,0.000000,0.000,0.518,2.622,0.015,3.573
2090,1403715377.762143,98.950000,OK,OK,MM,no,165,261,0,261,88,173,0.3372,PoseOpt,no,no,232,10473,5696,81,no,no,no,0,0,0,no,no,0.000000,0.000000,0.000,0.837,3.048,0.016,4.344
2091,1403715377.812143,99.000000,OK,OK,MM,no,155,233,0,233,87,146,0.3734,PoseOpt,no,no,232,10473,5604,78,no,no,no,0,0,0,no,no,0.000000,0.000000,0.000,0.642,2.638,0.023,5.444
2092,1403715377.862143,99.050000,OK,OK,MM,no,132,257,0,257,80,177,0.3113,PoseOpt,no,no,232,10473,5604,78,yes,no,no,0,0,0,no,no,0.000000,0.000000,0.000,0.531,2.577,0.013,3.579
2093,1403715377.912143,99.100000,OK,OK,MM,no,150,238,0,238,87,151,0.3655,PoseOpt,yes,yes,232,10473,5604,78,no,no,no,0,0,0,no,no,0.000000,0.000000,0.000,0.641,2.649,0.013,3.765
2094,1403715377.962143,99.150000,OK,OK,MM,no,138,271,0,271,103,168,0.3801,PoseOpt,no,no,233,10491,5622,79,no,no,no,0,0,0,no,no,0.000000,0.000000,0.000,0.553,2.479,0.015,3.468
2095,1403715378.012143,99.200000,OK,OK,MM,no,154,264,0,264,103,161,0.3902,PoseOpt,no,no,233,10491,5765,81,no,no,no,0,0,0,no,no,0.000000,0.000000,0.000,0.614,2.913,0.016,4.008
2096,1403715378.062143,99.250000,OK,OK,MM,no,139,243,0,243,90,153,0.3704,PoseOpt,no,no,233,10491,5740,81,no,no,no,0,0,0,no,no,0.000000,0.000000,0.000,0.603,2.679,0.015,3.757
2097,1403715378.112143,99.300000,OK,OK,MM,no,143,236,0,236,91,145,0.3856,PoseOpt,no,no,233,10491,5737,81,no,no,no,0,0,0,no,no,0.000000,0.000000,0.000,0.599,2.656,0.015,3.724
2098,1403715378.162143,99.350000,OK,OK,MM,no,132,224,0,224,71,153,0.3170,PoseOpt,no,no,233,10484,5730,81,yes,no,no,0,0,0,no,no,0.000000,0.000000,0.000,0.602,5.662,0.013,6.749
2099,1403715378.212143,99.400000,OK,OK,MM,no,140,229,0,229,86,143,0.3755,PoseOpt,yes,yes,233,10484,5736,81,no,no,no,0,0,0,no,no,0.000000,0.000000,0.000,0.609,2.714,0.013,3.849
2100,1403715378.262143,99.450000,OK,OK,MM,no,126,291,0,291,83,208,0.2852,PoseOpt,no,no,234,10558,5711,81,no,no,no,0,0,0,no,no,0.000000,0.000000,0.000,0.526,2.698,0.017,3.720
2101,1403715378.312143,99.500000,OK,OK,MM,no,185,298,0,298,91,207,0.3054,PoseOpt,no,no,234,10558,5735,81,no,no,no,0,0,0,no,no,0.000000,0.000000,0.000,0.805,2.834,0.018,4.196
2102,1403715378.362143,99.550000,OK,OK,MM,no,189,280,0,280,89,191,0.3179,PoseOpt,no,no,234,10558,5814,81,no,no,no,0,0,0,no,no,0.000000,0.000000,0.000,0.814,3.207,0.018,4.543
2103,1403715378.412143,99.600000,OK,OK,MM,no,174,270,0,270,92,178,0.3407,PoseOpt,no,no,234,10558,6623,96,no,no,no,0,0,0,no,no,0.000000,0.000000,0.000,0.728,3.400,0.018,4.652
2104,1403715378.462143,99.650000,OK,OK,MM,no,155,286,0,286,98,188,0.3427,PoseOpt,no,no,234,10558,5731,81,no,no,no,0,0,0,no,no,0.000000,0.000000,0.000,0.771,4.852,0.023,7.811
2105,1403715378.512143,99.700000,OK,OK,MM,no,171,283,0,283,123,160,0.4346,PoseOpt,no,no,234,10558,6650,96,no,no,no,0,0,0,no,no,0.000000,0.000000,0.000,0.694,3.372,0.018,4.588
2106,1403715378.562143,99.750000,OK,OK,MM,no,137,278,0,278,139,139,0.5000,PoseOpt,no,no,234,10558,7227,106,no,no,no,0,0,0,no,no,0.000000,0.000000,0.000,0.637,3.804,0.023,5.079
2107,1403715378.612143,99.800000,OK,OK,MM,no,124,332,0,332,152,180,0.4578,PoseOpt,no,no,234,10554,6729,100,yes,no,no,0,0,0,no,no,0.000000,0.000000,0.000,0.573,3.335,0.014,4.464
2108,1403715378.662143,99.850000,OK,OK,MM,no,162,373,0,373,163,210,0.4370,PoseOpt,no,no,233,10546,7521,122,no,no,no,0,0,0,no,no,0.000000,0.000000,0.000,0.674,3.582,0.015,4.844
2109,1403715378.712143,99.900000,OK,OK,MM,no,184,421,0,421,116,305,0.2755,PoseOpt,no,no,233,10546,7554,122,no,no,no,0,0,0,no,no,0.000000,0.000000,0.000,0.774,4.156,0.016,5.517
2110,1403715378.762143,99.950000,OK,OK,MM,no,264,438,0,438,121,317,0.2763,PoseOpt,yes,yes,233,10546,8050,132,no,no,no,0,0,0,no,no,0.000000,0.000000,0.000,1.239,4.402,0.018,6.266
2111,1403715378.812143,100.000000,OK,OK,MM,no,277,498,0,498,114,384,0.2289,PoseOpt,no,no,234,10535,8317,140,no,no,no,0,0,0,no,no,0.000000,0.000000,0.000,1.018,4.272,0.024,5.896
2112,1403715378.862143,100.050000,OK,OK,MM,no,326,493,0,493,105,388,0.2130,PoseOpt,no,no,234,10535,8371,141,no,no,no,0,0,0,no,no,0.000000,0.000000,0.000,1.221,4.492,0.025,6.314
2113,1403715378.912143,100.100000,OK,OK,MM,no,327,456,0,456,95,361,0.2083,PoseOpt,no,no,234,10535,8521,146,no,no,no,0,0,0,no,no,0.000000,0.000000,0.000,1.219,4.903,0.027,6.854
2114,1403715378.962143,100.150000,OK,OK,MM,no,302,463,0,463,115,348,0.2484,PoseOpt,no,no,234,10535,8431,142,no,no,no,0,0,0,no,no,0.000000,0.000000,0.000,1.214,4.788,0.025,6.626
2115,1403715379.012143,100.200000,OK,OK,MM,no,295,455,0,455,107,348,0.2352,PoseOpt,no,no,234,10535,8466,145,no,no,no,0,0,0,no,no,0.000000,0.000000,0.000,1.220,4.430,0.024,6.238
2116,1403715379.062143,100.250000,OK,OK,MM,no,305,463,0,463,112,351,0.2419,PoseOpt,no,no,234,10535,8416,145,no,no,no,0,0,0,no,no,0.000000,0.000000,0.000,1.223,4.488,0.026,6.276
2117,1403715379.112143,100.300000,OK,OK,MM,no,297,466,0,466,100,366,0.2146,PoseOpt,no,no,234,10535,8399,144,no,no,no,0,0,0,no,no,0.000000,0.000000,0.000,1.213,5.467,0.036,7.453
2118,1403715379.162143,100.350000,OK,OK,MM,no,312,473,0,473,111,362,0.2347,PoseOpt,no,no,234,10535,8319,140,no,no,no,0,0,0,no,no,0.000000,0.000000,0.000,1.491,5.649,0.037,7.888
2119,1403715379.212143,100.400000,OK,OK,MM,no,305,492,0,492,124,368,0.2520,PoseOpt,no,no,234,10529,8363,142,yes,no,no,0,0,0,no,no,0.000000,0.000000,0.000,1.362,4.436,0.024,13.854
2120,1403715379.262143,100.450000,OK,OK,MM,no,310,497,0,497,122,375,0.2455,PoseOpt,no,no,234,10529,8432,145,no,no,no,0,0,0,no,no,0.000000,0.000000,0.000,1.314,4.211,0.021,6.119
2121,1403715379.312143,100.500000,OK,OK,MM,no,328,494,0,494,115,379,0.2328,PoseOpt,no,no,233,10519,8182,138,no,no,no,0,0,0,no,no,0.000000,0.000000,0.000,1.233,4.180,0.020,5.966
2122,1403715379.362143,100.550000,OK,OK,MM,no,328,493,0,493,101,392,0.2049,PoseOpt,no,no,233,10519,8182,138,no,no,no,0,0,0,no,no,0.000000,0.000000,0.000,1.240,4.433,0.024,6.386
2123,1403715379.412143,100.600000,OK,OK,MM,no,347,502,0,502,105,397,0.2092,PoseOpt,no,no,233,10519,8383,143,no,no,no,0,0,0,no,no,0.000000,0.000000,0.000,1.296,5.217,0.022,7.117
2124,1403715379.462143,100.650000,OK,OK,MM,no,329,480,0,480,108,372,0.2250,PoseOpt,yes,yes,233,10519,8383,143,no,no,no,0,0,0,no,no,0.000000,0.000000,0.000,1.296,4.353,0.021,6.273
2125,1403715379.512143,100.700000,OK,OK,MM,no,325,507,0,507,99,408,0.1953,PoseOpt,no,no,234,10456,7883,135,no,no,no,0,0,0,no,no,0.000000,0.000000,0.000,1.228,5.668,0.023,7.514
2126,1403715379.562143,100.750000,OK,OK,MM,no,352,474,0,474,83,391,0.1751,PoseOpt,no,no,234,10456,7883,135,no,no,no,0,0,0,no,no,0.000000,0.000000,0.000,1.343,4.434,0.024,6.417
2127,1403715379.612143,100.800000,OK,OK,MM,no,330,494,0,494,102,392,0.2065,PoseOpt,no,no,234,10456,8301,148,no,no,no,0,0,0,no,no,0.000000,0.000000,0.000,1.276,5.113,0.029,8.064
2128,1403715379.662143,100.850000,OK,OK,MM,no,324,479,0,479,108,371,0.2255,PoseOpt,no,no,234,10456,8301,148,no,no,no,0,0,0,no,no,0.000000,0.000000,0.000,1.299,4.536,0.027,6.421
2129,1403715379.712143,100.900000,OK,OK,MM,no,313,468,0,468,85,383,0.1816,PoseOpt,no,no,234,10456,7924,140,no,no,no,0,0,0,no,no,0.000000,0.000000,0.000,1.325,4.393,0.026,6.306
2130,1403715379.762143,100.950000,OK,OK,MM,no,308,467,0,467,106,361,0.2270,PoseOpt,no,no,234,10456,7885,139,no,no,no,0,0,0,no,no,0.000000,0.000000,0.000,1.207,4.835,0.031,6.788
2131,1403715379.812143,101.000000,OK,OK,MM,no,304,468,0,468,107,361,0.2286,PoseOpt,no,no,234,10456,7979,141,no,no,no,0,0,0,no,no,0.000000,0.000000,0.000,1.289,5.158,0.035,7.212
2132,1403715379.862143,101.050000,OK,OK,MM,no,293,442,0,442,94,348,0.2127,PoseOpt,no,no,234,10456,7924,140,no,no,no,0,0,0,no,no,0.000000,0.000000,0.000,1.289,4.316,0.026,6.228
2133,1403715379.912143,101.100000,OK,OK,MM,no,284,442,0,442,89,353,0.2014,PoseOpt,no,no,234,10452,7881,139,yes,no,no,0,0,0,no,no,0.000000,0.000000,0.000,1.317,4.986,0.021,6.973
2134,1403715379.962143,101.150000,OK,OK,MM,no,275,427,0,427,85,342,0.1991,PoseOpt,yes,yes,234,10452,7920,140,no,no,no,0,0,0,no,no,0.000000,0.000000,0.000,1.242,4.294,0.024,6.207
2135,1403715380.012143,101.200000,OK,OK,MM,no,288,452,0,452,89,363,0.1969,PoseOpt,no,no,235,10475,7943,141,no,no,no,0,0,0,no,no,0.000000,0.000000,0.000,1.141,4.149,0.023,5.862
2136,1403715380.062143,101.250000,OK,OK,MM,no,307,459,0,459,90,369,0.1961,PoseOpt,no,no,235,10475,7886,136,no,no,no,0,0,0,no,no,0.000000,0.000000,0.000,1.254,4.232,0.024,6.070
2137,1403715380.112143,101.300000,OK,OK,MM,no,296,426,0,426,86,340,0.2019,PoseOpt,no,no,235,10475,7886,136,no,no,no,0,0,0,no,no,0.000000,0.000000,0.000,1.403,4.682,0.026,6.734
2138,1403715380.162143,101.350000,OK,OK,MM,no,270,416,0,416,94,322,0.2260,PoseOpt,no,no,235,10475,7853,140,no,no,no,0,0,0,no,no,0.000000,0.000000,0.000,1.202,5.829,0.025,7.659
2139,1403715380.212143,101.400000,OK,OK,MM,no,269,423,0,423,108,315,0.2553,PoseOpt,no,no,235,10475,8008,143,no,no,no,0,0,0,no,no,0.000000,0.000000,0.000,1.206,5.154,0.037,7.217
2140,1403715380.262143,101.450000,OK,OK,MM,no,261,422,0,422,97,325,0.2299,PoseOpt,no,no,235,10475,7844,140,no,no,no,0,0,0,no,no,0.000000,0.000000,0.000,1.256,4.819,0.036,6.793
2141,1403715380.312143,101.500000,OK,OK,MM,no,262,409,0,409,84,325,0.2054,PoseOpt,no,no,235,10474,7917,142,yes,no,no,0,0,0,no,no,0.000000,0.000000,0.000,1.238,4.212,0.022,10.270
2142,1403715380.362143,101.550000,OK,OK,MM,no,277,392,0,392,83,309,0.2117,PoseOpt,no,no,235,10474,7917,142,no,no,no,0,0,0,no,no,0.000000,0.000000,0.000,1.188,3.911,0.021,5.685
2143,1403715380.412143,101.600000,OK,OK,MM,no,266,409,0,409,85,324,0.2078,PoseOpt,yes,yes,234,10460,7983,142,no,no,no,0,0,0,no,no,0.000000,0.000000,0.000,1.163,4.568,0.023,6.403
2144,1403715380.462143,101.650000,OK,OK,MM,no,275,411,0,411,80,331,0.1946,PoseOpt,no,no,235,10430,7953,143,no,no,no,0,0,0,no,no,0.000000,0.000000,0.000,1.149,5.425,0.019,7.182
2145,1403715380.512143,101.700000,OK,OK,MM,no,278,412,0,412,79,333,0.1917,PoseOpt,no,no,235,10430,8014,145,no,no,no,0,0,0,no,no,0.000000,0.000000,0.000,1.198,4.332,0.024,6.154
2146,1403715380.562143,101.750000,OK,OK,MM,no,274,398,0,398,79,319,0.1985,PoseOpt,no,no,235,10430,7685,138,no,no,no,0,0,0,no,no,0.000000,0.000000,0.000,1.259,4.174,0.028,6.127
2147,1403715380.612143,101.800000,OK,OK,MM,no,270,399,0,399,81,318,0.2030,PoseOpt,no,no,235,10430,7967,145,no,no,no,0,0,0,no,no,0.000000,0.000000,0.000,1.305,4.599,0.026,6.611
2148,1403715380.662143,101.850000,OK,OK,MM,no,275,407,0,407,85,322,0.2088,PoseOpt,no,no,235,10430,7967,145,no,no,no,0,0,0,no,no,0.000000,0.000000,0.000,1.200,4.249,0.030,6.694
2149,1403715380.712143,101.900000,OK,OK,MM,no,272,391,0,391,79,312,0.2020,PoseOpt,no,no,235,10430,7636,137,no,no,no,0,0,0,no,no,0.000000,0.000000,0.000,1.266,6.371,0.029,8.375
2150,1403715380.762143,101.950000,OK,OK,MM,no,263,400,0,400,73,327,0.1825,PoseOpt,no,no,235,10430,7967,145,yes,no,no,0,0,0,no,no,0.000000,0.000000,0.000,1.393,4.298,0.023,6.333
2151,1403715380.812143,102.000000,OK,OK,MM,no,272,406,0,406,78,328,0.1921,PoseOpt,no,no,235,10430,7967,145,no,no,no,0,0,0,no,no,0.000000,0.000000,0.000,1.191,4.077,0.022,5.951
2152,1403715380.862143,102.050000,OK,OK,MM,no,271,389,0,389,85,304,0.2185,PoseOpt,yes,yes,235,10430,7992,146,no,no,no,0,0,0,no,no,0.000000,0.000000,0.000,1.191,4.248,0.020,6.040
2153,1403715380.912143,102.100000,OK,OK,MM,no,252,450,0,450,77,373,0.1711,PoseOpt,no,no,236,10446,7983,146,no,no,no,0,0,0,no,no,0.000000,0.000000,0.000,1.078,4.164,0.021,5.842
2154,1403715380.962143,102.150000,OK,OK,MM,no,314,437,0,437,77,360,0.1762,PoseOpt,no,no,236,10446,6898,122,no,no,no,0,0,0,no,no,0.000000,0.000000,0.000,1.398,4.135,0.023,6.135
2155,1403715381.012143,102.200000,OK,OK,MM,no,297,434,0,434,84,350,0.1935,PoseOpt,no,no,236,10446,6947,124,no,no,no,0,0,0,no,no,0.000000,0.000000,0.000,1.393,4.157,0.026,6.280
2156,1403715381.062143,102.250000,OK,OK,MM,no,284,398,0,398,80,318,0.2010,PoseOpt,no,no,236,10446,6879,121,no,no,no,0,0,0,no,no,0.000000,0.000000,0.000,1.270,3.916,0.023,5.786
2157,1403715381.112143,102.300000,OK,OK,MM,no,247,401,0,401,90,311,0.2244,PoseOpt,no,no,236,10446,6905,122,no,no,no,0,0,0,no,no,0.000000,0.000000,0.000,1.226,4.574,0.034,6.624
2158,1403715381.162143,102.350000,OK,OK,MM,no,253,451,0,451,98,353,0.2173,PoseOpt,no,no,236,10445,6946,124,yes,no,no,0,0,0,no,no,0.000000,0.000000,0.000,1.180,4.085,0.019,5.915
2159,1403715381.212143,102.400000,OK,OK,MM,no,296,418,0,418,80,338,0.1914,PoseOpt,no,no,236,10445,6995,125,no,no,no,0,0,0,no,no,0.000000,0.000000,0.000,1.249,4.068,0.021,5.983
2160,1403715381.262143,102.450000,OK,OK,MM,no,281,417,0,417,93,324,0.2230,PoseOpt,yes,yes,235,10436,6985,124,no,no,no,0,0,0,no,no,0.000000,0.000000,0.000,1.188,4.643,0.019,6.463
2161,1403715381.312143,102.500000,OK,OK,MM,no,263,428,0,428,100,328,0.2336,PoseOpt,no,no,236,10468,6968,124,no,no,no,0,0,0,no,no,0.000000,0.000000,0.000,1.142,5.036,0.021,8.478
2162,1403715381.362143,102.550000,OK,OK,MM,no,270,414,0,414,94,320,0.2271,PoseOpt,no,no,236,10468,6968,124,no,no,no,0,0,0,no,no,0.000000,0.000000,0.000,1.159,3.924,0.022,5.681
2163,1403715381.412143,102.600000,OK,OK,MM,no,275,428,0,428,96,332,0.2243,PoseOpt,no,no,236,10468,6968,124,no,no,no,0,0,0,no,no,0.000000,0.000000,0.000,1.276,4.369,0.031,6.397
2164,1403715381.462143,102.650000,OK,OK,MM,no,282,432,0,432,91,341,0.2106,PoseOpt,no,no,236,10468,6970,125,no,no,no,0,0,0,no,no,0.000000,0.000000,0.000,1.267,4.081,0.023,5.957
2165,1403715381.512143,102.700000,OK,OK,MM,no,284,403,0,403,91,312,0.2258,PoseOpt,no,no,236,10468,6990,126,no,no,no,0,0,0,no,no,0.000000,0.000000,0.000,1.370,4.673,0.031,6.823
2166,1403715381.562143,102.750000,OK,OK,MM,no,269,439,0,439,89,350,0.2027,PoseOpt,no,no,236,10468,6990,126,yes,no,no,0,0,0,no,no,0.000000,0.000000,0.000,1.254,4.072,0.020,5.951
2167,1403715381.612143,102.800000,OK,OK,MM,no,302,438,0,438,96,342,0.2192,PoseOpt,no,no,235,10454,6912,123,no,no,no,0,0,0,no,no,0.000000,0.000000,0.000,1.226,4.718,0.023,6.657
2168,1403715381.662143,102.850000,OK,OK,MM,no,284,424,0,424,107,317,0.2524,PoseOpt,yes,yes,235,10454,7095,125,no,no,no,0,0,0,no,no,0.000000,0.000000,0.000,1.219,4.368,0.021,6.242
2169,1403715381.712143,102.900000,OK,OK,MM,no,260,442,0,442,100,342,0.2262,PoseOpt,no,no,236,10461,7124,128,no,no,no,0,0,0,no,no,0.000000,0.000000,0.000,1.137,3.954,0.023,5.716
2170,1403715381.762143,102.950000,OK,OK,MM,no,284,461,0,461,105,356,0.2278,PoseOpt,no,no,236,10461,7124,128,no,no,no,0,0,0,no,no,0.000000,0.000000,0.000,1.161,4.139,0.024,5.954
2171,1403715381.812143,103.000000,OK,OK,MM,no,294,466,0,466,106,360,0.2275,PoseOpt,no,no,236,10461,7062,127,no,no,no,0,0,0,no,no,0.000000,0.000000,0.000,1.266,5.005,0.029,8.062
2172,1403715381.862143,103.050000,OK,OK,MM,no,300,461,0,461,107,354,0.2321,PoseOpt,no,no,236,10461,7171,129,no,no,no,0,0,0,no,no,0.000000,0.000000,0.000,1.327,5.290,0.023,7.307
2173,1403715381.912143,103.100000,OK,OK,MM,no,286,492,0,492,119,373,0.2419,PoseOpt,no,no,236,10461,7244,131,no,no,no,0,0,0,no,no,0.000000,0.000000,0.000,1.195,4.548,0.030,6.564
2174,1403715381.962143,103.150000,OK,OK,MM,no,308,474,0,474,107,367,0.2257,PoseOpt,no,no,236,10461,7250,132,no,no,no,0,0,0,no,no,0.000000,0.000000,0.000,1.299,4.442,0.025,6.497
2175,1403715382.012143,103.200000,OK,OK,MM,no,293,492,0,492,129,363,0.2622,PoseOpt,no,no,236,10461,7250,132,no,no,no,0,0,0,no,no,0.000000,0.000000,0.000,1.347,5.156,0.031,7.305
2176,1403715382.062143,103.250000,OK,OK,MM,no,294,492,0,492,115,377,0.2337,PoseOpt,no,no,236,10461,7341,134,no,no,no,0,0,0,no,no,0.000000,0.000000,0.000,1.233,4.478,0.025,6.346
2177,1403715382.112143,103.300000,OK,OK,MM,no,317,491,0,491,121,370,0.2464,PoseOpt,no,no,236,10461,7321,133,no,no,no,0,0,0,no,no,0.000000,0.000000,0.000,1.420,5.551,0.038,7.868
2178,1403715382.162143,103.350000,OK,OK,MM,no,306,504,0,504,126,378,0.2500,PoseOpt,no,no,236,10458,7315,133,yes,no,no,0,0,0,no,no,0.000000,0.000000,0.000,1.254,4.612,0.021,6.531
2179,1403715382.212143,103.400000,OK,OK,MM,no,314,475,0,475,114,361,0.2400,PoseOpt,no,no,236,10458,7288,132,no,no,no,0,0,0,no,no,0.000000,0.000000,0.000,1.225,4.093,0.024,6.085
2180,1403715382.262143,103.450000,OK,OK,MM,no,308,502,0,502,126,376,0.2510,PoseOpt,no,no,236,10458,7824,141,no,no,no,0,0,0,no,no,0.000000,0.000000,0.000,1.259,4.678,0.023,6.624
2181,1403715382.312143,103.500000,OK,OK,MM,no,288,480,0,480,123,357,0.2562,PoseOpt,no,no,236,10458,7750,137,no,no,no,0,0,0,no,no,0.000000,0.000000,0.000,1.201,4.428,0.024,6.300
2182,1403715382.362143,103.550000,OK,OK,MM,no,277,495,0,495,139,356,0.2808,PoseOpt,yes,yes,236,10458,7748,136,no,no,no,0,0,0,no,no,0.000000,0.000000,0.000,1.248,4.254,0.021,6.225
2183,1403715382.412143,103.600000,OK,OK,MM,no,295,482,0,482,109,373,0.2261,PoseOpt,no,no,237,10442,7806,141,no,no,no,0,0,0,no,no,0.000000,0.000000,0.000,1.222,4.296,0.023,7.115
2184,1403715382.462143,103.650000,OK,OK,MM,no,293,479,0,479,103,376,0.2150,PoseOpt,no,no,237,10442,7760,139,no,no,no,0,0,0,no,no,0.000000,0.000000,0.000,1.216,5.397,0.024,7.315
2185,1403715382.512143,103.700000,OK,OK,MM,no,292,490,0,490,123,367,0.2510,PoseOpt,no,no,237,10442,7781,140,no,no,no,0,0,0,no,no,0.000000,0.000000,0.000,1.234,4.982,0.038,8.637
2186,1403715382.562143,103.750000,OK,OK,MM,no,304,472,0,472,116,356,0.2458,PoseOpt,no,no,237,10442,7808,142,no,no,no,0,0,0,no,no,0.000000,0.000000,0.000,1.230,4.623,0.027,6.493
2187,1403715382.612143,103.800000,OK,OK,MM,no,291,474,0,474,126,348,0.2658,PoseOpt,no,no,237,10442,7808,142,no,no,no,0,0,0,no,no,0.000000,0.000000,0.000,1.208,5.037,0.041,7.103
2188,1403715382.662143,103.850000,OK,OK,MM,no,285,488,0,488,134,354,0.2746,PoseOpt,no,no,237,10442,7872,143,no,no,no,0,0,0,no,no,0.000000,0.000000,0.000,1.216,5.150,0.032,7.143
2189,1403715382.712143,103.900000,OK,OK,MM,no,293,497,0,497,111,386,0.2233,PoseOpt,no,no,237,10441,7844,142,yes,no,no,0,0,0,no,no,0.000000,0.000000,0.000,1.308,5.325,0.027,9.078
2190,1403715382.762143,103.950000,OK,OK,MM,no,312,493,0,493,125,368,0.2535,PoseOpt,no,no,236,10425,7828,142,no,no,no,0,0,0,no,no,0.000000,0.000000,0.000,1.335,4.801,0.023,6.865
2191,1403715382.812143,104.000000,OK,OK,MM,no,308,474,0,474,118,356,0.2489,PoseOpt,yes,yes,236,10425,7807,140,no,no,no,0,0,0,no,no,0.000000,0.000000,0.000,1.294,4.755,0.025,6.745
2192,1403715382.862143,104.050000,OK,OK,MM,no,277,508,0,508,130,378,0.2559,PoseOpt,no,no,237,10443,8554,152,no,no,no,0,0,0,no,no,0.000000,0.000000,0.000,1.055,4.325,0.023,6.046
2193,1403715382.912143,104.100000,OK,OK,MM,no,312,499,0,499,120,379,0.2405,PoseOpt,no,no,237,10443,8554,152,no,no,no,0,0,0,no,no,0.000000,0.000000,0.000,1.164,4.921,0.026,6.786
2194,1403715382.962143,104.150000,OK,OK,MM,no,303,493,0,493,129,364,0.2617,PoseOpt,no,no,237,10443,8908,170,no,no,no,0,0,0,no,no,0.000000,0.000000,0.000,1.436,5.398,0.029,7.565
2195,1403715383.012143,104.200000,OK,OK,MM,no,306,521,0,521,127,394,0.2438,PoseOpt,no,no,237,10443,8908,171,no,no,no,0,0,0,no,no,0.000000,0.000000,0.000,1.182,5.460,0.029,7.975
2196,1403715383.062143,104.250000,OK,OK,MM,no,303,484,0,484,122,362,0.2521,PoseOpt,no,no,237,10443,8818,169,no,no,no,0,0,0,no,no,0.000000,0.000000,0.000,1.345,8.510,0.035,10.824
2197,1403715383.112143,104.300000,OK,OK,MM,no,290,502,0,502,119,383,0.2371,PoseOpt,no,no,237,10443,8818,167,no,no,no,0,0,0,no,no,0.000000,0.000000,0.000,1.269,5.073,0.029,7.041
2198,1403715383.162143,104.350000,OK,OK,MM,no,304,490,0,490,109,381,0.2224,PoseOpt,no,no,237,10440,8905,168,yes,no,no,0,0,0,no,no,0.000000,0.000000,0.000,1.200,5.109,0.025,7.044
2199,1403715383.212143,104.400000,OK,OK,MM,no,307,476,0,476,123,353,0.2584,PoseOpt,no,no,236,10430,8805,167,no,no,no,0,0,0,no,no,0.000000,0.000000,0.000,1.274,4.579,0.022,6.544
2200,1403715383.262143,104.450000,OK,OK,MM,no,268,489,0,489,118,371,0.2413,PoseOpt,yes,yes,236,10430,8805,167,no,no,no,0,0,0,no,no,0.000000,0.000000,0.000,1.066,4.885,0.023,6.633
2201,1403715383.312143,104.500000,OK,OK,MM,no,303,532,0,532,121,411,0.2274,PoseOpt,no,no,237,10471,9052,175,no,no,no,0,0,0,no,no,0.000000,0.000000,0.000,1.080,4.560,0.025,6.297
2202,1403715383.362143,104.550000,OK,OK,MM,no,326,530,0,530,123,407,0.2321,PoseOpt,no,no,237,10471,8936,170,no,no,no,0,0,0,no,no,0.000000,0.000000,0.000,1.416,5.240,0.031,7.470
2203,1403715383.412143,104.600000,OK,OK,MM,no,328,530,0,530,127,403,0.2396,PoseOpt,no,no,237,10471,8912,168,no,no,no,0,0,0,no,no,0.000000,0.000000,0.000,1.398,5.341,0.033,7.556
2204,1403715383.462143,104.650000,OK,OK,MM,no,332,506,0,506,110,396,0.2174,PoseOpt,no,no,237,10471,7759,141,no,no,no,0,0,0,no,no,0.000000,0.000000,0.000,1.330,4.686,0.029,6.809
2205,1403715383.512143,104.700000,OK,OK,MM,no,319,528,0,528,118,410,0.2235,PoseOpt,no,no,237,10471,7478,138,no,no,no,0,0,0,no,no,0.000000,0.000000,0.000,1.442,4.460,0.028,6.572
2206,1403715383.562143,104.750000,OK,OK,MM,no,332,509,0,509,122,387,0.2397,PoseOpt,no,no,237,10471,7505,138,no,no,no,0,0,0,no,no,0.000000,0.000000,0.000,1.430,6.390,0.070,9.804
2207,1403715383.612143,104.800000,OK,OK,MM,no,292,453,0,453,94,359,0.2075,PoseOpt,no,no,237,10471,8765,165,no,no,no,0,0,0,no,no,0.000000,0.000000,0.000,1.180,4.542,1.303,7.642
2208,1403715383.662143,104.850000,OK,OK,MM,no,287,481,0,481,109,372,0.2266,PoseOpt,no,no,237,10471,8229,148,yes,no,no,0,0,0,no,no,0.000000,0.000000,0.000,1.270,4.516,0.023,6.470
2209,1403715383.712143,104.900000,OK,OK,MM,no,308,477,0,477,103,374,0.2159,PoseOpt,yes,yes,237,10471,8460,156,no,no,no,0,0,0,no,no,0.000000,0.000000,0.000,1.183,4.247,0.021,6.074
2210,1403715383.762143,104.950000,OK,OK,MM,no,298,521,0,521,115,406,0.2207,PoseOpt,no,no,238,10489,8571,158,no,no,no,0,0,0,no,no,0.000000,0.000000,0.000,1.369,4.707,0.023,6.736
2211,1403715383.812143,105.000000,OK,OK,MM,no,328,522,0,522,111,411,0.2126,PoseOpt,no,no,238,10489,8728,161,no,no,no,0,0,0,no,no,0.000000,0.000000,0.000,1.332,4.686,0.024,6.672
2212,1403715383.862143,105.050000,OK,OK,MM,no,335,520,0,520,111,409,0.2135,PoseOpt,no,no,238,10489,8887,167,no,no,no,0,0,0,no,no,0.000000,0.000000,0.000,1.298,4.943,0.026,6.923
2213,1403715383.912143,105.100000,OK,OK,MM,no,322,518,0,518,119,399,0.2297,PoseOpt,no,no,238,10489,9038,169,no,no,no,0,0,0,no,no,0.000000,0.000000,0.000,1.399,5.603,0.041,7.867
2214,1403715383.962143,105.150000,OK,OK,MM,no,308,524,0,524,128,396,0.2443,PoseOpt,no,no,238,10489,9021,173,no,no,no,0,0,0,no,no,0.000000,0.000000,0.000,1.215,5.508,0.035,7.491
2215,1403715384.012143,105.200000,OK,OK,MM,no,336,531,0,531,121,410,0.2279,PoseOpt,no,no,238,10489,9128,176,no,no,no,0,0,0,no,no,0.000000,0.000000,0.000,1.325,5.826,0.036,8.007
2216,1403715384.062143,105.250000,OK,OK,MM,no,334,518,0,518,118,400,0.2278,PoseOpt,no,no,238,10488,9055,175,yes,no,no,0,0,0,no,no,0.000000,0.000000,0.000,1.450,5.289,0.024,10.806
2217,1403715384.112143,105.300000,OK,OK,MM,no,322,519,0,519,116,403,0.2235,PoseOpt,no,no,238,10488,8958,173,no,no,no,0,0,0,no,no,0.000000,0.000000,0.000,1.188,6.067,0.025,8.062
2218,1403715384.162143,105.350000,OK,OK,MM,no,319,519,0,519,127,392,0.2447,PoseOpt,yes,yes,238,10488,8958,173,no,no,no,0,0,0,no,no,0.000000,0.000000,0.000,1.272,4.879,0.022,6.865
2219,1403715384.212143,105.400000,OK,OK,MM,no,319,545,0,545,136,409,0.2495,PoseOpt,no,no,239,10482,9017,177,no,no,no,0,0,0,no,no,0.000000,0.000000,0.000,1.161,4.844,0.024,6.676
2220,1403715384.262143,105.450000,OK,OK,MM,no,330,550,0,550,116,434,0.2109,PoseOpt,no,no,239,10482,9034,177,no,no,no,0,0,0,no,no,0.000000,0.000000,0.000,1.253,5.463,0.032,7.517
2221,1403715384.312143,105.500000,OK,OK,MM,no,358,537,0,537,119,418,0.2216,PoseOpt,no,no,239,10482,9240,187,no,no,no,0,0,0,no,no,0.000000,0.000000,0.000,1.314,5.324,0.030,7.374
2222,1403715384.362143,105.550000,OK,OK,MM,no,294,533,0,533,111,422,0.2083,PoseOpt,no,no,239,10482,9208,185,no,no,no,0,0,0,no,no,0.000000,0.000000,0.000,1.449,6.241,0.035,8.566
2223,1403715384.412143,105.600000,OK,OK,MM,no,333,518,0,518,111,407,0.2143,PoseOpt,no,no,239,10482,9208,186,no,no,no,0,0,0,no,no,0.000000,0.000000,0.000,1.347,5.490,0.029,7.534
2224,1403715384.462143,105.650000,OK,OK,MM,no,323,545,0,545,120,425,0.2202,PoseOpt,no,no,239,10482,9219,187,no,no,no,0,0,0,no,no,0.000000,0.000000,0.000,1.295,6.398,0.040,8.561
2225,1403715384.512143,105.700000,OK,OK,MM,no,330,535,0,535,125,410,0.2336,PoseOpt,no,no,239,10482,9258,188,no,no,no,0,0,0,no,no,0.000000,0.000000,0.000,1.330,5.844,0.032,7.973
2226,1403715384.562143,105.750000,OK,OK,MM,no,315,560,0,560,116,444,0.2071,PoseOpt,no,no,239,10482,9305,188,no,no,no,0,0,0,no,no,0.000000,0.000000,0.000,1.295,5.678,0.029,7.723
2227,1403715384.612143,105.800000,OK,OK,MM,no,331,538,0,538,117,421,0.2175,PoseOpt,no,no,239,10482,9399,188,no,no,no,0,0,0,no,no,0.000000,0.000000,0.000,1.386,6.331,0.036,9.007
2228,1403715384.662143,105.850000,OK,OK,MM,no,329,543,0,543,111,432,0.2044,PoseOpt,no,no,239,10482,9409,188,no,no,no,0,0,0,no,no,0.000000,0.000000,0.000,1.287,6.673,0.049,9.054
2229,1403715384.712143,105.900000,OK,OK,MM,no,333,533,0,533,112,421,0.2101,PoseOpt,no,no,239,10478,9504,193,yes,no,no,0,0,0,no,no,0.000000,0.000000,0.000,1.326,6.190,0.033,8.397
2230,1403715384.762143,105.950000,OK,OK,MM,no,329,520,0,520,109,411,0.2096,PoseOpt,yes,yes,238,10465,9409,190,no,no,no,0,0,0,no,no,0.000000,0.000000,0.000,2.018,7.097,0.033,10.016
2231,1403715384.812143,106.000000,OK,OK,MM,no,306,564,0,564,105,459,0.1862,PoseOpt,no,no,239,10446,9422,192,no,no,no,0,0,0,no,no,0.000000,0.000000,0.000,1.096,5.155,0.025,6.955
2232,1403715384.862143,106.050000,OK,OK,MM,no,341,562,0,562,101,461,0.1797,PoseOpt,no,no,239,10446,9563,199,no,no,no,0,0,0,no,no,0.000000,0.000000,0.000,1.431,5.841,0.032,8.042
2233,1403715384.912143,106.100000,OK,OK,MM,no,353,543,0,543,93,450,0.1713,PoseOpt,no,no,239,10446,9563,200,no,no,no,0,0,0,no,no,0.000000,0.000000,0.000,1.429,5.797,0.031,8.004
2234,1403715384.962143,106.150000,OK,OK,MM,no,334,538,0,538,107,431,0.1989,PoseOpt,no,no,239,10446,9563,201,no,no,no,0,0,0,no,no,0.000000,0.000000,0.000,1.339,7.598,0.043,9.930
2235,1403715385.012143,106.200000,OK,OK,MM,no,342,542,0,542,98,444,0.1808,PoseOpt,no,no,239,10446,9561,201,no,no,no,0,0,0,no,no,0.000000,0.000000,0.000,1.347,6.333,0.033,8.483
2236,1403715385.062143,106.250000,OK,OK,MM,no,342,546,0,546,107,439,0.1960,PoseOpt,no,no,239,10446,9573,197,no,no,no,0,0,0,no,no,0.000000,0.000000,0.000,1.358,5.875,0.031,8.024
2237,1403715385.112143,106.300000,OK,OK,MM,no,353,568,0,568,106,462,0.1866,PoseOpt,no,no,239,10446,9570,201,no,no,no,0,0,0,no,no,0.000000,0.000000,0.000,1.318,6.537,0.038,8.838
2238,1403715385.162143,106.350000,OK,OK,MM,no,340,565,0,565,114,451,0.2018,PoseOpt,no,no,239,10446,9563,201,no,no,no,0,0,0,no,no,0.000000,0.000000,0.000,1.485,6.167,0.032,9.496
2239,1403715385.212143,106.400000,OK,OK,MM,no,342,565,0,565,114,451,0.2018,PoseOpt,no,no,239,10446,9563,201,no,no,no,0,0,0,no,no,0.000000,0.000000,0.000,1.416,7.262,0.027,9.441
2240,1403715385.262143,106.450000,OK,OK,MM,no,335,558,0,558,107,451,0.1918,PoseOpt,no,no,239,10446,9563,201,no,no,no,0,0,0,no,no,0.000000,0.000000,0.000,1.456,6.499,0.045,8.908
2241,1403715385.312143,106.500000,OK,OK,MM,no,355,564,0,564,100,464,0.1773,PoseOpt,no,no,239,10446,9551,200,no,no,no,0,0,0,no,no,0.000000,0.000000,0.000,1.367,5.717,0.033,7.947
2242,1403715385.362143,106.550000,OK,OK,MM,no,355,553,0,553,100,453,0.1808,PoseOpt,no,no,239,10446,9575,204,no,no,no,0,0,0,no,no,0.000000,0.000000,0.000,1.464,5.757,0.029,7.971
2243,1403715385.412143,106.600000,OK,OK,MM,no,362,554,0,554,114,440,0.2058,PoseOpt,no,no,239,10446,9562,200,no,no,no,0,0,0,no,no,0.000000,0.000000,0.000,1.361,5.770,0.033,7.907
2244,1403715385.462143,106.650000,OK,OK,MM,no,349,563,0,563,109,454,0.1936,PoseOpt,no,no,239,10446,9539,199,no,no,no,0,0,0,no,no,0.000000,0.000000,0.000,1.483,6.439,0.035,8.809
2245,1403715385.512143,106.700000,OK,OK,MM,no,333,570,0,570,103,467,0.1807,PoseOpt,no,no,239,10446,9563,202,yes,no,no,0,0,0,no,no,0.000000,0.000000,0.000,1.602,6.408,0.070,9.288
2246,1403715385.562143,106.750000,OK,OK,MM,no,353,564,0,564,98,466,0.1738,PoseOpt,no,no,238,10433,9542,200,no,no,no,0,0,0,no,no,0.000000,0.000000,0.000,1.398,5.630,0.027,7.782
2247,1403715385.612143,106.800000,OK,OK,MM,no,371,554,0,554,96,458,0.1733,PoseOpt,no,no,238,10433,9535,201,no,no,no,0,0,0,no,no,0.000000,0.000000,0.000,1.418,5.484,0.025,7.580
2248,1403715385.662143,106.850000,OK,OK,MM,no,356,559,0,559,108,451,0.1932,PoseOpt,no,no,238,10433,9550,202,no,no,no,0,0,0,no,no,0.000000,0.000000,0.000,1.352,5.530,0.025,7.578
2249,1403715385.712143,106.900000,OK,OK,MM,no,363,567,0,567,103,464,0.1817,PoseOpt,no,no,238,10433,9451,199,no,no,no,0,0,0,no,no,0.000000,0.000000,0.000,1.297,5.460,0.026,7.492
2250,1403715385.762143,106.950000,OK,OK,MM,no,368,552,0,552,92,460,0.1667,PoseOpt,no,no,238,10433,9392,197,no,no,no,0,0,0,no,no,0.000000,0.000000,0.000,1.435,5.615,0.025,9.468
2251,1403715385.812143,107.000000,OK,OK,MM,no,353,526,0,526,94,432,0.1787,PoseOpt,yes,yes,238,10433,9493,201,no,no,no,0,0,0,no,no,0.000000,0.000000,0.000,1.415,5.539,0.026,8.646
2252,1403715385.862143,107.050000,OK,OK,MM,no,349,554,0,554,108,446,0.1949,PoseOpt,no,no,239,10414,9529,201,no,no,no,0,0,0,no,no,0.000000,0.000000,0.000,1.296,5.385,0.025,7.382
2253,1403715385.912143,107.100000,OK,OK,MM,no,344,539,0,539,93,446,0.1725,PoseOpt,no,no,239,10414,9465,200,no,no,no,0,0,0,no,no,0.000000,0.000000,0.000,1.288,5.385,0.027,7.397
2254,1403715385.962143,107.150000,OK,OK,MM,no,344,537,0,537,102,435,0.1899,PoseOpt,no,no,239,10414,9373,197,no,no,no,0,0,0,no,no,0.000000,0.000000,0.000,1.354,5.459,0.027,7.569
2255,1403715386.012143,107.200000,OK,OK,MM,no,339,524,0,524,90,434,0.1718,PoseOpt,no,no,239,10414,9344,198,no,no,no,0,0,0,no,no,0.000000,0.000000,0.000,1.408,5.558,0.030,7.708
2256,1403715386.062143,107.250000,OK,OK,MM,no,342,529,0,529,90,439,0.1701,PoseOpt,no,no,239,10414,9472,200,no,no,no,0,0,0,no,no,0.000000,0.000000,0.000,1.353,5.673,0.030,7.735
2257,1403715386.112143,107.300000,OK,OK,MM,no,351,536,0,536,101,435,0.1884,PoseOpt,no,no,239,10414,9368,196,no,no,no,0,0,0,no,no,0.000000,0.000000,0.000,1.399,5.385,0.028,7.488
2258,1403715386.162143,107.350000,OK,OK,MM,no,353,518,0,518,83,435,0.1602,PoseOpt,no,no,239,10414,9368,196,no,no,no,0,0,0,no,no,0.000000,0.000000,0.000,1.376,5.329,0.030,7.365
2259,1403715386.212143,107.400000,OK,OK,MM,no,349,506,0,506,90,416,0.1779,PoseOpt,no,no,239,10414,9297,194,no,no,no,0,0,0,no,no,0.000000,0.000000,0.000,1.436,6.514,0.057,9.110
2260,1403715386.262143,107.450000,OK,OK,MM,no,339,516,0,516,98,418,0.1899,PoseOpt,no,no,239,10414,9399,195,no,no,no,0,0,0,no,no,0.000000,0.000000,0.000,1.286,5.291,0.032,7.303
2261,1403715386.312143,107.500000,OK,OK,MM,no,337,507,0,507,96,411,0.1893,PoseOpt,no,no,239,10414,9467,197,no,no,no,0,0,0,no,no,0.000000,0.000000,0.000,1.378,6.144,0.032,8.333
2262,1403715386.362143,107.550000,OK,OK,MM,no,344,519,0,519,84,435,0.1618,PoseOpt,no,no,239,10414,9474,202,no,no,no,0,0,0,no,no,0.000000,0.000000,0.000,1.339,5.573,0.030,7.663
2263,1403715386.412143,107.600000,OK,OK,MM,no,352,512,0,512,102,410,0.1992,PoseOpt,no,no,239,10414,9374,199,no,no,no,0,0,0,no,no,0.000000,0.000000,0.000,1.349,5.282,0.030,7.420
2264,1403715386.462143,107.650000,OK,OK,MM,no,330,516,0,516,96,420,0.1860,PoseOpt,no,no,239,10414,9344,198,no,no,no,0,0,0,no,no,0.000000,0.000000,0.000,1.292,5.449,0.030,7.445
2265,1403715386.512143,107.700000,OK,OK,MM,no,340,516,0,516,95,421,0.1841,PoseOpt,no,no,239,10414,9344,198,yes,no,no,0,0,0,no,no,0.000000,0.000000,0.000,1.345,5.389,0.027,7.454
2266,1403715386.562143,107.750000,OK,OK,MM,no,340,526,0,526,97,429,0.1844,PoseOpt,no,no,238,10402,9332,197,no,no,no,0,0,0,no,no,0.000000,0.000000,0.000,1.353,4.872,0.024,6.966
2267,1403715386.612143,107.800000,OK,OK,MM,no,349,519,0,519,92,427,0.1773,PoseOpt,yes,yes,238,10402,9332,197,no,no,no,0,0,0,no,no,0.000000,0.000000,0.000,1.409,5.558,0.025,7.735
2268,1403715386.662143,107.850000,OK,OK,MM,no,354,530,0,530,84,446,0.1585,PoseOpt,no,no,239,10406,9293,195,no,no,no,0,0,0,no,no,0.000000,0.000000,0.000,1.305,5.362,0.026,7.377
2269,1403715386.712143,107.900000,OK,OK,MM,no,374,538,0,538,87,451,0.1617,PoseOpt,no,no,239,10406,9293,195,no,no,no,0,0,0,no,no,0.000000,0.000000,0.000,1.419,5.296,0.031,7.601
2270,1403715386.762143,107.950000,OK,OK,MM,no,370,532,0,532,87,445,0.1635,PoseOpt,no,no,239,10406,9335,196,no,no,no,0,0,0,no,no,0.000000,0.000000,0.000,1.484,6.415,0.031,8.626
2271,1403715386.812143,108.000000,OK,OK,MM,no,364,539,0,539,84,455,0.1558,PoseOpt,no,no,239,10406,9336,196,no,no,no,0,0,0,no,no,0.000000,0.000000,0.000,1.525,6.644,0.035,9.286
2272,1403715386.862143,108.050000,OK,OK,MM,no,358,530,0,530,91,439,0.1717,PoseOpt,no,no,239,10406,9334,196,no,no,no,0,0,0,no,no,0.000000,0.000000,0.000,1.462,6.657,0.029,8.881
2273,1403715386.912143,108.100000,OK,OK,MM,no,331,526,0,526,100,426,0.1901,PoseOpt,no,no,239,10406,9334,196,no,no,no,0,0,0,no,no,0.000000,0.000000,0.000,1.407,5.932,0.032,8.190
2274,1403715386.962143,108.150000,OK,OK,MM,no,352,521,0,521,86,435,0.1651,PoseOpt,no,no,239,10406,9336,197,no,no,no,0,0,0,no,no,0.000000,0.000000,0.000,1.460,5.415,0.029,7.559
2275,1403715387.012143,108.200000,OK,OK,MM,no,346,515,0,515,97,418,0.1883,PoseOpt,no,no,239,10406,9336,198,no,no,no,0,0,0,no,no,0.000000,0.000000,0.000,1.346,6.419,0.029,8.556
2276,1403715387.062143,108.250000,OK,OK,MM,no,331,525,0,525,91,434,0.1733,PoseOpt,no,no,239,10406,9336,197,no,no,no,0,0,0,no,no,0.000000,0.000000,0.000,1.484,6.884,0.056,9.377
2277,1403715387.112143,108.300000,OK,OK,MM,no,356,525,0,525,90,435,0.1714,PoseOpt,no,no,239,10406,9336,197,no,no,no,0,0,0,no,no,0.000000,0.000000,0.000,1.482,5.496,0.029,7.671
2278,1403715387.162143,108.350000,OK,OK,MM,no,353,526,0,526,97,429,0.1844,PoseOpt,no,no,239,10406,9336,198,no,no,no,0,0,0,no,no,0.000000,0.000000,0.000,1.393,5.370,0.025,7.472
2279,1403715387.212143,108.400000,OK,OK,MM,no,332,517,0,517,97,420,0.1876,PoseOpt,no,no,239,10406,9336,198,no,no,no,0,0,0,no,no,0.000000,0.000000,0.000,1.310,5.430,0.028,7.439
2280,1403715387.262143,108.450000,OK,OK,MM,no,330,523,0,523,82,441,0.1568,PoseOpt,no,no,239,10404,9334,198,yes,no,no,0,0,0,no,no,0.000000,0.000000,0.000,1.333,6.007,0.032,8.157
2281,1403715387.312143,108.500000,OK,OK,MM,no,355,520,0,520,93,427,0.1788,PoseOpt,no,no,239,10404,9283,192,no,no,no,0,0,0,no,no,0.000000,0.000000,0.000,1.303,5.458,0.030,9.266
2282,1403715387.362143,108.550000,OK,OK,MM,no,341,536,0,536,101,435,0.1884,PoseOpt,yes,yes,239,10404,9280,192,no,no,no,0,0,0,no,no,0.000000,0.000000,0.000,1.385,5.701,1.328,9.173
2283,1403715387.412143,108.600000,OK,OK,MM,no,353,565,0,565,106,459,0.1876,PoseOpt,no,no,240,10408,9338,199,no,no,no,0,0,0,no,no,0.000000,0.000000,0.000,1.305,5.210,0.026,7.298
2284,1403715387.462143,108.650000,OK,OK,MM,no,385,549,0,549,97,452,0.1767,PoseOpt,no,no,240,10408,9294,195,no,no,no,0,0,0,no,no,0.000000,0.000000,0.000,1.430,5.590,0.030,7.780
2285,1403715387.512143,108.700000,OK,OK,MM,no,351,556,0,556,104,452,0.1871,PoseOpt,no,no,240,10408,9296,197,no,no,no,0,0,0,no,no,0.000000,0.000000,0.000,1.365,6.091,0.035,8.273
2286,1403715387.562143,108.750000,OK,OK,MM,no,357,548,0,548,95,453,0.1734,PoseOpt,no,no,240,10408,9296,197,no,no,no,0,0,0,no,no,0.000000,0.000000,0.000,1.420,6.753,0.041,9.083
2287,1403715387.612143,108.800000,OK,OK,MM,no,350,556,0,556,90,466,0.1619,PoseOpt,no,no,240,10408,9295,196,no,no,no,0,0,0,no,no,0.000000,0.000000,0.000,1.353,5.689,0.035,7.783
2288,1403715387.662143,108.850000,OK,OK,MM,no,357,549,0,549,107,442,0.1949,PoseOpt,no,no,240,10408,9295,196,no,no,no,0,0,0,no,no,0.000000,0.000000,0.000,1.521,6.958,0.046,9.463
2289,1403715387.712143,108.900000,OK,OK,MM,no,350,559,0,559,109,450,0.1950,PoseOpt,no,no,240,10408,9296,198,no,no,no,0,0,0,no,no,0.000000,0.000000,0.000,1.454,6.243,0.045,8.568
2290,1403715387.762143,108.950000,OK,OK,MM,no,366,529,0,529,97,432,0.1834,PoseOpt,no,no,240,10408,9296,198,no,no,no,0,0,0,no,no,0.000000,0.000000,0.000,1.394,5.833,0.032,8.019
2291,1403715387.812143,109.000000,OK,OK,MM,no,354,531,0,531,90,441,0.1695,PoseOpt,no,no,240,10408,9294,197,no,no,no,0,0,0,no,no,0.000000,0.000000,0.000,1.418,5.548,0.042,9.285
2292,1403715387.862143,109.050000,OK,OK,MM,no,353,532,0,532,111,421,0.2086,PoseOpt,no,no,240,10408,9349,198,no,no,no,0,0,0,no,no,0.000000,0.000000,0.000,1.385,5.756,0.031,8.963
2293,1403715387.912143,109.100000,OK,OK,MM,no,334,554,0,554,121,433,0.2184,PoseOpt,no,no,240,10408,9294,197,no,no,no,0,0,0,no,no,0.000000,0.000000,0.000,1.413,6.156,0.040,8.462
2294,1403715387.962143,109.150000,OK,OK,MM,no,345,555,0,555,118,437,0.2126,PoseOpt,no,no,240,10408,9295,196,no,no,no,0,0,0,no,no,0.000000,0.000000,0.000,1.378,5.627,0.032,7.759
2295,1403715388.012143,109.200000,OK,OK,MM,no,364,553,0,553,100,453,0.1808,PoseOpt,no,no,240,10408,9294,196,yes,no,no,0,0,0,no,no,0.000000,0.000000,0.000,1.407,5.934,0.031,8.156
2296,1403715388.062143,109.250000,OK,OK,MM,no,357,550,0,550,104,446,0.1891,PoseOpt,no,no,239,10393,9278,194,no,no,no,0,0,0,no,no,0.000000,0.000000,0.000,1.389,6.016,0.026,8.206
2297,1403715388.112143,109.300000,OK,OK,MM,no,358,531,0,531,94,437,0.1770,PoseOpt,yes,yes,239,10393,9278,194,no,no,no,0,0,0,no,no,0.000000,0.000000,0.000,1.457,5.834,0.026,8.045
2298,1403715388.162143,109.350000,OK,OK,MM,no,340,569,0,569,103,466,0.1810,PoseOpt,no,no,240,10389,8827,185,no,no,no,0,0,0,no,no,0.000000,0.000000,0.000,1.301,5.508,0.025,7.555
2299,1403715388.212143,109.400000,OK,OK,MM,no,364,552,0,552,111,441,0.2011,PoseOpt,no,no,240,10389,8835,188,no,no,no,0,0,0,no,no,0.000000,0.000000,0.000,1.380,5.605,0.028,7.756
2300,1403715388.262143,109.450000,OK,OK,MM,no,354,563,0,563,124,439,0.2202,PoseOpt,no,no,240,10389,8835,188,no,no,no,0,0,0,no,no,0.000000,0.000000,0.000,1.371,6.008,0.044,8.476
2301,1403715388.312143,109.500000,OK,OK,MM,no,356,564,0,564,128,436,0.2270,PoseOpt,no,no,240,10389,8835,188,no,no,no,0,0,0,no,no,0.000000,0.000000,0.000,1.409,6.963,0.036,10.144
2302,1403715388.362143,109.550000,OK,OK,MM,no,345,568,0,568,120,448,0.2113,PoseOpt,no,no,240,10389,8835,188,no,no,no,0,0,0,no,no,0.000000,0.000000,0.000,1.422,6.952,0.028,9.173
2303,1403715388.412143,109.600000,OK,OK,MM,no,355,579,0,579,131,448,0.2263,PoseOpt,no,no,240,10389,9130,193,no,no,no,0,0,0,no,no,0.000000,0.000000,0.000,1.363,6.605,0.035,8.948
2304,1403715388.462143,109.650000,OK,OK,MM,no,334,555,0,555,131,424,0.2360,PoseOpt,no,no,240,10389,9130,193,no,no,no,0,0,0,no,no,0.000000,0.000000,0.000,1.392,6.907,0.034,9.122
2305,1403715388.512143,109.700000,OK,OK,MM,no,346,554,0,554,128,426,0.2310,PoseOpt,no,no,240,10389,9130,193,no,no,no,0,0,0,no,no,0.000000,0.000000,0.000,1.476,6.204,0.033,8.580
2306,1403715388.562143,109.750000,OK,OK,MM,no,349,564,0,564,136,428,0.2411,PoseOpt,no,no,240,10389,8787,187,no,no,no,0,0,0,no,no,0.000000,0.000000,0.000,1.369,5.801,0.034,7.974
2307,1403715388.612143,109.800000,OK,OK,MM,no,333,547,0,547,123,424,0.2249,PoseOpt,no,no,240,10389,8774,186,no,no,no,0,0,0,no,no,0.000000,0.000000,0.000,1.352,5.745,0.027,7.857
2308,1403715388.662143,109.850000,OK,OK,MM,no,348,564,0,564,125,439,0.2216,PoseOpt,no,no,240,10389,8774,186,no,no,no,0,0,0,no,no,0.000000,0.000000,0.000,1.441,6.186,0.037,8.459
2309,1403715388.712143,109.900000,OK,OK,MM,no,337,559,0,559,126,433,0.2254,PoseOpt,no,no,240,10389,8787,187,no,no,no,0,0,0,no,no,0.000000,0.000000,0.000,1.364,6.871,0.049,9.167
2310,1403715388.762143,109.950000,OK,OK,MM,no,346,566,0,566,112,454,0.1979,PoseOpt,no,no,240,10389,8787,187,no,no,no,0,0,0,no,no,0.000000,0.000000,0.000,1.359,5.866,0.033,8.023
2311,1403715388.812143,110.000000,OK,OK,MM,no,356,527,0,527,110,417,0.2087,PoseOpt,no,no,240,10389,8774,186,yes,no,no,0,0,0,no,no,0.000000,0.000000,0.000,1.381,6.185,0.033,8.487
2312,1403715388.862143,110.050000,OK,OK,MM,no,332,534,0,534,121,413,0.2266,PoseOpt,no,no,239,10373,8820,185,no,no,no,0,0,0,no,no,0.000000,0.000000,0.000,1.292,5.217,0.032,8.709
2313,1403715388.912143,110.100000,OK,OK,MM,no,318,532,0,532,131,401,0.2462,PoseOpt,yes,yes,237,10343,8742,181,no,no,no,0,0,0,no,no,0.000000,0.000000,0.000,1.289,5.417,0.023,9.020
2314,1403715388.962143,110.150000,OK,OK,MM,no,325,558,0,558,115,443,0.2061,PoseOpt,no,no,238,10333,8732,182,no,no,no,0,0,0,no,no,0.000000,0.000000,0.000,1.097,5.155,0.025,6.978
2315,1403715389.012143,110.200000,OK,OK,MM,no,365,555,0,555,125,430,0.2252,PoseOpt,no,no,238,10333,8603,180,no,no,no,0,0,0,no,no,0.000000,0.000000,0.000,1.462,5.690,0.026,7.936
2316,1403715389.062143,110.250000,OK,OK,MM,no,335,522,0,522,111,411,0.2126,PoseOpt,no,no,238,10333,8711,180,no,no,no,0,0,0,no,no,0.000000,0.000000,0.000,1.274,5.746,0.032,7.844
2317,1403715389.112143,110.300000,OK,OK,MM,no,339,557,0,557,124,433,0.2226,PoseOpt,no,no,238,10333,8609,181,no,no,no,0,0,0,no,no,0.000000,0.000000,0.000,1.320,6.510,0.039,8.771
2318,1403715389.162143,110.350000,OK,OK,MM,no,346,541,0,541,131,410,0.2421,PoseOpt,no,no,238,10333,8609,181,no,no,no,0,0,0,no,no,0.000000,0.000000,0.000,1.362,7.342,0.050,9.837
2319,1403715389.212143,110.400000,OK,OK,MM,no,327,522,0,522,118,404,0.2261,PoseOpt,no,no,238,10333,8711,180,no,no,no,0,0,0,no,no,0.000000,0.000000,0.000,1.372,7.576,0.112,10.575
2320,1403715389.262143,110.450000,OK,OK,MM,no,309,544,0,544,116,428,0.2132,PoseOpt,no,no,238,10333,8588,179,no,no,no,0,0,0,no,no,0.000000,0.000000,0.000,1.322,5.712,0.029,7.803
2321,1403715389.312143,110.500000,OK,OK,MM,no,329,539,0,539,127,412,0.2356,PoseOpt,no,no,238,10333,8588,179,no,no,no,0,0,0,no,no,0.000000,0.000000,0.000,1.243,5.784,0.040,8.043
2322,1403715389.362143,110.550000,OK,OK,MM,no,321,513,0,513,105,408,0.2047,PoseOpt,no,no,238,10333,8588,179,no,no,no,0,0,0,no,no,0.000000,0.000000,0.000,1.300,5.689,0.044,7.886
2323,1403715389.412143,110.600000,OK,OK,MM,no,317,521,0,521,130,391,0.2495,PoseOpt,no,no,238,10333,8588,179,no,no,no,0,0,0,no,no,0.000000,0.000000,0.000,1.327,8.377,0.040,10.737
2324,1403715389.462143,110.650000,OK,OK,MM,no,319,521,0,521,120,401,0.2303,PoseOpt,no,no,238,10333,8588,179,no,no,no,0,0,0,no,no,0.000000,0.000000,0.000,1.316,5.978,0.029,8.098
2325,1403715389.512143,110.700000,OK,OK,MM,no,313,520,0,520,127,393,0.2442,PoseOpt,no,no,238,10333,8588,179,no,no,no,0,0,0,no,no,0.000000,0.000000,0.000,1.249,6.753,0.043,8.974
2326,1403715389.562143,110.750000,OK,OK,MM,no,324,539,0,539,136,403,0.2523,PoseOpt,no,no,238,10333,8588,179,no,no,no,0,0,0,no,no,0.000000,0.000000,0.000,1.196,5.629,0.031,7.564
2327,1403715389.612143,110.800000,OK,OK,MM,no,323,526,0,526,114,412,0.2167,PoseOpt,no,no,238,10332,8555,177,yes,no,no,0,0,0,no,no,0.000000,0.000000,0.000,1.325,6.003,0.035,13.278
2328,1403715389.662143,110.850000,OK,OK,MM,no,329,531,0,531,117,414,0.2203,PoseOpt,no,no,238,10332,8555,177,no,no,no,0,0,0,no,no,0.000000,0.000000,0.000,1.265,5.218,0.022,7.274
2329,1403715389.712143,110.900000,OK,OK,MM,no,334,532,0,532,112,420,0.2105,PoseOpt,yes,yes,238,10332,8741,180,no,no,no,0,0,0,no,no,0.000000,0.000000,0.000,1.541,5.658,0.026,8.039
2330,1403715389.762143,110.950000,OK,OK,MM,no,350,568,0,568,112,456,0.1972,PoseOpt,no,no,239,10349,8609,180,no,no,no,0,0,0,no,no,0.000000,0.000000,0.000,1.252,5.451,0.026,7.480
2331,1403715389.812143,111.000000,OK,OK,MM,no,367,541,0,541,103,438,0.1904,PoseOpt,no,no,239,10349,8604,180,no,no,no,0,0,0,no,no,0.000000,0.000000,0.000,1.309,5.617,0.028,7.758
2332,1403715389.862143,111.050000,OK,OK,MM,no,343,546,0,546,115,431,0.2106,PoseOpt,no,no,239,10349,8572,178,no,no,no,0,0,0,no,no,0.000000,0.000000,0.000,1.397,5.538,0.028,7.720
2333,1403715389.912143,111.100000,OK,OK,MM,no,337,543,0,543,123,420,0.2265,PoseOpt,no,no,239,10349,8572,178,no,no,no,0,0,0,no,no,0.000000,0.000000,0.000,1.257,5.770,0.028,7.858
2334,1403715389.962143,111.150000,OK,OK,MM,no,318,547,0,547,123,424,0.2249,PoseOpt,no,no,239,10349,8604,180,no,no,no,0,0,0,no,no,0.000000,0.000000,0.000,1.315,5.811,0.028,8.007
2335,1403715390.012143,111.200000,OK,OK,MM,no,342,538,0,538,113,425,0.2100,PoseOpt,no,no,239,10349,8604,180,no,no,no,0,0,0,no,no,0.000000,0.000000,0.000,1.272,6.273,0.038,8.427
2336,1403715390.062143,111.250000,OK,OK,MM,no,327,539,0,539,120,419,0.2226,PoseOpt,no,no,239,10349,8604,180,no,no,no,0,0,0,no,no,0.000000,0.000000,0.000,1.346,5.700,0.030,7.823
2337,1403715390.112143,111.300000,OK,OK,MM,no,333,542,0,542,122,420,0.2251,PoseOpt,no,no,239,10349,8582,179,no,no,no,0,0,0,no,no,0.000000,0.000000,0.000,1.400,7.849,0.047,10.367
2338,1403715390.162143,111.350000,OK,OK,MM,no,317,536,0,536,130,406,0.2425,PoseOpt,no,no,239,10349,8604,180,no,no,no,0,0,0,no,no,0.000000,0.000000,0.000,1.224,5.494,0.030,7.485
2339,1403715390.212143,111.400000,OK,OK,MM,no,318,541,0,541,131,410,0.2421,PoseOpt,no,no,239,10349,8604,180,no,no,no,0,0,0,no,no,0.000000,0.000000,0.000,1.396,6.711,0.046,9.161
2340,1403715390.262143,111.450000,OK,OK,MM,no,321,556,0,556,143,413,0.2572,PoseOpt,no,no,239,10349,9061,189,no,no,no,0,0,0,no,no,0.000000,0.000000,0.000,1.240,5.959,0.033,7.999
2341,1403715390.312143,111.500000,OK,OK,MM,no,319,535,0,535,114,421,0.2131,PoseOpt,no,no,239,10349,9063,192,no,no,no,0,0,0,no,no,0.000000,0.000000,0.000,1.399,6.451,0.038,8.771
2342,1403715390.362143,111.550000,OK,OK,MM,no,331,534,0,534,122,412,0.2285,PoseOpt,no,no,239,10349,9188,199,no,no,no,0,0,0,no,no,0.000000,0.000000,0.000,1.222,5.731,0.032,7.703
2343,1403715390.412143,111.600000,OK,OK,MM,no,323,534,0,534,114,420,0.2135,PoseOpt,no,no,239,10348,9187,199,yes,no,no,0,0,0,no,no,0.000000,0.000000,0.000,1.761,6.375,0.037,11.337
2344,1403715390.462143,111.650000,OK,OK,MM,no,332,553,0,553,126,427,0.2278,PoseOpt,no,no,239,10348,9175,197,no,no,no,0,0,0,no,no,0.000000,0.000000,0.000,1.221,5.326,0.026,7.312
2345,1403715390.512143,111.700000,OK,OK,MM,no,333,556,0,556,115,441,0.2068,PoseOpt,yes,yes,238,10337,9166,197,no,no,no,0,0,0,no,no,0.000000,0.000000,0.000,1.263,5.664,0.026,8.422
2346,1403715390.562143,111.750000,OK,OK,MM,no,331,564,0,564,122,442,0.2163,PoseOpt,no,no,239,10328,9163,195,no,no,no,0,0,0,no,no,0.000000,0.000000,0.000,1.218,6.488,0.025,8.496
2347,1403715390.612143,111.800000,OK,OK,MM,no,360,555,0,555,108,447,0.1946,PoseOpt,no,no,239,10328,9154,195,no,no,no,0,0,0,no,no,0.000000,0.000000,0.000,1.373,5.863,0.027,8.053
2348,1403715390.662143,111.850000,OK,OK,MM,no,345,556,0,556,131,425,0.2356,PoseOpt,no,no,239,10328,9151,194,no,no,no,0,0,0,no,no,0.000000,0.000000,0.000,1.368,5.917,0.034,8.115
2349,1403715390.712143,111.900000,OK,OK,MM,no,336,552,0,552,134,418,0.2428,PoseOpt,no,no,239,10328,9157,198,no,no,no,0,0,0,no,no,0.000000,0.000000,0.000,1.439,5.758,0.030,7.992
2350,1403715390.762143,111.950000,OK,OK,MM,no,335,555,0,555,120,435,0.2162,PoseOpt,no,no,239,10328,8894,188,no,no,no,0,0,0,no,no,0.000000,0.000000,0.000,1.461,6.111,0.040,8.597
2351,1403715390.812143,112.000000,OK,OK,MM,no,362,572,0,572,144,428,0.2517,PoseOpt,no,no,239,10328,8867,187,no,no,no,0,0,0,no,no,0.000000,0.000000,0.000,1.376,5.745,0.032,7.965
2352,1403715390.862143,112.050000,OK,OK,MM,no,338,552,0,552,128,424,0.2319,PoseOpt,no,no,239,10328,9167,199,no,no,no,0,0,0,no,no,0.000000,0.000000,0.000,1.309,5.591,0.028,7.694
2353,1403715390.912143,112.100000,OK,OK,MM,no,318,561,0,561,134,427,0.2389,PoseOpt,no,no,239,10328,8894,188,no,no,no,0,0,0,no,no,0.000000,0.000000,0.000,1.403,5.865,0.043,8.275
2354,1403715390.962143,112.150000,OK,OK,MM,no,341,545,0,545,125,420,0.2294,PoseOpt,no,no,239,10328,9208,196,no,no,no,0,0,0,no,no,0.000000,0.000000,0.000,1.283,5.801,0.032,8.002
2355,1403715391.012143,112.200000,OK,OK,MM,no,351,552,0,552,130,422,0.2355,PoseOpt,no,no,239,10328,9214,200,no,no,no,0,0,0,no,no,0.000000,0.000000,0.000,1.352,6.203,0.033,8.354
2356,1403715391.062143,112.250000,OK,OK,MM,no,338,536,0,536,120,416,0.2239,PoseOpt,no,no,239,10328,9214,200,no,no,no,0,0,0,no,no,0.000000,0.000000,0.000,1.343,6.237,0.033,9.957
2357,1403715391.112143,112.300000,OK,OK,MM,no,335,549,0,549,130,419,0.2368,PoseOpt,no,no,239,10328,9214,200,no,no,no,0,0,0,no,no,0.000000,0.000000,0.000,1.309,8.046,0.047,10.545
2358,1403715391.162143,112.350000,OK,OK,MM,no,325,548,0,548,132,416,0.2409,PoseOpt,no,no,239,10328,9164,196,no,no,no,0,0,0,no,no,0.000000,0.000000,0.000,1.219,5.623,0.030,7.605
2359,1403715391.212143,112.400000,OK,OK,MM,no,333,547,0,547,123,424,0.2249,PoseOpt,no,no,239,10328,9164,195,no,no,no,0,0,0,no,no,0.000000,0.000000,0.000,1.292,5.750,0.038,7.874
2360,1403715391.262143,112.450000,OK,OK,MM,no,326,547,0,547,110,437,0.2011,PoseOpt,no,no,239,10328,9169,190,yes,no,no,0,0,0,no,no,0.000000,0.000000,0.000,1.380,5.867,0.027,8.079
2361,1403715391.312143,112.500000,OK,OK,MM,no,343,528,0,528,120,408,0.2273,PoseOpt,no,no,238,10322,9185,190,no,no,no,0,0,0,no,no,0.000000,0.000000,0.000,1.358,5.504,0.028,7.681
2362,1403715391.362143,112.550000,OK,OK,MM,no,323,538,0,538,125,413,0.2323,PoseOpt,yes,yes,238,10322,9423,191,no,no,no,0,0,0,no,no,0.000000,0.000000,0.000,1.235,5.502,0.025,7.493
2363,1403715391.412143,112.600000,OK,OK,MM,no,333,558,0,558,109,449,0.1953,PoseOpt,no,no,239,10327,9423,190,no,no,no,0,0,0,no,no,0.000000,0.000000,0.000,1.180,5.699,0.026,7.671
2364,1403715391.462143,112.650000,OK,OK,MM,no,366,573,0,573,119,454,0.2077,PoseOpt,no,no,239,10324,8829,179,no,no,no,0,0,0,no,no,0.000000,0.000000,0.000,1.349,5.660,0.031,7.846
2365,1403715391.512143,112.700000,OK,OK,MM,no,373,554,0,554,115,439,0.2076,PoseOpt,no,no,239,10324,8848,180,no,no,no,0,0,0,no,no,0.000000,0.000000,0.000,1.434,5.843,0.029,8.048
2366,1403715391.562143,112.750000,OK,OK,MM,no,358,567,0,567,117,450,0.2063,PoseOpt,no,no,239,10324,8848,180,no,no,no,0,0,0,no,no,0.000000,0.000000,0.000,1.368,5.839,0.033,8.109
2367,1403715391.612143,112.800000,OK,OK,MM,no,365,563,0,563,119,444,0.2114,PoseOpt,no,no,239,10324,8896,181,no,no,no,0,0,0,no,no,0.000000,0.000000,0.000,1.516,6.062,0.027,9.539
2368,1403715391.662143,112.850000,OK,OK,MM,no,364,558,0,558,124,434,0.2222,PoseOpt,no,no,239,10324,8872,182,no,no,no,0,0,0,no,no,0.000000,0.000000,0.000,1.375,6.514,0.032,8.689
2369,1403715391.712143,112.900000,OK,OK,MM,no,344,549,0,549,114,435,0.2077,PoseOpt,no,no,239,10324,8686,175,no,no,no,0,0,0,no,no,0.000000,0.000000,0.000,1.322,5.439,0.032,7.498
2370,1403715391.762143,112.950000,OK,OK,MM,no,338,559,0,559,107,452,0.1914,PoseOpt,no,no,239,10324,8809,181,no,no,no,0,0,0,no,no,0.000000,0.000000,0.000,1.329,5.407,0.033,7.459
2371,1403715391.812143,113.000000,OK,OK,MM,no,358,547,0,547,114,433,0.2084,PoseOpt,no,no,239,10324,8821,179,no,no,no,0,0,0,no,no,0.000000,0.000000,0.000,1.443,5.409,0.029,7.581
2372,1403715391.862143,113.050000,OK,OK,MM,no,344,543,0,543,97,446,0.1786,PoseOpt,no,no,239,10324,8773,178,no,no,no,0,0,0,no,no,0.000000,0.000000,0.000,1.333,6.162,0.055,8.599
2373,1403715391.912143,113.100000,OK,OK,MM,no,344,561,0,561,106,455,0.1889,PoseOpt,no,no,239,10324,8655,175,no,no,no,0,0,0,no,no,0.000000,0.000000,0.000,1.324,6.435,0.046,8.704
2374,1403715391.962143,113.150000,OK,OK,MM,no,340,552,0,552,110,442,0.1993,PoseOpt,no,no,239,10324,8644,175,no,no,no,0,0,0,no,no,0.000000,0.000000,0.000,1.516,6.330,0.044,8.827
2375,1403715392.012143,113.200000,OK,OK,MM,no,357,537,0,537,120,417,0.2235,PoseOpt,no,no,239,10324,8780,179,no,no,no,0,0,0,no,no,0.000000,0.000000,0.000,1.444,5.766,0.042,7.985
2376,1403715392.062143,113.250000,OK,OK,MM,no,337,536,0,536,116,420,0.2164,PoseOpt,no,no,239,10324,8644,175,yes,no,no,0,0,0,no,no,0.000000,0.000000,0.000,1.474,5.631,0.029,17.818
2377,1403715392.112143,113.300000,OK,OK,MM,no,342,557,0,557,117,440,0.2101,PoseOpt,no,no,239,10324,8713,176,no,no,no,0,0,0,no,no,0.000000,0.000000,0.000,1.418,5.829,0.037,8.164
2378,1403715392.162143,113.350000,OK,OK,MM,no,344,548,0,548,120,428,0.2190,PoseOpt,no,no,237,10299,8571,172,no,no,no,0,0,0,no,no,0.000000,0.000000,0.000,1.323,5.005,0.022,7.440
2379,1403715392.212143,113.400000,OK,OK,MM,no,338,538,0,538,111,427,0.2063,PoseOpt,yes,yes,237,10299,8643,172,no,no,no,0,0,0,no,no,0.000000,0.000000,0.000,1.257,5.944,0.028,7.933
2380,1403715392.262143,113.450000,OK,OK,MM,no,329,578,0,578,128,450,0.2215,PoseOpt,no,no,238,10297,8616,173,no,no,no,0,0,0,no,no,0.000000,0.000000,0.000,1.165,5.120,0.025,7.023
2381,1403715392.312143,113.500000,OK,OK,MM,no,349,560,0,560,117,443,0.2089,PoseOpt,no,no,238,10296,8532,172,no,no,no,0,0,0,no,no,0.000000,0.000000,0.000,1.335,5.168,0.028,7.248
2382,1403715392.362143,113.550000,OK,OK,MM,no,345,536,0,536,115,421,0.2146,PoseOpt,no,no,238,10296,8454,169,no,no,no,0,0,0,no,no,0.000000,0.000000,0.000,1.371,5.116,0.031,7.213
2383,1403715392.412143,113.600000,OK,OK,MM,no,330,513,0,513,104,409,0.2027,PoseOpt,no,no,238,10296,8554,171,no,no,no,0,0,0,no,no,0.000000,0.000000,0.000,1.369,5.125,0.028,7.204
2384,1403715392.462143,113.650000,OK,OK,MM,no,325,509,0,509,113,396,0.2220,PoseOpt,no,no,238,10296,8437,167,no,no,no,0,0,0,no,no,0.000000,0.000000,0.000,1.253,5.822,0.042,7.932
2385,1403715392.512143,113.700000,OK,OK,MM,no,313,491,0,491,99,392,0.2016,PoseOpt,no,no,238,10296,8449,168,no,no,no,0,0,0,no,no,0.000000,0.000000,0.000,1.353,5.014,0.033,7.117
2386,1403715392.562143,113.750000,OK,OK,MM,no,295,490,0,490,116,374,0.2367,PoseOpt,no,no,238,10296,8449,168,no,no,no,0,0,0,no,no,0.000000,0.000000,0.000,1.254,5.031,0.024,7.000
2387,1403715392.612143,113.800000,OK,OK,MM,no,296,495,0,495,111,384,0.2242,PoseOpt,no,no,238,10296,8317,164,no,no,no,0,0,0,no,no,0.000000,0.000000,0.000,1.211,4.580,0.021,6.417
2388,1403715392.662143,113.850000,OK,OK,MM,no,308,489,0,489,98,391,0.2004,PoseOpt,no,no,238,10296,8291,164,no,no,no,0,0,0,no,no,0.000000,0.000000,0.000,1.138,4.631,0.023,6.413
2389,1403715392.712143,113.900000,OK,OK,MM,no,325,473,0,473,101,372,0.2135,PoseOpt,no,no,238,10296,8314,166,no,no,no,0,0,0,no,no,0.000000,0.000000,0.000,1.275,4.644,0.037,6.748
2390,1403715392.762143,113.950000,OK,OK,MM,no,320,474,0,474,116,358,0.2447,PoseOpt,no,no,238,10296,8411,167,no,no,no,0,0,0,no,no,0.000000,0.000000,0.000,1.106,4.715,0.024,6.501
2391,1403715392.812143,114.000000,OK,OK,MM,no,284,475,0,475,106,369,0.2232,PoseOpt,no,no,238,10296,8291,164,no,no,no,0,0,0,no,no,0.000000,0.000000,0.000,1.208,5.707,0.029,7.780
2392,1403715392.862143,114.050000,OK,OK,MM,no,292,488,0,488,110,378,0.2254,PoseOpt,no,no,238,10296,8731,176,no,no,no,0,0,0,no,no,0.000000,0.000000,0.000,1.177,5.068,0.030,7.087
2393,1403715392.912143,114.100000,OK,OK,MM,no,324,486,0,486,105,381,0.2160,PoseOpt,no,no,238,10295,8689,171,yes,no,no,0,0,0,no,no,0.000000,0.000000,0.000,1.299,4.659,1.654,14.734
2394,1403715392.962143,114.150000,OK,OK,MM,no,320,485,0,485,114,371,0.2351,PoseOpt,no,no,238,10295,8796,178,no,no,no,0,0,0,no,no,0.000000,0.000000,0.000,1.275,4.996,0.020,7.033
2395,1403715393.012143,114.200000,OK,OK,MM,no,304,496,0,496,106,390,0.2137,PoseOpt,yes,yes,236,10272,8767,177,no,no,no,0,0,0,no,no,0.000000,0.000000,0.000,1.149,4.579,0.022,6.430
2396,1403715393.062143,114.250000,OK,OK,MM,no,305,504,0,504,105,399,0.2083,PoseOpt,no,no,237,10255,8750,178,no,no,no,0,0,0,no,no,0.000000,0.000000,0.000,1.039,4.365,0.024,6.026
2397,1403715393.112143,114.300000,OK,OK,MM,no,333,496,0,496,98,398,0.1976,PoseOpt,no,no,237,10255,8806,176,no,no,no,0,0,0,no,no,0.000000,0.000000,0.000,1.275,5.025,0.027,6.973
2398,1403715393.162143,114.350000,OK,OK,MM,no,326,518,0,518,111,407,0.2143,PoseOpt,no,no,237,10255,8794,174,no,no,no,0,0,0,no,no,0.000000,0.000000,0.000,1.242,5.007,0.026,6.886
2399,1403715393.212143,114.400000,OK,OK,MM,no,322,506,0,506,94,412,0.1858,PoseOpt,no,no,237,10255,8731,167,no,no,no,0,0,0,no,no,0.000000,0.000000,0.000,1.315,5.824,0.042,8.091
2400,1403715393.262143,114.450000,OK,OK,MM,no,323,511,0,511,110,401,0.2153,PoseOpt,no,no,237,10255,8793,171,no,no,no,0,0,0,no,no,0.000000,0.000000,0.000,1.282,5.017,0.031,7.339
2401,1403715393.312143,114.500000,OK,OK,MM,no,338,492,0,492,101,391,0.2053,PoseOpt,no,no,237,10255,8703,167,no,no,no,0,0,0,no,no,0.000000,0.000000,0.000,1.279,5.936,0.029,8.031
2402,1403715393.362143,114.550000,OK,OK,MM,no,317,499,0,499,111,388,0.2224,PoseOpt,no,no,237,10255,8703,167,no,no,no,0,0,0,no,no,0.000000,0.000000,0.000,1.204,4.827,0.029,6.643
2403,1403715393.412143,114.600000,OK,OK,MM,no,327,498,0,498,105,393,0.2108,PoseOpt,no,no,237,10255,8619,166,no,no,no,0,0,0,no,no,0.000000,0.000000,0.000,1.245,5.036,0.030,6.943
2404,1403715393.462143,114.650000,OK,OK,MM,no,300,472,0,472,100,372,0.2119,PoseOpt,no,no,237,10255,8532,164,no,no,no,0,0,0,no,no,0.000000,0.000000,0.000,1.255,5.077,0.030,6.983
2405,1403715393.512143,114.700000,OK,OK,MM,no,318,495,0,495,99,396,0.2000,PoseOpt,no,no,237,10255,8375,157,no,no,no,0,0,0,no,no,0.000000,0.000000,0.000,1.181,4.670,0.030,6.445
2406,1403715393.562143,114.750000,OK,OK,MM,no,313,492,0,492,103,389,0.2093,PoseOpt,no,no,237,10255,8337,156,no,no,no,0,0,0,no,no,0.000000,0.000000,0.000,1.319,4.826,0.026,6.805
2407,1403715393.612143,114.800000,OK,OK,MM,no,310,481,0,481,112,369,0.2328,PoseOpt,no,no,237,10255,8600,161,yes,no,no,0,0,0,no,no,0.000000,0.000000,0.000,1.332,4.798,0.024,13.697
2408,1403715393.662143,114.850000,OK,OK,MM,no,306,489,0,489,111,378,0.2270,PoseOpt,no,no,237,10255,8809,168,no,no,no,0,0,0,no,no,0.000000,0.000000,0.000,1.203,4.471,0.023,6.333
2409,1403715393.712143,114.900000,OK,OK,MM,no,313,481,0,481,103,378,0.2141,PoseOpt,yes,yes,237,10255,8638,168,no,no,no,0,0,0,no,no,0.000000,0.000000,0.000,1.208,4.914,0.029,6.894
2410,1403715393.762143,114.950000,OK,OK,MM,no,319,524,0,524,112,412,0.2137,PoseOpt,no,no,238,10234,8501,166,no,no,no,0,0,0,no,no,0.000000,0.000000,0.000,1.122,4.625,0.024,6.350
2411,1403715393.812143,115.000000,OK,OK,MM,no,338,499,0,499,109,390,0.2184,PoseOpt,no,no,238,10234,8501,166,no,no,no,0,0,0,no,no,0.000000,0.000000,0.000,1.314,4.931,0.030,8.029
2412,1403715393.862143,115.050000,OK,OK,MM,no,327,517,0,517,96,421,0.1857,PoseOpt,no,no,238,10234,8566,167,no,no,no,0,0,0,no,no,0.000000,0.000000,0.000,1.344,4.864,0.029,7.978
2413,1403715393.912143,115.100000,OK,OK,MM,no,352,507,0,507,110,397,0.2170,PoseOpt,no,no,238,10234,8339,163,no,no,no,0,0,0,no,no,0.000000,0.000000,0.000,1.730,5.034,0.028,7.455
2414,1403715393.962143,115.150000,OK,OK,MM,no,326,529,0,529,106,423,0.2004,PoseOpt,no,no,238,10234,8312,164,no,no,no,0,0,0,no,no,0.000000,0.000000,0.000,1.244,5.628,0.036,7.663
2415,1403715394.012143,115.200000,OK,OK,MM,no,356,500,0,500,109,391,0.2180,PoseOpt,no,no,238,10234,8390,166,no,no,no,0,0,0,no,no,0.000000,0.000000,0.000,1.342,4.793,0.026,6.735
2416,1403715394.062143,115.250000,OK,OK,MM,no,336,508,0,508,114,394,0.2244,PoseOpt,no,no,238,10234,8481,172,no,no,no,0,0,0,no,no,0.000000,0.000000,0.000,1.237,4.870,0.027,6.733
2417,1403715394.112143,115.300000,OK,OK,MM,no,323,507,0,507,107,400,0.2110,PoseOpt,no,no,238,10234,8484,173,no,no,no,0,0,0,no,no,0.000000,0.000000,0.000,1.371,5.181,0.028,7.221
2418,1403715394.162143,115.350000,OK,OK,MM,no,319,491,0,491,118,373,0.2403,PoseOpt,no,no,238,10234,8380,170,yes,no,no,0,0,0,no,no,0.000000,0.000000,0.000,1.206,5.281,0.026,7.226
2419,1403715394.212143,115.400000,OK,OK,MM,no,303,493,0,493,106,387,0.2150,PoseOpt,no,no,235,10202,8355,168,no,no,no,0,0,0,no,no,0.000000,0.000000,0.000,1.143,4.438,0.021,6.241
2420,1403715394.262143,115.450000,OK,OK,MM,no,309,480,0,480,94,386,0.1958,PoseOpt,yes,yes,234,10191,8335,166,no,no,no,0,0,0,no,no,0.000000,0.000000,0.000,1.233,4.446,0.021,6.349
2421,1403715394.312143,115.500000,OK,OK,MM,no,320,516,0,516,101,415,0.1957,PoseOpt,no,no,235,10201,8345,167,no,no,no,0,0,0,no,no,0.000000,0.000000,0.000,1.233,5.519,0.027,7.562
2422,1403715394.362143,115.550000,OK,OK,MM,no,348,496,0,496,93,403,0.1875,PoseOpt,no,no,235,10201,8430,169,no,no,no,0,0,0,no,no,0.000000,0.000000,0.000,1.289,4.795,0.028,7.525
2423,1403715394.412143,115.600000,OK,OK,MM,no,317,477,0,477,96,381,0.2013,PoseOpt,no,no,235,10201,8284,164,no,no,no,0,0,0,no,no,0.000000,0.000000,0.000,1.268,4.772,0.030,8.701
2424,1403715394.462143,115.650000,OK,OK,MM,no,301,468,0,468,94,374,0.2009,PoseOpt,no,no,235,10201,8227,163,no,no,no,0,0,0,no,no,0.000000,0.000000,0.000,1.308,4.856,0.028,6.869
2425,1403715394.512143,115.700000,OK,OK,MM,no,298,478,0,478,108,370,0.2259,PoseOpt,no,no,235,10201,8340,164,no,no,no,0,0,0,no,no,0.000000,0.000000,0.000,1.301,5.354,0.036,7.466
2426,1403715394.562143,115.750000,OK,OK,MM,no,283,471,0,471,97,374,0.2059,PoseOpt,no,no,235,10201,8243,162,no,no,no,0,0,0,no,no,0.000000,0.000000,0.000,1.212,4.620,0.029,6.563
2427,1403715394.612143,115.800000,OK,OK,MM,no,286,486,0,486,98,388,0.2016,PoseOpt,no,no,235,10201,8114,159,no,no,no,0,0,0,no,no,0.000000,0.000000,0.000,1.187,4.646,0.028,6.517
2428,1403715394.662143,115.850000,OK,OK,MM,no,291,487,0,487,97,390,0.1992,PoseOpt,no,no,235,10201,8085,158,no,no,no,0,0,0,no,no,0.000000,0.000000,0.000,1.214,4.667,0.028,6.518
2429,1403715394.712143,115.900000,OK,OK,MM,no,307,466,0,466,95,371,0.2039,PoseOpt,no,no,235,10201,8114,159,no,no,no,0,0,0,no,no,0.000000,0.000000,0.000,1.332,4.937,0.029,6.968
2430,1403715394.762143,115.950000,OK,OK,MM,no,285,456,0,456,84,372,0.1842,PoseOpt,no,no,235,10200,8043,157,yes,no,no,0,0,0,no,no,0.000000,0.000000,0.000,1.146,4.833,0.028,8.006
2431,1403715394.812143,116.000000,OK,OK,MM,no,292,446,0,446,80,366,0.1794,PoseOpt,no,no,235,10200,7858,156,no,no,no,0,0,0,no,no,0.000000,0.000000,0.000,1.122,4.024,0.023,5.930
2432,1403715394.862143,116.050000,OK,OK,MM,no,270,433,0,433,70,363,0.1617,PoseOpt,yes,yes,235,10200,7858,156,no,no,no,0,0,0,no,no,0.000000,0.000000,0.000,1.075,4.237,0.022,5.935
2433,1403715394.912143,116.100000,OK,OK,MM,no,280,450,0,450,76,374,0.1689,PoseOpt,no,no,236,10206,7864,157,no,no,no,0,0,0,no,no,0.000000,0.000000,0.000,1.069,4.172,0.033,6.255
2434,1403715394.962143,116.150000,OK,OK,MM,no,295,454,0,454,76,378,0.1674,PoseOpt,no,no,236,10206,7439,150,no,no,no,0,0,0,no,no,0.000000,0.000000,0.000,1.153,4.721,0.026,7.385
2435,1403715395.012143,116.200000,OK,OK,MM,no,260,443,0,443,89,354,0.2009,PoseOpt,no,no,236,10206,7439,150,no,no,no,0,0,0,no,no,0.000000,0.000000,0.000,1.142,4.343,0.027,6.187
2436,1403715395.062143,116.250000,OK,OK,MM,no,277,431,0,431,74,357,0.1717,PoseOpt,no,no,236,10206,7435,149,no,no,no,0,0,0,no,no,0.000000,0.000000,0.000,1.171,4.975,0.032,6.889
2437,1403715395.112143,116.300000,OK,OK,MM,no,278,425,0,425,62,363,0.1459,PoseOpt,no,no,236,10206,7439,150,no,no,no,0,0,0,no,no,0.000000,0.000000,0.000,1.169,4.596,0.029,6.476
2438,1403715395.162143,116.350000,OK,OK,MM,no,281,413,0,413,57,356,0.1380,PoseOpt,no,no,236,10206,7439,150,no,no,no,0,0,0,no,no,0.000000,0.000000,0.000,1.169,4.234,0.023,6.007
2439,1403715395.212143,116.400000,OK,OK,MM,no,279,428,0,428,79,349,0.1846,PoseOpt,no,no,236,10206,7439,150,no,no,no,0,0,0,no,no,0.000000,0.000000,0.000,1.101,4.198,0.024,5.882
2440,1403715395.262143,116.450000,OK,OK,MM,no,270,416,0,416,68,348,0.1635,PoseOpt,no,no,236,10206,7439,150,yes,no,no,0,0,0,no,no,0.000000,0.000000,0.000,1.053,4.223,0.026,5.980
2441,1403715395.312143,116.500000,OK,OK,MM,no,253,410,0,410,60,350,0.1463,PoseOpt,no,no,235,10199,7411,148,no,no,no,0,0,0,no,no,0.000000,0.000000,0.000,0.993,3.775,0.024,5.439
2442,1403715395.362143,116.550000,OK,OK,MM,no,271,417,0,417,64,353,0.1535,PoseOpt,yes,yes,235,10199,7407,147,no,no,no,0,0,0,no,no,0.000000,0.000000,0.000,1.115,4.229,0.022,6.009
2443,1403715395.412143,116.600000,OK,OK,MM,no,267,446,0,446,68,378,0.1525,PoseOpt,no,no,236,10229,7459,150,no,no,no,0,0,0,no,no,0.000000,0.000000,0.000,1.083,3.967,0.026,5.625
2444,1403715395.462143,116.650000,OK,OK,MM,no,310,441,0,441,61,380,0.1383,PoseOpt,no,no,236,10229,7320,148,no,no,no,0,0,0,no,no,0.000000,0.000000,0.000,1.184,4.029,0.023,5.790
2445,1403715395.512143,116.700000,OK,OK,MM,no,294,420,0,420,66,354,0.1571,PoseOpt,no,no,236,10229,7366,147,no,no,no,0,0,0,no,no,0.000000,0.000000,0.000,1.227,4.683,0.030,8.057
2446,1403715395.562143,116.750000,OK,OK,MM,no,266,406,0,406,58,348,0.1429,PoseOpt,no,no,236,10229,7318,146,no,no,no,0,0,0,no,no,0.000000,0.000000,0.000,1.131,5.989,0.036,7.881
2447,1403715395.612143,116.800000,OK,OK,MM,no,267,398,0,398,57,341,0.1432,PoseOpt,no,no,236,10229,7110,138,no,no,no,0,0,0,no,no,0.000000,0.000000,0.000,1.163,4.086,0.024,5.842
2448,1403715395.662143,116.850000,OK,OK,MM,no,264,379,0,379,61,318,0.1609,PoseOpt,no,no,236,10229,7001,134,no,no,no,0,0,0,no,no,0.000000,0.000000,0.000,1.053,3.728,0.030,5.522
2449,1403715395.712143,116.900000,OK,OK,MM,no,232,382,0,382,61,321,0.1597,PoseOpt,no,no,236,10229,6879,129,no,no,no,0,0,0,no,no,0.000000,0.000000,0.000,0.936,3.637,0.024,5.127
2450,1403715395.762143,116.950000,OK,OK,MM,no,242,368,0,368,50,318,0.1359,PoseOpt,no,no,236,10228,6817,128,yes,no,no,0,0,0,no,no,0.000000,0.000000,0.000,1.025,3.675,0.023,5.347
2451,1403715395.812143,117.000000,OK,OK,MM,no,239,358,0,358,43,315,0.1201,PoseOpt,no,no,235,10216,6805,127,no,no,no,0,0,0,no,no,0.000000,0.000000,0.000,1.076,3.422,0.023,5.091
2452,1403715395.862143,117.050000,OK,OK,MM,no,245,337,0,337,49,288,0.1454,PoseOpt,yes,yes,235,10216,6402,110,no,no,no,0,0,0,no,no,0.000000,0.000000,0.000,0.975,3.237,0.021,4.762
2453,1403715395.912143,117.100000,OK,OK,MM,no,228,427,0,427,60,367,0.1405,PoseOpt,no,no,236,10293,6788,126,no,no,no,0,0,0,no,no,0.000000,0.000000,0.000,0.854,3.456,0.022,5.006
2454,1403715395.962143,117.150000,OK,OK,MM,no,278,417,0,417,44,373,0.1055,PoseOpt,no,no,236,10293,6536,111,no,no,no,0,0,0,no,no,0.000000,0.000000,0.000,1.185,4.224,0.025,6.142
2455,1403715396.012143,117.200000,OK,OK,MM,no,302,415,0,415,43,372,0.1036,PoseOpt,no,no,236,10293,6506,109,no,no,no,0,0,0,no,no,0.000000,0.000000,0.000,1.193,3.457,0.025,5.386
2456,1403715396.062143,117.250000,OK,OK,MM,no,289,397,0,397,45,352,0.1134,PoseOpt,no,no,236,10293,6426,107,no,no,no,0,0,0,no,no,0.000000,0.000000,0.000,1.226,3.566,0.022,5.413
2457,1403715396.112143,117.300000,OK,OK,MM,no,280,411,0,411,42,369,0.1022,PoseOpt,no,no,236,10293,6052,100,yes,no,no,0,0,0,no,no,0.000000,0.000000,0.000,1.177,3.662,0.020,5.425
2458,1403715396.162143,117.350000,OK,OK,MM,no,299,388,0,388,38,350,0.0979,PoseOpt,no,no,235,10276,5919,93,no,no,no,0,0,0,no,no,0.000000,0.000000,0.000,1.157,2.944,0.021,4.596
2459,1403715396.212143,117.400000,OK,OK,MM,no,277,375,0,375,35,340,0.0933,PoseOpt,no,no,235,10276,5790,95,no,no,no,0,0,0,no,no,0.000000,0.000000,0.000,1.281,3.425,0.019,5.219
2460,1403715396.262143,117.450000,OK,OK,MM,no,278,396,0,396,50,346,0.1263,PoseOpt,no,no,235,10276,5861,97,no,no,no,0,0,0,no,no,0.000000,0.000000,0.000,1.372,3.184,0.021,5.077
2461,1403715396.312143,117.500000,OK,OK,MM,no,299,387,0,387,43,344,0.1111,PoseOpt,no,no,235,10276,5722,95,no,no,no,0,0,0,no,no,0.000000,0.000000,0.000,1.260,3.074,0.019,4.811
2462,1403715396.362143,117.550000,OK,OK,MM,no,292,389,0,389,33,356,0.0848,PoseOpt,no,no,235,10276,5825,98,no,no,no,0,0,0,no,no,0.000000,0.000000,0.000,1.142,3.256,0.020,4.882
2463,1403715396.412143,117.600000,OK,OK,MM,no,285,394,0,394,54,340,0.1371,PoseOpt,no,no,235,10276,6308,106,no,no,no,0,0,0,no,no,0.000000,0.000000,0.000,1.145,3.297,0.019,4.969
2464,1403715396.462143,117.650000,OK,OK,MM,no,293,375,0,375,34,341,0.0907,PoseOpt,no,no,235,10276,6057,97,no,no,no,0,0,0,no,no,0.000000,0.000000,0.000,1.139,3.420,0.021,5.098
2465,1403715396.512143,117.700000,OK,OK,MM,no,294,387,0,387,49,338,0.1266,PoseOpt,yes,yes,235,10276,6317,107,no,no,no,0,0,0,no,no,0.000000,0.000000,0.000,1.221,3.397,0.020,5.161
2466,1403715396.562143,117.750000,OK,OK,MM,no,278,424,0,424,47,377,0.1108,PoseOpt,no,no,236,10292,6277,107,no,no,no,0,0,0,no,no,0.000000,0.000000,0.000,1.165,3.573,0.022,5.420
2467,1403715396.612143,117.800000,OK,OK,MM,no,300,419,0,419,43,376,0.1026,PoseOpt,no,no,236,10292,6277,107,no,no,no,0,0,0,no,no,0.000000,0.000000,0.000,1.286,3.601,0.023,5.509
2468,1403715396.662143,117.850000,OK,OK,MM,no,297,403,0,403,42,361,0.1042,PoseOpt,no,no,236,10292,5738,96,no,no,no,0,0,0,no,no,0.000000,0.000000,0.000,1.278,3.441,0.022,5.326
2469,1403715396.712143,117.900000,OK,OK,MM,no,283,380,0,380,42,338,0.1105,PoseOpt,no,no,236,10292,5668,95,yes,no,no,0,0,0,no,no,0.000000,0.000000,0.000,1.152,7.521,0.022,9.420
2470,1403715396.762143,117.950000,OK,OK,MM,no,269,388,0,388,43,345,0.1108,PoseOpt,yes,yes,236,10292,5711,95,no,no,no,0,0,0,no,no,0.000000,0.000000,0.000,1.012,3.025,0.019,4.545
2471,1403715396.812143,118.000000,OK,OK,MM,no,276,420,0,420,32,388,0.0762,PoseOpt,no,no,237,10302,5582,91,no,no,no,0,0,0,no,no,0.000000,0.000000,0.000,1.063,3.008,0.022,4.715
2472,1403715396.862143,118.050000,OK,OK,MM,no,308,390,0,390,36,354,0.0923,PoseOpt,no,no,237,10302,5353,87,no,no,no,0,0,0,no,no,0.000000,0.000000,0.000,1.285,4.230,0.022,6.140
2473,1403715396.912143,118.100000,OK,OK,MM,no,282,383,0,383,34,349,0.0888,PoseOpt,no,no,237,10302,5353,87,no,no,no,0,0,0,no,no,0.000000,0.000000,0.000,1.246,3.280,0.024,5.101
2474,1403715396.962143,118.150000,OK,OK,MM,no,275,365,0,365,22,343,0.0603,PoseOpt,no,no,236,10284,5414,88,yes,no,no,0,0,0,no,no,0.000000,0.000000,0.000,1.074,3.426,0.018,4.957
2475,1403715397.012143,118.200000,OK,OK,MM,no,276,367,0,367,24,343,0.0654,PoseOpt,yes,yes,235,10270,5467,85,no,no,no,0,0,0,no,no,0.000000,0.000000,0.000,1.062,3.052,0.020,4.641
2476,1403715397.062143,118.250000,OK,OK,MM,no,265,404,0,404,34,370,0.0842,PoseOpt,no,no,236,10290,5451,85,no,no,no,0,0,0,no,no,0.000000,0.000000,0.000,1.035,2.908,0.020,4.481
2477,1403715397.112143,118.300000,OK,OK,MM,no,294,381,0,381,29,352,0.0761,PoseOpt,no,no,236,10290,5357,84,no,no,no,0,0,0,no,no,0.000000,0.000000,0.000,1.194,3.017,0.021,4.792
2478,1403715397.162143,118.350000,OK,OK,MM,no,286,379,0,379,39,340,0.1029,PoseOpt,no,no,236,10290,5239,82,no,no,no,0,0,0,no,no,0.000000,0.000000,0.000,1.154,3.323,0.029,5.093
2479,1403715397.212143,118.400000,OK,OK,MM,no,277,360,0,360,23,337,0.0639,PoseOpt,no,no,236,10289,5238,82,yes,no,no,0,0,0,no,no,0.000000,0.000000,0.000,1.022,2.707,0.019,4.200
2480,1403715397.262143,118.450000,OK,OK,MM,no,271,358,0,358,33,325,0.0922,PoseOpt,yes,yes,236,10289,5169,81,no,no,no,0,0,0,no,no,0.000000,0.000000,0.000,1.060,2.776,0.018,4.328
2481,1403715397.312143,118.500000,OK,OK,MM,no,277,414,0,414,27,387,0.0652,PoseOpt,no,no,237,10344,5339,81,no,no,no,0,0,0,no,no,0.000000,0.000000,0.000,1.057,3.363,0.023,4.989
2482,1403715397.362143,118.550000,OK,OK,MM,no,321,413,0,413,27,386,0.0654,PoseOpt,no,no,237,10344,5302,82,no,no,no,0,0,0,no,no,0.000000,0.000000,0.000,1.304,2.956,0.020,4.781
2483,1403715397.412143,118.600000,OK,OK,MM,no,322,403,0,403,26,377,0.0645,PoseOpt,no,no,237,10344,5334,83,yes,no,no,0,0,0,no,no,0.000000,0.000000,0.000,1.196,2.770,0.020,4.445
2484,1403715397.462143,118.650000,OK,OK,MM,no,313,417,0,417,33,384,0.0791,PoseOpt,no,no,237,10344,5334,83,no,no,no,0,0,0,no,no,0.000000,0.000000,0.000,1.206,2.778,0.019,4.442
2485,1403715397.512143,118.700000,OK,OK,MM,no,322,413,0,413,23,390,0.0557,PoseOpt,no,no,237,10344,5400,81,no,no,no,0,0,0,no,no,0.000000,0.000000,0.000,1.277,3.117,0.019,4.851
2486,1403715397.562143,118.750000,OK,OK,MM,no,314,396,0,396,21,375,0.0530,PoseOpt,yes,yes,237,10344,5178,81,no,no,no,0,0,0,no,no,0.000000,0.000000,0.000,1.276,2.877,0.019,6.377
2487,1403715397.612143,118.800000,OK,OK,MM,no,311,456,0,456,28,428,0.0614,PoseOpt,no,no,238,10413,5323,81,no,no,no,0,0,0,no,no,0.000000,0.000000,0.000,1.171,2.915,0.023,4.590
2488,1403715397.662143,118.850000,OK,OK,MM,no,355,437,0,437,25,412,0.0572,PoseOpt,no,no,238,10413,5323,81,no,no,no,0,0,0,no,no,0.000000,0.000000,0.000,1.641,3.190,0.024,5.418
2489,1403715397.712143,118.900000,OK,OK,MM,no,326,433,0,433,38,395,0.0878,PoseOpt,no,no,238,10413,5284,82,no,no,no,0,0,0,no,no,0.000000,0.000000,0.000,1.410,3.054,0.023,4.979
2490,1403715397.762143,118.950000,OK,OK,MM,no,325,406,0,406,25,381,0.0616,PoseOpt,no,no,237,10400,5534,81,yes,no,no,0,0,0,no,no,0.000000,0.000000,0.000,1.266,2.754,0.023,4.529
2491,1403715397.812143,119.000000,OK,OK,MM,no,313,434,0,434,41,393,0.0945,PoseOpt,yes,yes,237,10400,5460,81,no,no,no,0,0,0,no,no,0.000000,0.000000,0.000,1.262,2.868,0.021,4.662
2492,1403715397.862143,119.050000,OK,OK,MM,no,319,475,0,475,34,441,0.0716,PoseOpt,no,no,238,10454,5122,81,no,no,no,0,0,0,no,no,0.000000,0.000000,0.000,1.253,3.270,0.025,5.085
2493,1403715397.912143,119.100000,OK,OK,MM,no,365,475,0,475,44,431,0.0926,PoseOpt,no,no,238,10454,5122,81,no,no,no,0,0,0,no,no,0.000000,0.000000,0.000,1.591,3.274,0.024,5.454
2494,1403715397.962143,119.150000,OK,OK,MM,no,342,445,0,445,36,409,0.0809,PoseOpt,no,no,238,10452,5262,81,yes,no,no,0,0,0,no,no,0.000000,0.000000,0.000,1.323,3.131,0.024,5.135
2495,1403715398.012143,119.200000,OK,OK,MM,no,327,459,0,459,29,430,0.0632,PoseOpt,yes,yes,238,10452,5152,81,no,no,no,0,0,0,no,no,0.000000,0.000000,0.000,1.271,2.863,0.022,4.708
2496,1403715398.062143,119.250000,OK,OK,MM,no,324,460,0,460,27,433,0.0587,PoseOpt,no,no,239,10466,5016,82,no,no,no,0,0,0,no,no,0.000000,0.000000,0.000,1.281,3.127,0.023,4.970
2497,1403715398.112143,119.300000,OK,OK,MM,no,329,439,0,439,34,405,0.0774,PoseOpt,no,no,239,10466,4973,81,no,no,no,0,0,0,no,no,0.000000,0.000000,0.000,1.354,3.289,0.024,5.200
2498,1403715398.162143,119.350000,OK,OK,MM,no,318,446,0,446,32,414,0.0717,PoseOpt,no,no,239,10466,4973,81,yes,no,no,0,0,0,no,no,0.000000,0.000000,0.000,1.362,2.951,0.024,4.946
2499,1403715398.212143,119.400000,OK,OK,MM,no,348,429,0,429,36,393,0.0839,PoseOpt,yes,yes,238,10449,5154,81,no,no,no,0,0,0,no,no,0.000000,0.000000,0.000,1.358,2.919,0.022,4.828
2500,1403715398.262143,119.450000,OK,OK,MM,no,312,468,0,468,36,432,0.0769,PoseOpt,no,no,239,10464,5097,81,no,no,no,0,0,0,no,no,0.000000,0.000000,0.000,1.248,3.601,0.023,5.447
2501,1403715398.312143,119.500000,OK,OK,MM,no,366,463,0,463,29,434,0.0626,PoseOpt,no,no,239,10464,5296,81,no,no,no,0,0,0,no,no,0.000000,0.000000,0.000,1.503,3.168,0.024,6.898
2502,1403715398.362143,119.550000,OK,OK,MM,no,344,457,0,457,30,427,0.0656,PoseOpt,no,no,239,10464,5258,81,yes,no,no,0,0,0,no,no,0.000000,0.000000,0.000,1.459,2.934,0.021,8.101
2503,1403715398.412143,119.600000,OK,OK,MM,no,347,454,0,454,29,425,0.0639,PoseOpt,no,no,239,10464,5164,82,no,no,no,0,0,0,no,no,0.000000,0.000000,0.000,1.316,3.029,0.022,4.895
2504,1403715398.462143,119.650000,OK,OK,MM,no,340,443,0,443,34,409,0.0767,PoseOpt,yes,yes,239,10464,5014,82,no,no,no,0,0,0,no,no,0.000000,0.000000,0.000,1.358,3.070,0.022,4.964
2505,1403715398.512143,119.700000,OK,OK,MM,no,336,462,0,462,26,436,0.0563,PoseOpt,no,no,240,10479,4987,82,no,no,no,0,0,0,no,no,0.000000,0.000000,0.000,1.297,3.157,0.022,5.004
2506,1403715398.562143,119.750000,OK,OK,MM,no,363,452,0,452,27,425,0.0597,PoseOpt,no,no,240,10479,4987,82,no,no,no,0,0,0,no,no,0.000000,0.000000,0.000,1.376,3.710,0.031,5.754
2507,1403715398.612143,119.800000,OK,OK,MM,no,339,433,0,433,24,409,0.0554,PoseOpt,no,no,240,10479,5029,83,no,no,no,0,0,0,no,no,0.000000,0.000000,0.000,1.558,3.152,0.022,5.269
2508,1403715398.662143,119.850000,OK,OK,MM,no,318,453,0,453,24,429,0.0530,PoseOpt,no,no,239,10463,4971,81,yes,no,no,0,0,0,no,no,0.000000,0.000000,0.000,1.288,2.916,0.025,4.810
2509,1403715398.712143,119.900000,OK,OK,MM,no,338,431,0,431,26,405,0.0603,PoseOpt,yes,yes,239,10463,5053,81,no,no,no,0,0,0,no,no,0.000000,0.000000,0.000,1.343,3.060,0.021,4.964
2510,1403715398.762143,119.950000,OK,OK,MM,no,311,436,0,436,28,408,0.0642,PoseOpt,no,no,240,10477,5105,82,no,no,no,0,0,0,no,no,0.000000,0.000000,0.000,1.228,3.182,0.022,4.953
2511,1403715398.812143,120.000000,OK,OK,MM,no,317,452,0,452,34,418,0.0752,PoseOpt,no,no,240,10477,4964,81,no,no,no,0,0,0,no,no,0.000000,0.000000,0.000,1.399,3.261,0.024,5.221
2512,1403715398.862143,120.050000,OK,OK,MM,no,334,442,0,442,40,402,0.0905,PoseOpt,no,no,240,10476,5011,83,yes,no,no,0,0,0,no,no,0.000000,0.000000,0.000,1.368,9.812,0.021,11.744
2513,1403715398.912143,120.100000,OK,OK,MM,no,332,446,0,446,39,407,0.0874,PoseOpt,yes,yes,240,10476,4969,82,no,no,no,0,0,0,no,no,0.000000,0.000000,0.000,1.443,3.088,0.024,6.283
2514,1403715398.962143,120.150000,OK,OK,MM,no,338,484,0,484,45,439,0.0930,PoseOpt,no,no,241,10484,5160,85,no,no,no,0,0,0,no,no,0.000000,0.000000,0.000,1.340,3.232,0.024,7.021
2515,1403715399.012143,120.200000,OK,OK,MM,no,360,464,0,464,44,420,0.0948,PoseOpt,no,no,241,10484,5019,84,no,no,no,0,0,0,no,no,0.000000,0.000000,0.000,1.432,3.231,0.022,5.200
2516,1403715399.062143,120.250000,OK,OK,MM,no,344,474,0,474,47,427,0.0992,PoseOpt,no,no,241,10484,5019,84,no,no,no,0,0,0,no,no,0.000000,0.000000,0.000,1.400,3.121,0.026,5.171
2517,1403715399.112143,120.300000,OK,OK,MM,no,356,481,0,481,44,437,0.0915,PoseOpt,no,no,240,10468,5102,84,yes,no,no,0,0,0,no,no,0.000000,0.000000,0.000,1.324,3.160,0.022,5.022
2518,1403715399.162143,120.350000,OK,OK,MM,no,345,472,0,472,37,435,0.0784,PoseOpt,no,no,240,10468,5003,83,no,no,no,0,0,0,no,no,0.000000,0.000000,0.000,1.323,2.937,0.020,4.788
2519,1403715399.212143,120.400000,OK,OK,MM,no,361,460,0,460,35,425,0.0761,PoseOpt,no,no,240,10468,4961,82,no,no,no,0,0,0,no,no,0.000000,0.000000,0.000,1.407,3.178,0.021,5.111
2520,1403715399.262143,120.450000,OK,OK,MM,no,334,446,0,446,34,412,0.0762,PoseOpt,yes,yes,240,10468,5102,83,no,no,no,0,0,0,no,no,0.000000,0.000000,0.000,1.392,3.207,0.022,5.194
2521,1403715399.312143,120.500000,OK,OK,MM,no,329,471,0,471,28,443,0.0594,PoseOpt,no,no,241,10496,5031,84,no,no,no,0,0,0,no,no,0.000000,0.000000,0.000,1.499,3.299,0.023,5.371
2522,1403715399.362143,120.550000,OK,OK,MM,no,360,456,0,456,29,427,0.0636,PoseOpt,no,no,241,10496,5124,83,no,no,no,0,0,0,no,no,0.000000,0.000000,0.000,1.452,3.270,0.025,5.387
2523,1403715399.412143,120.600000,OK,OK,MM,no,341,492,0,492,40,452,0.0813,PoseOpt,no,no,241,10496,5130,84,no,no,no,0,0,0,no,no,0.000000,0.000000,0.000,1.537,3.881,0.036,6.352
2524,1403715399.462143,120.650000,OK,OK,MM,no,367,459,0,459,29,430,0.0632,PoseOpt,no,no,241,10496,4835,78,yes,no,no,0,0,0,no,no,0.000000,0.000000,0.000,1.332,2.785,0.022,4.694
2525,1403715399.512143,120.700000,OK,OK,MM,no,350,461,0,461,26,435,0.0564,PoseOpt,no,no,241,10496,5082,82,no,no,no,0,0,0,no,no,0.000000,0.000000,0.000,1.342,3.095,0.019,4.944
2526,1403715399.562143,120.750000,OK,OK,MM,no,357,457,0,457,26,431,0.0569,PoseOpt,yes,yes,241,10496,5082,82,no,no,no,0,0,0,no,no,0.000000,0.000000,0.000,1.505,3.375,0.021,5.955
2527,1403715399.612143,120.800000,OK,OK,MM,no,339,452,0,452,23,429,0.0509,PoseOpt,no,no,242,10519,5115,84,no,no,no,0,0,0,no,no,0.000000,0.000000,0.000,1.352,4.311,0.024,6.282
2528,1403715399.662143,120.850000,OK,OK,MM,no,315,470,0,470,28,442,0.0596,PoseOpt,no,no,242,10519,5115,84,no,no,no,0,0,0,no,no,0.000000,0.000000,0.000,1.256,3.836,0.035,5.771
2529,1403715399.712143,120.900000,OK,OK,MM,no,343,480,0,480,30,450,0.0625,PoseOpt,no,no,242,10519,5128,81,yes,no,no,0,0,0,no,no,0.000000,0.000000,0.000,1.284,3.254,0.026,5.150
2530,1403715399.762143,120.950000,OK,OK,MM,no,346,454,0,454,32,422,0.0705,PoseOpt,yes,yes,241,10504,5090,81,no,no,no,0,0,0,no,no,0.000000,0.000000,0.000,1.271,3.235,0.035,5.142
2531,1403715399.812143,121.000000,OK,OK,MM,no,325,456,0,456,36,420,0.0789,PoseOpt,no,no,242,10508,5283,84,no,no,no,0,0,0,no,no,0.000000,0.000000,0.000,1.268,3.150,0.023,4.968
2532,1403715399.862143,121.050000,OK,OK,MM,no,327,460,0,460,36,424,0.0783,PoseOpt,no,no,242,10508,5093,81,no,no,no,0,0,0,no,no,0.000000,0.000000,0.000,1.260,3.592,0.035,5.548
2533,1403715399.912143,121.100000,OK,OK,MM,no,330,447,0,447,34,413,0.0761,PoseOpt,no,no,242,10508,5086,81,no,no,no,0,0,0,no,no,0.000000,0.000000,0.000,1.307,3.348,0.028,5.347
2534,1403715399.962143,121.150000,OK,OK,MM,no,344,458,0,458,32,426,0.0699,PoseOpt,no,no,241,10491,5041,81,yes,no,no,0,0,0,no,no,0.000000,0.000000,0.000,1.239,2.832,0.022,4.614
2535,1403715400.012143,121.200000,OK,OK,MM,no,356,455,0,455,39,416,0.0857,PoseOpt,yes,yes,241,10491,4999,83,no,no,no,0,0,0,no,no,0.000000,0.000000,0.000,1.319,3.136,0.022,5.006
2536,1403715400.062143,121.250000,OK,OK,MM,no,347,468,0,468,37,431,0.0791,PoseOpt,no,no,242,10512,5020,84,no,no,no,0,0,0,no,no,0.000000,0.000000,0.000,1.278,3.227,0.024,5.105
2537,1403715400.112143,121.300000,OK,OK,MM,no,333,455,0,455,36,419,0.0791,PoseOpt,no,no,242,10512,5213,86,no,no,no,0,0,0,no,no,0.000000,0.000000,0.000,1.351,3.413,0.025,5.352
2538,1403715400.162143,121.350000,OK,OK,MM,no,346,449,0,449,36,413,0.0802,PoseOpt,no,no,240,10473,5041,84,yes,no,no,0,0,0,no,no,0.000000,0.000000,0.000,1.339,3.551,0.025,5.612
2539,1403715400.212143,121.400000,OK,OK,MM,no,337,442,0,442,37,405,0.0837,PoseOpt,yes,yes,240,10473,5023,83,no,no,no,0,0,0,no,no,0.000000,0.000000,0.000,1.249,3.120,0.023,6.566
2540,1403715400.262143,121.450000,OK,OK,MM,no,340,492,0,492,41,451,0.0833,PoseOpt,no,no,241,10500,5088,85,no,no,no,0,0,0,no,no,0.000000,0.000000,0.000,1.719,3.334,0.033,7.295
2541,1403715400.312143,121.500000,OK,OK,MM,no,354,471,0,471,46,425,0.0977,PoseOpt,no,no,241,10500,5495,88,no,no,no,0,0,0,no,no,0.000000,0.000000,0.000,1.422,4.000,0.034,6.119
2542,1403715400.362143,121.550000,OK,OK,MM,no,330,429,0,429,48,381,0.1119,PoseOpt,no,no,241,10499,5435,87,yes,no,no,0,0,0,no,no,0.000000,0.000000,0.000,1.277,3.687,0.026,5.627
2543,1403715400.412143,121.600000,OK,OK,MM,no,314,421,0,421,57,364,0.1354,PoseOpt,yes,yes,240,10491,5184,81,no,no,no,0,0,0,no,no,0.000000,0.000000,0.000,1.170,3.173,0.023,4.933
2544,1403715400.462143,121.650000,OK,OK,MM,no,287,463,0,463,58,405,0.1253,PoseOpt,no,no,241,10506,5536,89,no,no,no,0,0,0,no,no,0.000000,0.000000,0.000,1.082,3.259,0.022,4.920
2545,1403715400.512143,121.700000,OK,OK,MM,no,315,435,0,435,51,384,0.1172,PoseOpt,no,no,241,10506,5670,90,no,no,no,0,0,0,no,no,0.000000,0.000000,0.000,1.183,3.594,0.027,5.456
2546,1403715400.562143,121.750000,OK,OK,MM,no,307,448,0,448,62,386,0.1384,PoseOpt,no,no,241,10506,5799,94,no,no,no,0,0,0,no,no,0.000000,0.000000,0.000,1.231,3.878,0.025,5.857
2547,1403715400.612143,121.800000,OK,OK,MM,no,278,407,0,407,54,353,0.1327,PoseOpt,no,no,241,10504,5850,93,yes,no,no,0,0,0,no,no,0.000000,0.000000,0.000,1.162,3.534,0.023,5.329
2548,1403715400.662143,121.850000,OK,OK,MM,no,271,407,0,407,63,344,0.1548,PoseOpt,yes,yes,240,10493,5868,97,no,no,no,0,0,0,no,no,0.000000,0.000000,0.000,1.048,3.195,0.021,4.827
2549,1403715400.712143,121.900000,OK,OK,MM,no,250,416,0,416,63,353,0.1514,PoseOpt,no,no,241,10507,5875,99,no,no,no,0,0,0,no,no,0.000000,0.000000,0.000,0.946,3.289,0.021,4.824
2550,1403715400.762143,121.950000,OK,OK,MM,no,269,389,0,389,80,309,0.2057,PoseOpt,no,no,241,10507,6250,108,no,no,no,0,0,0,no,no,0.000000,0.000000,0.000,1.072,3.702,0.023,5.395
2551,1403715400.812143,122.000000,OK,OK,MM,no,240,372,0,372,68,304,0.1828,PoseOpt,no,no,241,10507,6251,110,no,no,no,0,0,0,no,no,0.000000,0.000000,0.000,1.014,3.608,0.023,5.340
2552,1403715400.862143,122.050000,OK,OK,MM,no,237,371,0,371,61,310,0.1644,PoseOpt,no,no,241,10507,6184,109,yes,no,no,0,0,0,no,no,0.000000,0.000000,0.000,1.001,10.795,0.027,13.144
2553,1403715400.912143,122.100000,OK,OK,MM,no,250,351,0,351,61,290,0.1738,PoseOpt,yes,yes,241,10507,6296,110,no,no,no,0,0,0,no,no,0.000000,0.000000,0.000,1.019,5.248,0.020,6.901
2554,1403715400.962143,122.150000,OK,OK,MM,no,225,381,0,381,75,306,0.1969,PoseOpt,no,no,242,10527,6409,114,no,no,no,0,0,0,no,no,0.000000,0.000000,0.000,0.896,3.488,0.019,4.984
2555,1403715401.012143,122.200000,OK,OK,MM,no,240,372,0,372,75,297,0.2016,PoseOpt,no,no,242,10527,6239,111,no,no,no,0,0,0,no,no,0.000000,0.000000,0.000,0.941,3.633,0.020,5.173
2556,1403715401.062143,122.250000,OK,OK,MM,no,248,363,0,363,77,286,0.2121,PoseOpt,no,no,242,10527,6254,110,no,no,no,0,0,0,no,no,0.000000,0.000000,0.000,0.943,3.792,0.022,5.401
2557,1403715401.112143,122.300000,OK,OK,MM,no,235,347,0,347,76,271,0.2190,PoseOpt,no,no,242,10527,6760,122,no,no,no,0,0,0,no,no,0.000000,0.000000,0.000,0.888,3.666,0.020,5.129
2558,1403715401.162143,122.350000,OK,OK,MM,no,227,336,0,336,78,258,0.2321,PoseOpt,no,no,241,10510,6743,121,yes,no,no,0,0,0,no,no,0.000000,0.000000,0.000,0.813,3.459,0.018,4.876
2559,1403715401.212143,122.400000,OK,OK,MM,no,218,345,0,345,86,259,0.2493,PoseOpt,yes,yes,241,10510,6795,124,no,no,no,0,0,0,no,no,0.000000,0.000000,0.000,0.798,3.740,0.018,5.149
2560,1403715401.262143,122.450000,OK,OK,MM,no,206,412,0,412,94,318,0.2282,PoseOpt,no,no,242,10565,6836,124,no,no,no,0,0,0,no,no,0.000000,0.000000,0.000,1.158,3.784,0.021,5.678
2561,1403715401.312143,122.500000,OK,OK,MM,no,271,365,0,365,90,275,0.2466,PoseOpt,no,no,242,10565,6320,111,no,no,no,0,0,0,no,no,0.000000,0.000000,0.000,1.012,3.797,0.022,5.484
2562,1403715401.362143,122.550000,OK,OK,MM,no,230,368,0,368,83,285,0.2255,PoseOpt,no,no,242,10565,6812,123,no,no,no,0,0,0,no,no,0.000000,0.000000,0.000,0.911,3.733,0.019,5.299
2563,1403715401.412143,122.600000,OK,OK,MM,no,233,352,0,352,92,260,0.2614,PoseOpt,no,no,242,10565,6850,125,no,no,no,0,0,0,no,no,0.000000,0.000000,0.000,0.904,3.845,0.021,5.357
2564,1403715401.462143,122.650000,OK,OK,MM,no,211,332,0,332,85,247,0.2560,PoseOpt,no,no,242,10565,6850,125,no,no,no,0,0,0,no,no,0.000000,0.000000,0.000,1.000,5.035,0.030,6.839
2565,1403715401.512143,122.700000,OK,OK,MM,no,182,308,0,308,84,224,0.2727,PoseOpt,no,no,242,10565,6798,122,yes,no,no,0,0,0,no,no,0.000000,0.000000,0.000,0.803,3.644,0.020,5.056
2566,1403715401.562143,122.750000,OK,OK,MM,no,192,334,0,334,87,247,0.2605,PoseOpt,yes,yes,242,10565,6798,122,no,no,no,0,0,0,no,no,0.000000,0.000000,0.000,0.697,3.433,0.019,4.756
2567,1403715401.612143,122.800000,OK,OK,MM,no,190,318,0,318,78,240,0.2453,PoseOpt,no,no,243,10589,6415,114,no,no,no,0,0,0,no,no,0.000000,0.000000,0.000,0.753,3.324,0.018,4.664
2568,1403715401.662143,122.850000,OK,OK,MM,no,202,321,0,321,77,244,0.2399,PoseOpt,no,no,243,10589,6404,113,no,no,no,0,0,0,no,no,0.000000,0.000000,0.000,0.794,3.541,0.019,4.972
2569,1403715401.712143,122.900000,OK,OK,MM,no,194,313,0,313,90,223,0.2875,PoseOpt,no,no,243,10589,6482,116,no,no,no,0,0,0,no,no,0.000000,0.000000,0.000,0.807,3.987,0.025,5.497
2570,1403715401.762143,122.950000,OK,OK,MM,no,177,292,0,292,91,201,0.3116,PoseOpt,no,no,243,10589,6021,107,no,no,no,0,0,0,no,no,0.000000,0.000000,0.000,0.850,3.242,0.019,4.652
2571,1403715401.812143,123.000000,OK,OK,MM,no,179,306,0,306,86,220,0.2810,PoseOpt,no,no,243,10589,6157,111,yes,no,no,0,0,0,no,no,0.000000,0.000000,0.000,0.709,3.331,0.021,4.633
2572,1403715401.862143,123.050000,OK,OK,MM,no,180,281,0,281,73,208,0.2598,PoseOpt,no,no,241,10560,6128,110,no,no,no,0,0,0,no,no,0.000000,0.000000,0.000,0.760,3.096,0.017,4.534
2573,1403715401.912143,123.100000,OK,OK,MM,no,166,277,0,277,75,202,0.2708,PoseOpt,yes,yes,241,10560,6199,110,no,no,no,0,0,0,no,no,0.000000,0.000000,0.000,0.731,3.222,0.018,5.783
2574,1403715401.962143,123.150000,OK,OK,MM,no,171,309,0,309,87,222,0.2816,PoseOpt,no,no,242,10579,6008,107,no,no,no,0,0,0,no,no,0.000000,0.000000,0.000,0.656,3.228,0.016,6.057
2575,1403715402.012143,123.200000,OK,OK,MM,no,186,299,0,299,83,216,0.2776,PoseOpt,no,no,242,10579,6141,108,no,no,no,0,0,0,no,no,0.000000,0.000000,0.000,0.723,3.473,0.021,4.927
2576,1403715402.062143,123.250000,OK,OK,MM,no,185,294,0,294,83,211,0.2823,PoseOpt,no,no,242,10579,6114,108,no,no,no,0,0,0,no,no,0.000000,0.000000,0.000,0.713,3.488,0.019,4.879
2577,1403715402.112143,123.300000,OK,OK,MM,no,177,288,0,288,81,207,0.2812,PoseOpt,no,no,242,10579,6138,110,no,no,no,0,0,0,no,no,0.000000,0.000000,0.000,0.721,3.296,0.018,4.605
2578,1403715402.162143,123.350000,OK,OK,MM,no,172,274,0,274,71,203,0.2591,PoseOpt,no,no,242,10579,6238,110,yes,no,no,0,0,0,no,no,0.000000,0.000000,0.000,0.650,3.029,0.015,4.239
2579,1403715402.212143,123.400000,OK,OK,MM,no,168,248,0,248,70,178,0.2823,PoseOpt,yes,yes,242,10579,5973,105,no,no,no,0,0,0,no,no,0.000000,0.000000,0.000,0.709,3.114,0.013,4.380
2580,1403715402.262143,123.450000,OK,OK,MM,no,145,311,0,311,72,239,0.2315,PoseOpt,no,no,243,10631,5857,103,no,no,no,0,0,0,no,no,0.000000,0.000000,0.000,0.643,3.290,0.015,4.509
2581,1403715402.312143,123.500000,OK,OK,MM,no,205,304,0,304,82,222,0.2697,PoseOpt,no,no,243,10631,5857,103,no,no,no,0,0,0,no,no,0.000000,0.000000,0.000,0.861,3.711,0.017,5.231
2582,1403715402.362143,123.550000,OK,OK,MM,no,194,309,0,309,82,227,0.2654,PoseOpt,no,no,243,10631,5791,101,no,no,no,0,0,0,no,no,0.000000,0.000000,0.000,0.807,3.495,0.017,4.909
2583,1403715402.412143,123.600000,OK,OK,MM,no,199,296,0,296,83,213,0.2804,PoseOpt,no,no,243,10631,6220,108,yes,no,no,0,0,0,no,no,0.000000,0.000000,0.000,0.810,3.250,0.015,4.685
2584,1403715402.462143,123.650000,OK,OK,MM,no,179,285,0,285,77,208,0.2702,PoseOpt,no,no,243,10631,6135,104,no,no,no,0,0,0,no,no,0.000000,0.000000,0.000,0.686,3.155,0.015,4.394
2585,1403715402.512143,123.700000,OK,OK,MM,no,171,270,0,270,75,195,0.2778,PoseOpt,yes,yes,243,10631,6769,122,no,no,no,0,0,0,no,no,0.000000,0.000000,0.000,0.695,3.252,0.014,4.521
2586,1403715402.562143,123.750000,OK,OK,MM,no,170,351,0,351,79,272,0.2251,PoseOpt,no,no,244,10731,6960,126,no,no,no,0,0,0,no,no,0.000000,0.000000,0.000,0.656,3.628,0.020,5.778
2587,1403715402.612143,123.800000,OK,OK,MM,no,243,356,0,356,78,278,0.2191,PoseOpt,no,no,244,10731,6971,127,no,no,no,0,0,0,no,no,0.000000,0.000000,0.000,0.924,5.288,0.019,6.888
2588,1403715402.662143,123.850000,OK,OK,MM,no,238,328,0,328,86,242,0.2622,PoseOpt,no,no,244,10731,6794,124,no,no,no,0,0,0,no,no,0.000000,0.000000,0.000,1.150,3.793,0.025,5.712
2589,1403715402.712143,123.900000,OK,OK,MM,no,206,320,0,320,72,248,0.2250,PoseOpt,no,no,244,10731,6925,126,no,no,no,0,0,0,no,no,0.000000,0.000000,0.000,0.851,3.997,0.021,5.529
2590,1403715402.762143,123.950000,OK,OK,MM,no,191,316,0,316,80,236,0.2532,PoseOpt,no,no,244,10731,6965,128,no,no,no,0,0,0,no,no,0.000000,0.000000,0.000,0.884,3.602,0.019,5.076
2591,1403715402.812143,124.000000,OK,OK,MM,no,201,310,0,310,77,233,0.2484,PoseOpt,no,no,244,10728,6946,127,yes,no,no,0,0,0,no,no,0.000000,0.000000,0.000,0.832,3.637,0.017,5.117
2592,1403715402.862143,124.050000,OK,OK,MM,no,190,299,0,299,77,222,0.2575,PoseOpt,yes,yes,243,10713,6703,121,no,no,no,0,0,0,no,no,0.000000,0.000000,0.000,0.739,3.299,0.016,4.615
2593,1403715402.912143,124.100000,OK,OK,MM,no,177,324,0,324,75,249,0.2315,PoseOpt,no,no,244,10737,6881,125,no,no,no,0,0,0,no,no,0.000000,0.000000,0.000,0.652,3.874,0.020,5.208
2594,1403715402.962143,124.150000,OK,OK,MM,no,206,305,0,305,75,230,0.2459,PoseOpt,no,no,244,10737,6931,126,no,no,no,0,0,0,no,no,0.000000,0.000000,0.000,0.791,3.785,0.019,5.294
2595,1403715403.012143,124.200000,OK,OK,MM,no,197,286,0,286,70,216,0.2448,PoseOpt,no,no,244,10737,6886,124,no,no,no,0,0,0,no,no,0.000000,0.000000,0.000,0.882,3.861,0.021,5.424
2596,1403715403.062143,124.250000,OK,OK,MM,no,181,279,0,279,73,206,0.2616,PoseOpt,no,no,244,10737,6875,123,no,no,no,0,0,0,no,no,0.000000,0.000000,0.000,0.770,3.583,0.024,5.050
2597,1403715403.112143,124.300000,OK,OK,MM,no,172,255,0,255,79,176,0.3098,PoseOpt,no,no,244,10737,6875,123,no,no,no,0,0,0,no,no,0.000000,0.000000,0.000,0.664,3.267,0.022,4.518
2598,1403715403.162143,124.350000,OK,OK,MM,no,149,242,0,242,66,176,0.2727,PoseOpt,no,no,244,10736,6874,123,yes,no,no,0,0,0,no,no,0.000000,0.000000,0.000,0.594,4.938,0.019,6.342
2599,1403715403.212143,124.400000,OK,OK,MM,no,148,239,0,239,70,169,0.2929,PoseOpt,yes,yes,244,10736,6130,107,no,no,no,0,0,0,no,no,0.000000,0.000000,0.000,0.627,3.104,0.015,4.285
2600,1403715403.262143,124.450000,OK,OK,MM,no,144,254,0,254,68,186,0.2677,PoseOpt,no,no,245,10741,6542,117,no,no,no,0,0,0,no,no,0.000000,0.000000,0.000,0.630,3.324,0.016,4.647
2601,1403715403.312143,124.500000,OK,OK,MM,no,162,251,0,251,65,186,0.2590,PoseOpt,no,no,245,10741,6542,117,no,no,no,0,0,0,no,no,0.000000,0.000000,0.000,0.673,3.592,0.020,4.939
2602,1403715403.362143,124.550000,OK,OK,MM,no,159,250,0,250,66,184,0.2640,PoseOpt,no,no,245,10741,6542,117,no,no,no,0,0,0,no,no,0.000000,0.000000,0.000,0.648,3.321,0.014,4.544
2603,1403715403.412143,124.600000,OK,OK,MM,no,150,223,0,223,64,159,0.2870,PoseOpt,no,no,245,10741,6542,117,no,no,no,0,0,0,no,no,0.000000,0.000000,0.000,0.584,3.066,0.017,4.292
2604,1403715403.462143,124.650000,OK,OK,MM,no,146,239,0,239,49,190,0.2050,PoseOpt,no,no,245,10741,6542,117,yes,no,no,0,0,0,no,no,0.000000,0.000000,0.000,0.540,3.048,0.015,4.267
2605,1403715403.512143,124.700000,OK,OK,MM,no,164,243,0,243,63,180,0.2593,PoseOpt,yes,yes,245,10741,6738,122,no,no,no,0,0,0,no,no,0.000000,0.000000,0.000,0.624,3.115,0.013,4.382
2606,1403715403.562143,124.750000,OK,OK,MM,no,155,314,0,314,64,250,0.2038,PoseOpt,no,no,246,10838,6639,118,no,no,no,0,0,0,no,no,0.000000,0.000000,0.000,0.590,3.567,0.017,4.736
2607,1403715403.612143,124.800000,OK,OK,MM,no,218,320,0,320,67,253,0.2094,PoseOpt,no,no,246,10838,6836,120,no,no,no,0,0,0,no,no,0.000000,0.000000,0.000,0.938,4.113,0.021,5.727
2608,1403715403.662143,124.850000,OK,OK,MM,no,221,312,0,312,66,246,0.2115,PoseOpt,no,no,246,10838,6752,119,no,no,no,0,0,0,no,no,0.000000,0.000000,0.000,0.970,5.185,0.022,6.843
2609,1403715403.712143,124.900000,OK,OK,MM,no,202,295,0,295,86,209,0.2915,PoseOpt,no,no,246,10838,6887,121,no,no,no,0,0,0,no,no,0.000000,0.000000,0.000,0.830,3.303,0.016,4.670
2610,1403715403.762143,124.950000,OK,OK,MM,no,178,311,0,311,78,233,0.2508,PoseOpt,no,no,246,10838,5967,109,yes,no,no,0,0,0,no,no,0.000000,0.000000,0.000,0.718,2.944,0.016,4.205
2611,1403715403.812143,125.000000,OK,OK,MM,no,197,301,0,301,70,231,0.2326,PoseOpt,no,no,246,10838,6752,119,no,no,no,0,0,0,no,no,0.000000,0.000000,0.000,0.788,3.295,0.016,4.628
2612,1403715403.862143,125.050000,OK,OK,MM,no,204,307,0,307,85,222,0.2769,PoseOpt,no,no,246,10838,7278,136,no,no,no,0,0,0,no,no,0.000000,0.000000,0.000,0.778,3.570,0.017,4.903
2613,1403715403.912143,125.100000,OK,OK,MM,no,184,272,0,272,69,203,0.2537,PoseOpt,yes,yes,246,10838,7225,133,no,no,no,0,0,0,no,no,0.000000,0.000000,0.000,0.757,3.492,0.016,4.830
2614,1403715403.962143,125.150000,OK,OK,MM,no,175,331,0,331,73,258,0.2205,PoseOpt,no,no,247,10877,6993,126,no,no,no,0,0,0,no,no,0.000000,0.000000,0.000,0.664,3.546,0.016,4.802
2615,1403715404.012143,125.200000,OK,OK,MM,no,209,327,0,327,88,239,0.2691,PoseOpt,no,no,247,10877,7215,133,no,no,no,0,0,0,no,no,0.000000,0.000000,0.000,0.944,3.812,0.018,5.389
2616,1403715404.062143,125.250000,OK,OK,MM,no,199,307,0,307,80,227,0.2606,PoseOpt,no,no,247,10877,6063,107,no,no,no,0,0,0,no,no,0.000000,0.000000,0.000,0.826,3.745,0.021,5.363
2617,1403715404.112143,125.300000,OK,OK,MM,no,175,292,0,292,80,212,0.2740,PoseOpt,no,no,247,10877,7074,127,no,no,no,0,0,0,no,no,0.000000,0.000000,0.000,0.743,3.531,0.018,4.832
2618,1403715404.162143,125.350000,OK,OK,MM,no,153,300,0,300,80,220,0.2667,PoseOpt,no,no,247,10877,6812,120,no,no,no,0,0,0,no,no,0.000000,0.000000,0.000,0.741,4.329,0.024,5.798
2619,1403715404.212143,125.400000,OK,OK,MM,no,174,286,0,286,83,203,0.2902,PoseOpt,no,no,247,10876,7119,126,yes,no,no,0,0,0,no,no,0.000000,0.000000,0.000,0.755,4.524,0.021,6.019
2620,1403715404.262143,125.450000,OK,OK,MM,no,158,286,0,286,94,192,0.3287,PoseOpt,yes,yes,246,10861,7478,139,no,no,no,0,0,0,no,no,0.000000,0.000000,0.000,0.675,3.525,0.015,4.800
2621,1403715404.312143,125.500000,OK,OK,MM,no,166,316,0,316,86,230,0.2722,PoseOpt,no,no,247,10879,7462,138,no,no,no,0,0,0,no,no,0.000000,0.000000,0.000,0.659,4.446,0.018,5.796
2622,1403715404.362143,125.550000,OK,OK,MM,no,194,313,0,313,86,227,0.2748,PoseOpt,no,no,247,10879,7538,142,no,no,no,0,0,0,no,no,0.000000,0.000000,0.000,0.815,3.911,0.017,5.373
2623,1403715404.412143,125.600000,OK,OK,MM,no,192,311,0,311,96,215,0.3087,PoseOpt,no,no,247,10879,7640,146,no,no,no,0,0,0,no,no,0.000000,0.000000,0.000,0.865,3.927,0.017,5.424
2624,1403715404.462143,125.650000,OK,OK,MM,no,182,295,0,295,91,204,0.3085,PoseOpt,no,no,247,10879,7898,156,no,no,no,0,0,0,no,no,0.000000,0.000000,0.000,0.758,4.301,0.017,5.676
2625,1403715404.512143,125.700000,OK,OK,MM,no,179,299,0,299,95,204,0.3177,PoseOpt,no,no,247,10879,7898,156,no,no,no,0,0,0,no,no,0.000000,0.000000,0.000,0.703,3.842,0.018,5.135
2626,1403715404.562143,125.750000,OK,OK,MM,no,188,277,0,277,82,195,0.2960,PoseOpt,no,no,247,10879,7898,156,no,no,no,0,0,0,no,no,0.000000,0.000000,0.000,0.829,5.873,0.031,7.614
2627,1403715404.612143,125.800000,OK,OK,MM,no,173,286,0,286,83,203,0.2902,PoseOpt,no,no,247,10879,7909,156,yes,no,no,0,0,0,no,no,0.000000,0.000000,0.000,0.827,4.196,0.022,10.568
2628,1403715404.662143,125.850000,OK,OK,MM,no,174,297,0,297,90,207,0.3030,PoseOpt,no,no,247,10879,7909,156,no,no,no,0,0,0,no,no,0.000000,0.000000,0.000,0.755,3.596,0.019,4.942
2629,1403715404.712143,125.900000,OK,OK,MM,no,172,269,0,269,78,191,0.2900,PoseOpt,yes,yes,247,10879,7926,157,no,no,no,0,0,0,no,no,0.000000,0.000000,0.000,0.716,3.820,0.015,5.142
2630,1403715404.762143,125.950000,OK,OK,MM,no,166,331,0,331,79,252,0.2387,PoseOpt,no,no,248,10886,7905,157,no,no,no,0,0,0,no,no,0.000000,0.000000,0.000,0.621,4.688,0.017,6.001
2631,1403715404.812143,126.000000,OK,OK,MM,no,206,319,0,319,86,233,0.2696,PoseOpt,no,no,248,10886,7905,157,no,no,no,0,0,0,no,no,0.000000,0.000000,0.000,0.870,3.814,0.017,5.284
2632,1403715404.862143,126.050000,OK,OK,MM,no,200,307,0,307,74,233,0.2410,PoseOpt,no,no,248,10886,7905,157,no,no,no,0,0,0,no,no,0.000000,0.000000,0.000,0.864,4.293,0.017,5.819
2633,1403715404.912143,126.100000,OK,OK,MM,no,195,304,0,304,78,226,0.2566,PoseOpt,no,no,248,10886,7905,157,no,no,no,0,0,0,no,no,0.000000,0.000000,0.000,0.817,4.326,0.018,5.776
2634,1403715404.962143,126.150000,OK,OK,MM,no,183,281,0,281,81,200,0.2883,PoseOpt,no,no,248,10886,7905,157,no,no,no,0,0,0,no,no,0.000000,0.000000,0.000,0.724,3.799,0.018,5.081
2635,1403715405.012143,126.200000,OK,OK,MM,no,167,286,0,286,91,195,0.3182,PoseOpt,no,no,248,10886,7905,157,no,no,no,0,0,0,no,no,0.000000,0.000000,0.000,0.646,3.925,0.018,5.135
2636,1403715405.062143,126.250000,OK,OK,MM,no,163,272,0,272,94,178,0.3456,PoseOpt,no,no,248,10886,7905,157,no,no,no,0,0,0,no,no,0.000000,0.000000,0.000,0.727,4.409,0.020,5.855
2637,1403715405.112143,126.300000,OK,OK,MM,no,155,277,0,277,86,191,0.3105,PoseOpt,no,no,248,10885,7475,141,yes,no,no,0,0,0,no,no,0.000000,0.000000,0.000,0.612,3.875,0.015,5.189
2638,1403715405.162143,126.350000,OK,OK,MM,no,149,272,0,272,89,183,0.3272,PoseOpt,yes,yes,248,10885,7264,136,no,no,no,0,0,0,no,no,0.000000,0.000000,0.000,0.661,3.535,0.015,4.821
2639,1403715405.212143,126.400000,OK,OK,MM,no,153,287,0,287,83,204,0.2892,PoseOpt,no,no,249,10914,7398,138,no,no,no,0,0,0,no,no,0.000000,0.000000,0.000,0.629,3.647,0.015,4.831
2640,1403715405.262143,126.450000,OK,OK,MM,no,167,279,0,279,79,200,0.2832,PoseOpt,no,no,249,10914,7445,138,no,no,no,0,0,0,no,no,0.000000,0.000000,0.000,0.749,3.677,0.017,6.491
2641,1403715405.312143,126.500000,OK,OK,MM,no,163,271,0,271,87,184,0.3210,PoseOpt,no,no,249,10914,7423,138,no,no,no,0,0,0,no,no,0.000000,0.000000,0.000,0.676,3.630,2.051,6.956
2642,1403715405.362143,126.550000,OK,OK,MM,no,158,271,0,271,78,193,0.2878,PoseOpt,no,no,249,10914,7471,139,no,no,no,0,0,0,no,no,0.000000,0.000000,0.000,0.679,3.913,0.017,5.273
2643,1403715405.412143,126.600000,OK,OK,MM,no,158,252,0,252,80,172,0.3175,PoseOpt,no,no,249,10914,7382,139,no,no,no,0,0,0,no,no,0.000000,0.000000,0.000,0.601,3.677,0.017,4.856
2644,1403715405.462143,126.650000,OK,OK,MM,no,139,249,0,249,83,166,0.3333,PoseOpt,no,no,249,10914,8091,158,no,no,no,0,0,0,no,no,0.000000,0.000000,0.000,0.622,3.740,0.016,4.941
2645,1403715405.512143,126.700000,OK,OK,MM,no,142,245,0,245,72,173,0.2939,PoseOpt,no,no,249,10911,8076,157,yes,no,no,0,0,0,no,no,0.000000,0.000000,0.000,0.562,3.516,0.015,4.688
2646,1403715405.562143,126.750000,OK,OK,MM,no,144,236,0,236,80,156,0.3390,PoseOpt,yes,yes,249,10911,8087,157,no,no,no,0,0,0,no,no,0.000000,0.000000,0.000,0.590,3.870,0.015,5.084
2647,1403715405.612143,126.800000,OK,OK,MM,no,126,268,0,268,81,187,0.3022,PoseOpt,no,no,250,10943,8493,162,no,no,no,0,0,0,no,no,0.000000,0.000000,0.000,0.498,3.916,0.014,5.036
2648,1403715405.662143,126.850000,OK,OK,MM,no,150,254,0,254,80,174,0.3150,PoseOpt,no,no,250,10943,8363,160,no,no,no,0,0,0,no,no,0.000000,0.000000,0.000,0.612,4.263,0.016,5.654
2649,1403715405.712143,126.900000,OK,OK,MM,no,140,233,0,233,70,163,0.3004,PoseOpt,no,no,250,10943,8498,162,no,no,no,0,0,0,no,no,0.000000,0.000000,0.000,0.574,4.466,0.016,5.682
2650,1403715405.762143,126.950000,OK,OK,MM,no,129,246,0,246,92,154,0.3740,PoseOpt,no,no,250,10943,7883,152,no,no,no,0,0,0,no,no,0.000000,0.000000,0.000,0.524,4.820,0.022,6.083
2651,1403715405.812143,127.000000,OK,OK,MM,no,115,228,0,228,83,145,0.3640,PoseOpt,no,no,250,10943,8481,157,no,no,no,0,0,0,no,no,0.000000,0.000000,0.000,0.500,4.754,0.014,5.884
2652,1403715405.862143,127.050000,OK,OK,MM,no,120,208,0,208,76,132,0.3654,PoseOpt,no,no,250,10942,8764,171,yes,no,no,0,0,0,no,no,0.000000,0.000000,0.000,0.499,4.094,1.907,9.117
2653,1403715405.912143,127.100000,OK,OK,MM,no,115,222,0,222,76,146,0.3423,PoseOpt,no,no,250,10942,9187,180,no,no,no,0,0,0,no,no,0.000000,0.000000,0.000,0.621,3.838,0.013,5.019
2654,1403715405.962143,127.150000,OK,OK,MM,no,120,240,0,240,88,152,0.3667,PoseOpt,yes,yes,250,10942,9243,181,no,no,no,0,0,0,no,no,0.000000,0.000000,0.000,0.517,4.160,0.012,5.301
2655,1403715406.012143,127.200000,OK,OK,MM,no,119,270,0,270,69,201,0.2556,PoseOpt,no,no,251,10964,9260,181,no,no,no,0,0,0,no,no,0.000000,0.000000,0.000,0.479,3.932,0.015,5.038
2656,1403715406.062143,127.250000,OK,OK,MM,no,164,262,0,262,89,173,0.3397,PoseOpt,no,no,251,10964,9871,193,no,no,no,0,0,0,no,no,0.000000,0.000000,0.000,0.620,4.528,0.018,5.882
2657,1403715406.112143,127.300000,OK,OK,MM,no,137,241,0,241,82,159,0.3402,PoseOpt,no,no,251,10964,9878,194,no,no,no,0,0,0,no,no,0.000000,0.000000,0.000,0.556,4.688,0.017,5.918
2658,1403715406.162143,127.350000,OK,OK,MM,no,124,255,0,255,96,159,0.3765,PoseOpt,no,no,251,10964,9972,200,no,no,no,0,0,0,no,no,0.000000,0.000000,0.000,0.613,6.005,0.034,7.730
2659,1403715406.212143,127.400000,OK,OK,MM,no,132,241,0,241,84,157,0.3485,PoseOpt,no,no,251,10964,9941,197,no,no,no,0,0,0,no,no,0.000000,0.000000,0.000,0.521,5.194,0.021,6.479
2660,1403715406.262143,127.450000,OK,OK,MM,no,137,256,0,256,87,169,0.3398,PoseOpt,no,no,251,10964,10170,211,no,no,no,0,0,0,no,no,0.000000,0.000000,0.000,0.594,4.837,0.018,6.107
2661,1403715406.312143,127.500000,OK,OK,MM,no,132,229,0,229,77,152,0.3362,PoseOpt,no,no,251,10962,10045,199,yes,no,no,0,0,0,no,no,0.000000,0.000000,0.000,0.510,4.935,0.019,6.835
2662,1403715406.362143,127.550000,OK,OK,MM,no,127,234,0,234,77,157,0.3291,PoseOpt,no,no,251,10962,9917,197,no,no,no,0,0,0,no,no,0.000000,0.000000,0.000,0.523,5.803,0.014,6.976
2663,1403715406.412143,127.600000,OK,OK,MM,no,128,211,0,211,80,131,0.3791,PoseOpt,yes,yes,251,10962,9807,192,no,no,no,0,0,0,no,no,0.000000,0.000000,0.000,0.499,4.412,0.012,5.538
2664,1403715406.462143,127.650000,OK,OK,MM,no,107,258,0,258,85,173,0.3295,PoseOpt,no,no,252,11005,10278,210,no,no,no,0,0,0,no,no,0.000000,0.000000,0.000,0.426,4.227,0.015,5.319
2665,1403715406.512143,127.700000,OK,OK,MM,no,141,256,0,256,88,168,0.3438,PoseOpt,no,no,252,11005,9824,191,no,no,no,0,0,0,no,no,0.000000,0.000000,0.000,0.554,4.679,0.015,5.917
2666,1403715406.562143,127.750000,OK,OK,MM,no,147,249,0,249,83,166,0.3333,PoseOpt,no,no,252,11005,10207,206,no,no,no,0,0,0,no,no,0.000000,0.000000,0.000,0.560,4.919,0.015,6.176
2667,1403715406.612143,127.800000,OK,OK,MM,no,142,234,0,234,80,154,0.3419,PoseOpt,no,no,252,11005,10031,200,no,no,no,0,0,0,no,no,0.000000,0.000000,0.000,0.585,5.253,0.018,6.531
2668,1403715406.662143,127.850000,OK,OK,MM,no,133,240,0,240,78,162,0.3250,PoseOpt,no,no,252,11005,9944,198,no,no,no,0,0,0,no,no,0.000000,0.000000,0.000,0.524,4.868,0.019,6.096
2669,1403715406.712143,127.900000,OK,OK,MM,no,134,229,0,229,68,161,0.2969,PoseOpt,no,no,252,11005,10190,206,no,no,no,0,0,0,no,no,0.000000,0.000000,0.000,0.537,4.681,0.016,5.855
2670,1403715406.762143,127.950000,OK,OK,MM,no,131,222,0,222,72,150,0.3243,PoseOpt,no,no,252,11005,10098,205,no,no,no,0,0,0,no,no,0.000000,0.000000,0.000,0.563,4.899,0.017,6.128
2671,1403715406.812143,128.000000,OK,OK,MM,no,123,223,0,223,73,150,0.3274,PoseOpt,no,no,252,11005,10045,203,no,no,no,0,0,0,no,no,0.000000,0.000000,0.000,0.678,4.764,0.015,6.153
2672,1403715406.862143,128.050000,OK,OK,MM,no,122,208,0,208,70,138,0.3365,PoseOpt,no,no,252,11005,10042,202,no,no,no,0,0,0,no,no,0.000000,0.000000,0.000,0.522,4.400,0.014,5.568
2673,1403715406.912143,128.100000,OK,OK,MM,no,110,218,0,218,72,146,0.3303,PoseOpt,no,no,252,11004,9734,185,yes,no,no,0,0,0,no,no,0.000000,0.000000,0.000,0.485,5.055,0.016,6.308
2674,1403715406.962143,128.150000,OK,OK,MM,no,117,218,0,218,71,147,0.3257,PoseOpt,yes,yes,252,11004,9934,199,no,no,no,0,0,0,no,no,0.000000,0.000000,0.000,0.501,4.373,0.013,5.567
2675,1403715407.012143,128.200000,OK,OK,MM,no,116,272,0,272,81,191,0.2978,PoseOpt,no,no,253,11061,10092,205,no,no,no,0,0,0,no,no,0.000000,0.000000,0.000,0.502,4.510,0.014,5.718
2676,1403715407.062143,128.250000,OK,OK,MM,no,163,262,0,262,77,185,0.2939,PoseOpt,no,no,253,11061,10032,203,no,no,no,0,0,0,no,no,0.000000,0.000000,0.000,0.616,4.919,0.016,6.229
2677,1403715407.112143,128.300000,OK,OK,MM,no,153,264,0,264,82,182,0.3106,PoseOpt,no,no,253,11061,9764,194,no,no,no,0,0,0,no,no,0.000000,0.000000,0.000,0.630,4.895,0.016,6.244
2678,1403715407.162143,128.350000,OK,OK,MM,no,148,222,0,222,62,160,0.2793,PoseOpt,no,no,253,11061,10056,202,no,no,no,0,0,0,no,no,0.000000,0.000000,0.000,0.591,4.786,0.017,6.078
2679,1403715407.212143,128.400000,OK,OK,MM,no,127,232,0,232,78,154,0.3362,PoseOpt,no,no,253,11061,8853,174,no,no,no,0,0,0,no,no,0.000000,0.000000,0.000,0.496,5.374,0.024,6.703
2680,1403715407.262143,128.450000,OK,OK,MM,no,121,208,0,208,62,146,0.2981,PoseOpt,no,no,253,11061,8383,157,no,no,no,0,0,0,no,no,0.000000,0.000000,0.000,0.583,5.023,0.044,6.533
2681,1403715407.312143,128.500000,OK,OK,MM,no,117,201,0,201,61,140,0.3035,PoseOpt,no,no,253,11061,8941,174,yes,no,no,0,0,0,no,no,0.000000,0.000000,0.000,0.545,4.538,0.018,10.140
2682,1403715407.362143,128.550000,OK,OK,MM,no,112,215,0,215,60,155,0.2791,PoseOpt,no,no,253,11061,8342,160,no,no,no,0,0,0,no,no,0.000000,0.000000,0.000,0.518,4.115,0.014,5.365
2683,1403715407.412143,128.600000,OK,OK,MM,no,129,205,0,205,73,132,0.3561,PoseOpt,yes,yes,253,11061,9114,177,no,no,no,0,0,0,no,no,0.000000,0.000000,0.000,0.565,4.148,0.013,5.399
2684,1403715407.462143,128.650000,OK,OK,MM,no,119,250,0,250,68,182,0.2720,PoseOpt,no,no,254,11128,8825,170,no,no,no,0,0,0,no,no,0.000000,0.000000,0.000,0.487,4.067,0.015,5.311
2685,1403715407.512143,128.700000,OK,OK,MM,no,149,263,0,263,75,188,0.2852,PoseOpt,no,no,254,11128,9248,175,no,no,no,0,0,0,no,no,0.000000,0.000000,0.000,0.617,5.086,0.020,6.523
2686,1403715407.562143,128.750000,OK,OK,MM,no,160,242,0,242,70,172,0.2893,PoseOpt,no,no,254,11128,8630,165,no,no,no,0,0,0,no,no,0.000000,0.000000,0.000,0.697,5.215,0.021,6.795
2687,1403715407.612143,128.800000,OK,OK,MM,no,143,231,0,231,69,162,0.2987,PoseOpt,no,no,254,11128,8991,176,no,no,no,0,0,0,no,no,0.000000,0.000000,0.000,0.642,5.568,0.023,7.163
2688,1403715407.662143,128.850000,OK,OK,MM,no,138,249,0,249,73,176,0.2932,PoseOpt,no,no,254,11128,9269,190,no,no,no,0,0,0,no,no,0.000000,0.000000,0.000,0.573,4.737,0.017,6.072
2689,1403715407.712143,128.900000,OK,OK,MM,no,131,238,0,238,55,183,0.2311,PoseOpt,no,no,254,11128,8862,168,no,no,no,0,0,0,no,no,0.000000,0.000000,0.000,0.604,4.563,0.021,5.941
2690,1403715407.762143,128.950000,OK,OK,MM,no,141,218,0,218,64,154,0.2936,PoseOpt,no,no,254,11127,9100,171,yes,no,no,0,0,0,no,no,0.000000,0.000000,0.000,0.621,5.408,0.016,6.863
2691,1403715407.812143,129.000000,OK,OK,MM,no,119,209,0,209,62,147,0.2967,PoseOpt,yes,yes,254,11127,9177,178,no,no,no,0,0,0,no,no,0.000000,0.000000,0.000,0.645,4.371,0.014,5.749
2692,1403715407.862143,129.050000,OK,OK,MM,no,117,220,0,220,64,156,0.2909,PoseOpt,no,no,255,11139,8825,172,no,no,no,0,0,0,no,no,0.000000,0.000000,0.000,0.500,4.112,0.013,5.325
2693,1403715407.912143,129.100000,OK,OK,MM,no,127,220,0,220,66,154,0.3000,PoseOpt,no,no,255,11139,8403,163,no,no,no,0,0,0,no,no,0.000000,0.000000,0.000,0.561,4.369,0.014,5.647
2694,1403715407.962143,129.150000,OK,OK,MM,no,126,189,0,189,57,132,0.3016,PoseOpt,no,no,255,11139,8367,166,no,no,no,0,0,0,no,no,0.000000,0.000000,0.000,0.539,4.369,0.017,5.640
2695,1403715408.012143,129.200000,OK,OK,MM,no,105,170,0,170,46,124,0.2706,PoseOpt,no,no,255,11139,8647,170,no,no,no,0,0,0,no,no,0.000000,0.000000,0.000,0.496,5.328,0.023,6.712
2696,1403715408.062143,129.250000,OK,OK,MM,no,91,163,0,163,47,116,0.2883,PoseOpt,no,no,255,11139,8490,168,no,no,no,0,0,0,no,no,0.000000,0.000000,0.000,0.507,4.708,0.019,6.021
2697,1403715408.112143,129.300000,OK,OK,MM,no,98,156,0,156,41,115,0.2628,PoseOpt,no,no,255,11139,9456,193,no,no,no,0,0,0,no,no,0.000000,0.000000,0.000,0.458,4.905,0.019,6.106
2698,1403715408.162143,129.350000,OK,OK,MM,no,87,145,0,145,35,110,0.2414,PoseOpt,no,no,255,11138,9010,182,yes,no,no,0,0,0,no,no,0.000000,0.000000,0.000,0.449,4.817,0.018,6.085
2699,1403715408.212143,129.400000,OK,OK,MM,no,92,163,0,163,44,119,0.2699,PoseOpt,no,no,255,11138,9321,187,no,no,no,0,0,0,no,no,0.000000,0.000000,0.000,0.557,4.257,0.020,5.523
2700,1403715408.262143,129.450000,OK,OK,MM,no,90,188,0,188,59,129,0.3138,PoseOpt,yes,yes,255,11138,9572,198,no,no,no,0,0,0,no,no,0.000000,0.000000,0.000,0.438,4.752,0.023,7.462
2701,1403715408.312143,129.500000,OK,OK,MM,no,102,209,0,209,66,143,0.3158,PoseOpt,no,no,256,11042,8967,186,no,no,no,0,0,0,no,no,0.000000,0.000000,0.000,0.483,4.362,0.010,7.319
2702,1403715408.362143,129.550000,OK,OK,MM,no,110,204,0,204,54,150,0.2647,PoseOpt,no,no,256,11042,9554,198,no,no,no,0,0,0,no,no,0.000000,0.000000,0.000,0.497,4.762,0.010,5.984
2703,1403715408.412143,129.600000,OK,OK,MM,no,111,217,0,217,65,152,0.2995,PoseOpt,no,no,256,11042,9628,201,no,no,no,0,0,0,no,no,0.000000,0.000000,0.000,0.496,4.979,0.011,6.230
2704,1403715408.462143,129.650000,OK,OK,MM,no,125,230,0,230,54,176,0.2348,PoseOpt,no,no,256,11042,9813,203,no,no,no,0,0,0,no,no,0.000000,0.000000,0.000,0.532,5.683,0.014,7.155
2705,1403715408.512143,129.700000,OK,OK,MM,no,130,219,0,219,61,158,0.2785,PoseOpt,no,no,256,11042,9272,193,no,no,no,0,0,0,no,no,0.000000,0.000000,0.000,0.651,5.828,0.016,7.428
2706,1403715408.562143,129.750000,OK,OK,MM,no,123,237,0,237,61,176,0.2574,PoseOpt,no,no,256,11042,9544,201,no,no,no,0,0,0,no,no,0.000000,0.000000,0.000,0.537,5.377,0.025,6.684
2707,1403715408.612143,129.800000,OK,OK,MM,no,139,260,0,260,66,194,0.2538,PoseOpt,no,no,256,11040,9626,201,yes,no,no,0,0,0,no,no,0.000000,0.000000,0.000,0.631,5.048,0.023,6.456
2708,1403715408.662143,129.850000,OK,OK,MM,no,145,268,0,268,91,177,0.3396,PoseOpt,no,no,256,11040,9608,199,no,no,no,0,0,0,no,no,0.000000,0.000000,0.000,0.587,4.847,0.020,6.222
2709,1403715408.712143,129.900000,OK,OK,MM,no,137,285,0,285,81,204,0.2842,PoseOpt,yes,yes,256,11040,9626,200,no,no,no,0,0,0,no,no,0.000000,0.000000,0.000,0.682,4.910,0.019,6.406
2710,1403715408.762143,129.950000,OK,OK,MM,no,142,267,0,267,80,187,0.2996,PoseOpt,no,no,257,10993,9609,191,no,no,no,0,0,0,no,no,0.000000,0.000000,0.000,0.614,5.008,0.019,7.499
2711,1403715408.812143,130.000000,OK,OK,MM,no,139,272,0,272,72,200,0.2647,PoseOpt,no,no,257,10993,9466,190,no,no,no,0,0,0,no,no,0.000000,0.000000,0.000,0.772,7.555,0.017,9.218
2712,1403715408.862143,130.050000,OK,OK,MM,no,141,275,0,275,84,191,0.3055,PoseOpt,no,no,257,10993,9183,185,no,no,no,0,0,0,no,no,0.000000,0.000000,0.000,0.621,5.129,0.017,6.546
2713,1403715408.912143,130.100000,OK,OK,MM,no,150,291,0,291,94,197,0.3230,PoseOpt,no,no,257,10993,9355,182,no,no,no,0,0,0,no,no,0.000000,0.000000,0.000,0.625,5.712,0.021,7.216
2714,1403715408.962143,130.150000,OK,OK,MM,no,150,278,0,278,83,195,0.2986,PoseOpt,no,no,257,10993,9784,195,no,no,no,0,0,0,no,no,0.000000,0.000000,0.000,0.678,5.251,0.015,6.677
2715,1403715409.012143,130.200000,OK,OK,MM,no,145,299,0,299,84,215,0.2809,PoseOpt,no,no,257,10993,9435,189,no,no,no,0,0,0,no,no,0.000000,0.000000,0.000,0.588,5.279,0.019,6.645
2716,1403715409.062143,130.250000,OK,OK,MM,no,154,271,0,271,76,195,0.2804,PoseOpt,no,no,257,10993,9720,196,no,no,no,0,0,0,no,no,0.000000,0.000000,0.000,0.710,5.960,0.026,7.729
2717,1403715409.112143,130.300000,OK,OK,MM,no,140,267,0,267,91,176,0.3408,PoseOpt,no,no,257,10993,9763,200,no,no,no,0,0,0,no,no,0.000000,0.000000,0.000,0.732,6.319,0.031,8.080
2718,1403715409.162143,130.350000,OK,OK,MM,no,128,275,0,275,103,172,0.3745,PoseOpt,no,no,257,10993,9375,186,no,no,no,0,0,0,no,no,0.000000,0.000000,0.000,0.910,7.269,0.034,9.481
2719,1403715409.212143,130.400000,OK,OK,MM,no,124,275,0,275,98,177,0.3564,PoseOpt,no,no,257,10993,9431,187,no,no,no,0,0,0,no,no,0.000000,0.000000,0.000,0.551,4.871,0.017,6.145
2720,1403715409.262143,130.450000,OK,OK,MM,no,129,254,0,254,81,173,0.3189,PoseOpt,no,no,257,10992,9769,197,yes,no,no,0,0,0,no,no,0.000000,0.000000,0.000,0.802,5.206,0.032,6.760
2721,1403715409.312143,130.500000,OK,OK,MM,no,135,250,0,250,78,172,0.3120,PoseOpt,no,no,257,10992,9658,193,no,no,no,0,0,0,no,no,0.000000,0.000000,0.000,0.521,6.304,0.021,7.628
2722,1403715409.362143,130.550000,OK,OK,MM,no,133,281,0,281,97,184,0.3452,PoseOpt,yes,yes,257,10992,9612,190,no,no,no,0,0,0,no,no,0.000000,0.000000,0.000,0.779,4.904,0.021,6.429
2723,1403715409.412143,130.600000,OK,OK,MM,no,142,298,0,298,87,211,0.2919,PoseOpt,no,no,258,11010,9662,195,no,no,no,0,0,0,no,no,0.000000,0.000000,0.000,0.543,5.317,0.015,6.560
2724,1403715409.462143,130.650000,OK,OK,MM,no,170,303,0,303,80,223,0.2640,PoseOpt,no,no,258,11010,9811,197,no,no,no,0,0,0,no,no,0.000000,0.000000,0.000,0.755,5.174,0.019,6.751
2725,1403715409.512143,130.700000,OK,OK,MM,no,174,319,0,319,100,219,0.3135,PoseOpt,no,no,258,11010,9779,197,no,no,no,0,0,0,no,no,0.000000,0.000000,0.000,0.745,5.588,0.017,7.133
2726,1403715409.562143,130.750000,OK,OK,MM,no,177,326,0,326,100,226,0.3067,PoseOpt,no,no,258,11010,9707,194,no,no,no,0,0,0,no,no,0.000000,0.000000,0.000,0.834,5.724,0.019,7.379
2727,1403715409.612143,130.800000,OK,OK,MM,no,186,354,0,354,118,236,0.3333,PoseOpt,no,no,258,11010,9745,195,no,no,no,0,0,0,no,no,0.000000,0.000000,0.000,0.759,5.153,0.016,6.610
2728,1403715409.662143,130.850000,OK,OK,MM,no,191,369,0,369,113,256,0.3062,PoseOpt,no,no,258,11010,9750,199,no,no,no,0,0,0,no,no,0.000000,0.000000,0.000,0.773,5.179,0.016,6.646
2729,1403715409.712143,130.900000,OK,OK,MM,no,191,368,0,368,103,265,0.2799,PoseOpt,no,no,258,11010,9750,199,no,no,no,0,0,0,no,no,0.000000,0.000000,0.000,0.870,6.046,0.020,7.746
2730,1403715409.762143,130.950000,OK,OK,MM,no,200,379,0,379,130,249,0.3430,PoseOpt,no,no,258,11010,9768,198,no,no,no,0,0,0,no,no,0.000000,0.000000,0.000,0.858,6.376,0.026,8.178
2731,1403715409.812143,131.000000,OK,OK,MM,no,185,389,0,389,119,270,0.3059,PoseOpt,no,no,258,11010,9768,198,no,no,no,0,0,0,no,no,0.000000,0.000000,0.000,0.869,5.289,0.020,7.606
2732,1403715409.862143,131.050000,OK,OK,MM,no,202,397,0,397,115,282,0.2897,PoseOpt,no,no,258,11010,9754,199,yes,no,no,0,0,0,no,no,0.000000,0.000000,0.000,0.962,6.723,0.015,8.580
2733,1403715409.912143,131.100000,OK,OK,MM,no,215,384,0,384,107,277,0.2786,PoseOpt,no,no,258,11010,9878,202,no,no,no,0,0,0,no,no,0.000000,0.000000,0.000,0.874,4.916,0.013,6.514
2734,1403715409.962143,131.150000,OK,OK,MM,no,209,409,0,409,112,297,0.2738,PoseOpt,no,no,258,11010,9643,195,no,no,no,0,0,0,no,no,0.000000,0.000000,0.000,0.866,5.195,0.012,6.753
2735,1403715410.012143,131.200000,OK,OK,MM,no,231,385,0,385,112,273,0.2909,PoseOpt,yes,yes,258,11010,9846,201,no,no,no,0,0,0,no,no,0.000000,0.000000,0.000,0.939,6.208,0.025,8.010
2736,1403715410.062143,131.250000,OK,OK,MM,no,212,423,0,423,110,313,0.2600,PoseOpt,no,no,259,11032,9802,200,no,no,no,0,0,0,no,no,0.000000,0.000000,0.000,0.823,5.195,0.020,6.787
2737,1403715410.112143,131.300000,OK,OK,MM,no,245,462,0,462,115,347,0.2489,PoseOpt,no,no,259,11032,9892,202,no,no,no,0,0,0,no,no,0.000000,0.000000,0.000,1.039,5.680,0.020,7.528
2738,1403715410.162143,131.350000,OK,OK,MM,no,275,465,0,465,125,340,0.2688,PoseOpt,no,no,259,11032,9837,201,no,no,no,0,0,0,no,no,0.000000,0.000000,0.000,1.243,5.819,0.022,7.864
2739,1403715410.212143,131.400000,OK,OK,MM,no,273,467,0,467,115,352,0.2463,PoseOpt,no,no,259,11032,9837,201,no,no,no,0,0,0,no,no,0.000000,0.000000,0.000,1.172,6.190,0.027,8.289
2740,1403715410.262143,131.450000,OK,OK,MM,no,275,500,0,500,129,371,0.2580,PoseOpt,no,no,259,11032,9911,204,no,no,no,0,0,0,no,no,0.000000,0.000000,0.000,1.180,5.709,0.040,7.901
2741,1403715410.312143,131.500000,OK,OK,MM,no,279,497,0,497,138,359,0.2777,PoseOpt,no,no,259,11032,9819,200,no,no,no,0,0,0,no,no,0.000000,0.000000,0.000,1.183,5.871,0.029,8.513
2742,1403715410.362143,131.550000,OK,OK,MM,no,275,490,0,490,137,353,0.2796,PoseOpt,no,no,259,11032,9885,203,no,no,no,0,0,0,no,no,0.000000,0.000000,0.000,1.164,6.499,0.022,8.490
2743,1403715410.412143,131.600000,OK,OK,MM,no,280,506,0,506,128,378,0.2530,PoseOpt,no,no,259,11032,9819,200,no,no,no,0,0,0,no,no,0.000000,0.000000,0.000,1.144,5.857,0.023,7.776
2744,1403715410.462143,131.650000,OK,OK,MM,no,301,503,0,503,131,372,0.2604,PoseOpt,no,no,259,11032,9802,200,yes,no,no,0,0,0,no,no,0.000000,0.000000,0.000,1.261,5.688,0.020,7.817
2745,1403715410.512143,131.700000,OK,OK,MM,no,302,512,0,512,132,380,0.2578,PoseOpt,no,no,259,11032,9885,203,no,no,no,0,0,0,no,no,0.000000,0.000000,0.000,1.162,5.453,0.017,7.386
2746,1403715410.562143,131.750000,OK,OK,MM,no,300,503,0,503,116,387,0.2306,PoseOpt,no,no,259,11032,9776,198,no,no,no,0,0,0,no,no,0.000000,0.000000,0.000,1.244,5.719,0.018,7.717
2747,1403715410.612143,131.800000,OK,OK,MM,no,306,475,0,475,116,359,0.2442,PoseOpt,no,no,259,11032,9833,201,no,no,no,0,0,0,no,no,0.000000,0.000000,0.000,1.283,5.644,0.016,7.658
2748,1403715410.662143,131.850000,OK,OK,MM,no,292,503,0,503,127,376,0.2525,PoseOpt,no,no,259,11032,9833,201,no,no,no,0,0,0,no,no,0.000000,0.000000,0.000,1.224,5.950,0.017,7.912
2749,1403715410.712143,131.900000,OK,OK,MM,no,297,500,0,500,119,381,0.2380,PoseOpt,no,no,259,11032,9767,198,no,no,no,0,0,0,no,no,0.000000,0.000000,0.000,1.188,5.531,0.017,7.476
2750,1403715410.762143,131.950000,OK,OK,MM,no,298,515,0,515,118,397,0.2291,PoseOpt,no,no,259,11032,9736,197,no,no,no,0,0,0,no,no,0.000000,0.000000,0.000,1.377,5.670,0.016,7.773
2751,1403715410.812143,132.000000,OK,OK,MM,no,296,513,0,513,120,393,0.2339,PoseOpt,no,no,259,11032,9754,198,no,no,no,0,0,0,no,no,0.000000,0.000000,0.000,1.269,5.675,0.018,9.403
2752,1403715410.862143,132.050000,OK,OK,MM,no,307,519,0,519,128,391,0.2466,PoseOpt,no,no,259,11032,9630,195,no,no,no,0,0,0,no,no,0.000000,0.000000,0.000,1.194,7.107,0.019,9.053
2753,1403715410.912143,132.100000,OK,OK,MM,no,312,524,0,524,131,393,0.2500,PoseOpt,no,no,259,11032,9731,197,no,no,no,0,0,0,no,no,0.000000,0.000000,0.000,1.275,5.878,0.018,7.867
2754,1403715410.962143,132.150000,OK,OK,MM,no,309,514,0,514,130,384,0.2529,PoseOpt,no,no,259,11032,9771,198,no,no,no,0,0,0,no,no,0.000000,0.000000,0.000,1.835,5.920,0.019,8.613
2755,1403715411.012143,132.200000,OK,OK,MM,no,301,505,0,505,126,379,0.2495,PoseOpt,no,no,259,11032,9665,196,no,no,no,0,0,0,no,no,0.000000,0.000000,0.000,1.277,5.827,0.020,7.832
2756,1403715411.062143,132.250000,OK,OK,MM,no,294,516,0,516,130,386,0.2519,PoseOpt,no,no,259,11032,9665,196,no,no,no,0,0,0,no,no,0.000000,0.000000,0.000,1.257,5.729,0.017,7.754
2757,1403715411.112143,132.300000,OK,OK,MM,no,298,506,0,506,127,379,0.2510,PoseOpt,no,no,259,11032,9665,196,no,no,no,0,0,0,no,no,0.000000,0.000000,0.000,1.216,5.396,0.017,7.314
2758,1403715411.162143,132.350000,OK,OK,MM,no,298,512,0,512,128,384,0.2500,PoseOpt,no,no,259,11032,9665,196,no,no,no,0,0,0,no,no,0.000000,0.000000,0.000,1.197,5.704,0.035,7.877
2759,1403715411.212143,132.400000,OK,OK,MM,no,309,519,0,519,117,402,0.2254,PoseOpt,no,no,259,11032,9776,200,no,no,no,0,0,0,no,no,0.000000,0.000000,0.000,1.221,5.388,0.019,7.347
2760,1403715411.262143,132.450000,OK,OK,MM,no,327,526,0,526,125,401,0.2376,PoseOpt,no,no,259,11032,9661,194,no,no,no,0,0,0,no,no,0.000000,0.000000,0.000,1.361,5.337,0.018,7.399
2761,1403715411.312143,132.500000,OK,OK,MM,no,310,498,0,498,115,383,0.2309,PoseOpt,no,no,259,11032,9559,189,no,no,no,0,0,0,no,no,0.000000,0.000000,0.000,1.345,5.309,0.019,8.026
2762,1403715411.362143,132.550000,OK,OK,MM,no,297,497,0,497,108,389,0.2173,PoseOpt,no,no,259,11032,9553,188,no,no,no,0,0,0,no,no,0.000000,0.000000,0.000,1.223,6.087,0.017,8.074
2763,1403715411.412143,132.600000,OK,OK,MM,no,307,508,0,508,120,388,0.2362,PoseOpt,no,no,259,11032,9653,192,no,no,no,0,0,0,no,no,0.000000,0.000000,0.000,1.252,5.429,0.018,7.393
2764,1403715411.462143,132.650000,OK,OK,MM,no,299,521,0,521,130,391,0.2495,PoseOpt,yes,yes,259,11032,9609,188,no,no,no,0,0,0,no,no,0.000000,0.000000,0.000,1.202,5.583,0.026,7.548
2765,1403715411.512143,132.700000,OK,OK,MM,no,319,545,0,545,128,417,0.2349,PoseOpt,no,no,260,11037,9758,196,no,no,no,0,0,0,no,no,0.000000,0.000000,0.000,1.220,5.505,0.026,7.504
2766,1403715411.562143,132.750000,OK,OK,MM,no,340,566,0,566,128,438,0.2261,PoseOpt,no,no,260,11037,9758,197,no,no,no,0,0,0,no,no,0.000000,0.000000,0.000,1.436,5.739,0.027,7.958
2767,1403715411.612143,132.800000,OK,OK,MM,no,351,549,0,549,125,424,0.2277,PoseOpt,no,no,260,11037,9738,194,no,no,no,0,0,0,no,no,0.000000,0.000000,0.000,1.402,6.136,0.029,8.371
2768,1403715411.662143,132.850000,OK,OK,MM,no,343,532,0,532,136,396,0.2556,PoseOpt,no,no,260,11037,9747,195,no,no,no,0,0,0,no,no,0.000000,0.000000,0.000,1.310,6.839,0.036,9.065
2769,1403715411.712143,132.900000,OK,OK,MM,no,319,535,0,535,125,410,0.2336,PoseOpt,no,no,260,11037,9778,196,no,no,no,0,0,0,no,no,0.000000,0.000000,0.000,1.243,5.647,0.030,7.612
2770,1403715411.762143,132.950000,OK,OK,MM,no,333,531,0,531,120,411,0.2260,PoseOpt,no,no,260,11037,9781,198,no,no,no,0,0,0,no,no,0.000000,0.000000,0.000,1.284,5.670,0.028,7.696
2771,1403715411.812143,133.000000,OK,OK,MM,no,334,519,0,519,121,398,0.2331,PoseOpt,no,no,260,11037,9585,192,no,no,no,0,0,0,no,no,0.000000,0.000000,0.000,1.353,5.942,0.036,8.165
2772,1403715411.862143,133.050000,OK,OK,MM,no,334,514,0,514,112,402,0.2179,PoseOpt,no,no,260,11037,9585,192,no,no,no,0,0,0,no,no,0.000000,0.000000,0.000,1.331,5.651,0.028,7.799
2773,1403715411.912143,133.100000,OK,OK,MM,no,333,521,0,521,105,416,0.2015,PoseOpt,no,no,260,11037,9585,192,no,no,no,0,0,0,no,no,0.000000,0.000000,0.000,1.333,5.720,1.637,9.460
2774,1403715411.962143,133.150000,OK,OK,MM,no,335,518,0,518,113,405,0.2181,PoseOpt,no,no,260,11037,9748,196,yes,no,no,0,0,0,no,no,0.000000,0.000000,0.000,1.418,5.732,0.023,7.959
2775,1403715412.012143,133.200000,OK,OK,MM,no,329,532,0,532,127,405,0.2387,PoseOpt,no,no,260,11037,9618,194,no,no,no,0,0,0,no,no,0.000000,0.000000,0.000,1.285,5.318,0.022,7.397
2776,1403715412.062143,133.250000,OK,OK,MM,no,331,539,0,539,114,425,0.2115,PoseOpt,yes,yes,259,11031,9609,192,no,no,no,0,0,0,no,no,0.000000,0.000000,0.000,1.359,5.378,0.022,7.482
2777,1403715412.112143,133.300000,OK,OK,MM,no,346,545,0,545,117,428,0.2147,PoseOpt,no,no,260,11034,9643,194,no,no,no,0,0,0,no,no,0.000000,0.000000,0.000,1.298,5.229,0.026,7.284
2778,1403715412.162143,133.350000,OK,OK,MM,no,349,523,0,523,102,421,0.1950,PoseOpt,no,no,260,11034,9613,194,no,no,no,0,0,0,no,no,0.000000,0.000000,0.000,1.438,5.808,0.033,8.123
2779,1403715412.212143,133.400000,OK,OK,MM,no,340,542,0,542,113,429,0.2085,PoseOpt,no,no,260,11034,9644,195,no,no,no,0,0,0,no,no,0.000000,0.000000,0.000,1.406,6.124,0.028,8.366
2780,1403715412.262143,133.450000,OK,OK,MM,no,338,516,0,516,110,406,0.2132,PoseOpt,no,no,260,11034,9644,195,no,no,no,0,0,0,no,no,0.000000,0.000000,0.000,1.496,6.169,0.029,8.447
2781,1403715412.312143,133.500000,OK,OK,MM,no,318,533,0,533,125,408,0.2345,PoseOpt,no,no,260,11034,9644,195,no,no,no,0,0,0,no,no,0.000000,0.000000,0.000,1.323,6.593,0.040,8.958
2782,1403715412.362143,133.550000,OK,OK,MM,no,341,515,0,515,115,400,0.2233,PoseOpt,no,no,260,11034,9643,194,no,no,no,0,0,0,no,no,0.000000,0.000000,0.000,1.282,6.740,0.036,9.030
2783,1403715412.412143,133.600000,OK,OK,MM,no,328,525,0,525,123,402,0.2343,PoseOpt,no,no,260,11034,9643,194,no,no,no,0,0,0,no,no,0.000000,0.000000,0.000,1.292,6.164,0.043,8.593
2784,1403715412.462143,133.650000,OK,OK,MM,no,314,500,0,500,111,389,0.2220,PoseOpt,no,no,260,11034,9624,193,no,no,no,0,0,0,no,no,0.000000,0.000000,0.000,1.250,6.078,0.069,10.964
2785,1403715412.512143,133.700000,OK,OK,MM,no,305,492,0,492,116,376,0.2358,PoseOpt,no,no,260,11034,9641,194,no,no,no,0,0,0,no,no,0.000000,0.000000,0.000,1.286,5.360,0.029,7.500
2786,1403715412.562143,133.750000,OK,OK,MM,no,290,503,0,503,113,390,0.2247,PoseOpt,no,no,260,11034,9593,192,yes,no,no,0,0,0,no,no,0.000000,0.000000,0.000,1.303,5.830,0.028,8.024
2787,1403715412.612143,133.800000,OK,OK,MM,no,307,502,0,502,104,398,0.2072,PoseOpt,no,no,256,10992,9549,188,no,no,no,0,0,0,no,no,0.000000,0.000000,0.000,1.436,5.866,0.023,8.102
2788,1403715412.662143,133.850000,OK,OK,MM,no,325,506,0,506,123,383,0.2431,PoseOpt,yes,yes,256,10992,9531,187,no,no,no,0,0,0,no,no,0.000000,0.000000,0.000,1.231,5.809,0.031,7.958
2789,1403715412.712143,133.900000,OK,OK,MM,no,302,526,0,526,116,410,0.2205,PoseOpt,no,no,257,11007,9804,197,no,no,no,0,0,0,no,no,0.000000,0.000000,0.000,1.186,5.548,0.025,7.513
2790,1403715412.762143,133.950000,OK,OK,MM,no,328,515,0,515,100,415,0.1942,PoseOpt,no,no,257,11007,9819,198,no,no,no,0,0,0,no,no,0.000000,0.000000,0.000,1.295,6.019,0.026,8.205
2791,1403715412.812143,134.000000,OK,OK,MM,no,338,522,0,522,109,413,0.2088,PoseOpt,no,no,257,11007,9771,196,no,no,no,0,0,0,no,no,0.000000,0.000000,0.000,1.369,5.675,0.026,7.805
2792,1403715412.862143,134.050000,OK,OK,MM,no,333,506,0,506,101,405,0.1996,PoseOpt,no,no,257,11007,9771,196,no,no,no,0,0,0,no,no,0.000000,0.000000,0.000,1.366,6.293,0.031,8.506
2793,1403715412.912143,134.100000,OK,OK,MM,no,329,489,0,489,89,400,0.1820,PoseOpt,no,no,257,11007,9631,192,no,no,no,0,0,0,no,no,0.000000,0.000000,0.000,1.338,8.369,0.032,10.722
2794,1403715412.962143,134.150000,OK,OK,MM,no,337,498,0,498,104,394,0.2088,PoseOpt,no,no,257,11007,9621,190,no,no,no,0,0,0,no,no,0.000000,0.000000,0.000,1.373,5.780,0.035,8.087
2795,1403715413.012143,134.200000,OK,OK,MM,no,311,491,0,491,94,397,0.1914,PoseOpt,no,no,257,11007,9786,195,no,no,no,0,0,0,no,no,0.000000,0.000000,0.000,1.309,5.682,0.028,7.742
2796,1403715413.062143,134.250000,OK,OK,MM,no,316,498,0,498,102,396,0.2048,PoseOpt,no,no,257,11007,9786,195,no,no,no,0,0,0,no,no,0.000000,0.000000,0.000,1.272,5.646,0.028,7.657
2797,1403715413.112143,134.300000,OK,OK,MM,no,321,517,0,517,105,412,0.2031,PoseOpt,no,no,257,11007,9771,196,yes,no,no,0,0,0,no,no,0.000000,0.000000,0.000,1.402,6.226,0.029,8.570
2798,1403715413.162143,134.350000,OK,OK,MM,no,334,499,0,499,104,395,0.2084,PoseOpt,no,no,256,10998,9793,196,no,no,no,0,0,0,no,no,0.000000,0.000000,0.000,1.298,5.649,0.023,7.784
2799,1403715413.212143,134.400000,OK,OK,MM,no,319,488,0,488,97,391,0.1988,PoseOpt,yes,yes,256,10998,9762,195,no,no,no,0,0,0,no,no,0.000000,0.000000,0.000,1.405,5.899,0.022,8.088
2800,1403715413.262143,134.450000,OK,OK,MM,no,293,509,0,509,107,402,0.2102,PoseOpt,no,no,257,10980,9767,197,no,no,no,0,0,0,no,no,0.000000,0.000000,0.000,1.174,5.054,0.023,6.946
2801,1403715413.312143,134.500000,OK,OK,MM,no,318,488,0,488,90,398,0.1844,PoseOpt,no,no,257,10980,9792,198,no,no,no,0,0,0,no,no,0.000000,0.000000,0.000,1.339,5.533,0.024,7.638
2802,1403715413.362143,134.550000,OK,OK,MM,no,325,486,0,486,84,402,0.1728,PoseOpt,no,no,257,10980,9579,191,no,no,no,0,0,0,no,no,0.000000,0.000000,0.000,1.325,5.747,0.030,7.991
2803,1403715413.412143,134.600000,OK,OK,MM,no,314,471,0,471,109,362,0.2314,PoseOpt,no,no,257,10980,9538,189,no,no,no,0,0,0,no,no,0.000000,0.000000,0.000,1.353,6.638,0.024,8.810
2804,1403715413.462143,134.650000,OK,OK,MM,no,281,436,0,436,109,327,0.2500,PoseOpt,no,no,257,10980,9617,193,no,no,no,0,0,0,no,no,0.000000,0.000000,0.000,1.303,5.954,0.029,8.164
2805,1403715413.512143,134.700000,OK,OK,MM,no,276,440,0,440,97,343,0.2205,PoseOpt,no,no,257,10980,9574,189,no,no,no,0,0,0,no,no,0.000000,0.000000,0.000,1.244,5.809,0.030,7.948
2806,1403715413.562143,134.750000,OK,OK,MM,no,263,391,0,391,87,304,0.2225,PoseOpt,no,no,257,10980,9527,188,no,no,no,0,0,0,no,no,0.000000,0.000000,0.000,1.119,5.776,0.031,7.719
2807,1403715413.612143,134.800000,OK,OK,MM,no,252,398,0,398,83,315,0.2085,PoseOpt,no,no,257,10980,9737,194,yes,no,no,0,0,0,no,no,0.000000,0.000000,0.000,1.283,5.354,0.022,13.133
2808,1403715413.662143,134.850000,OK,OK,MM,no,245,377,0,377,84,293,0.2228,PoseOpt,no,no,257,10980,9489,185,no,no,no,0,0,0,no,no,0.000000,0.000000,0.000,0.986,5.369,0.023,7.168
2809,1403715413.712143,134.900000,OK,OK,MM,no,237,339,0,339,88,251,0.2596,PoseOpt,yes,yes,256,10964,9473,184,no,no,no,0,0,0,no,no,0.000000,0.000000,0.000,0.981,5.776,0.025,7.565
2810,1403715413.762143,134.950000,OK,OK,MM,no,187,346,0,346,81,265,0.2341,PoseOpt,no,no,257,10965,9665,190,no,no,no,0,0,0,no,no,0.000000,0.000000,0.000,0.746,5.645,0.018,7.183
2811,1403715413.812143,135.000000,OK,OK,MM,no,184,318,0,318,76,242,0.2390,PoseOpt,no,no,257,10965,9405,183,no,no,no,0,0,0,no,no,0.000000,0.000000,0.000,0.797,4.920,0.018,6.474
2812,1403715413.862143,135.050000,OK,OK,MM,no,176,264,0,264,64,200,0.2424,PoseOpt,no,no,257,10965,9405,183,no,no,no,0,0,0,no,no,0.000000,0.000000,0.000,0.875,5.317,0.021,7.031
2813,1403715413.912143,135.100000,OK,OK,MM,no,157,250,0,250,73,177,0.2920,PoseOpt,no,no,257,10965,9405,183,no,no,no,0,0,0,no,no,0.000000,0.000000,0.000,0.694,6.015,0.019,7.545
2814,1403715413.962143,135.150000,OK,OK,MM,no,118,227,0,227,52,175,0.2291,PoseOpt,no,no,257,10965,9233,178,no,no,no,0,0,0,no,no,0.000000,0.000000,0.000,0.655,4.679,0.020,6.034
2815,1403715414.012143,135.200000,OK,OK,MM,no,129,207,0,207,60,147,0.2899,PoseOpt,no,no,257,10965,9262,178,no,no,no,0,0,0,no,no,0.000000,0.000000,0.000,0.747,4.549,0.020,6.040
2816,1403715414.062143,135.250000,OK,OK,MM,no,115,199,0,199,57,142,0.2864,PoseOpt,no,no,257,10965,9264,179,no,no,no,0,0,0,no,no,0.000000,0.000000,0.000,0.609,5.457,0.022,6.962
2817,1403715414.112143,135.300000,OK,OK,MM,no,97,194,0,194,52,142,0.2680,PoseOpt,no,no,257,10965,9545,186,yes,no,no,0,0,0,no,no,0.000000,0.000000,0.000,0.521,10.736,0.020,12.098
2818,1403715414.162143,135.350000,OK,OK,MM,no,97,189,0,189,64,125,0.3386,PoseOpt,yes,yes,256,10952,9288,180,no,no,no,0,0,0,no,no,0.000000,0.000000,0.000,0.701,4.772,0.020,6.311
2819,1403715414.212143,135.400000,OK,OK,MM,no,101,188,0,188,54,134,0.2872,PoseOpt,no,no,257,10923,9510,190,no,no,no,0,0,0,no,no,0.000000,0.000000,0.000,0.503,4.482,0.010,5.704
2820,1403715414.262143,135.450000,OK,OK,MM,no,101,194,0,194,47,147,0.2423,PoseOpt,no,no,257,10923,9195,176,no,no,no,0,0,0,no,no,0.000000,0.000000,0.000,0.505,4.769,0.011,6.074
2821,1403715414.312143,135.500000,OK,OK,MM,no,101,185,0,185,46,139,0.2486,PoseOpt,no,no,257,10923,9473,186,no,no,no,0,0,0,no,no,0.000000,0.000000,0.000,0.504,4.542,0.012,5.875
2822,1403715414.362143,135.550000,OK,OK,MM,no,108,195,0,195,48,147,0.2462,PoseOpt,no,no,257,10923,9510,190,no,no,no,0,0,0,no,no,0.000000,0.000000,0.000,0.606,5.293,0.013,6.737
2823,1403715414.412143,135.600000,OK,OK,MM,no,111,186,0,186,53,133,0.2849,PoseOpt,no,no,257,10923,9465,188,no,no,no,0,0,0,no,no,0.000000,0.000000,0.000,0.545,4.624,0.010,5.903
2824,1403715414.462143,135.650000,OK,OK,MM,no,99,201,0,201,65,136,0.3234,PoseOpt,no,no,257,10923,9622,195,no,no,no,0,0,0,no,no,0.000000,0.000000,0.000,0.598,4.951,1.320,7.602
2825,1403715414.512143,135.700000,OK,OK,MM,no,106,202,0,202,54,148,0.2673,PoseOpt,no,no,257,10923,9622,195,yes,no,no,0,0,0,no,no,0.000000,0.000000,0.000,0.533,5.219,0.015,6.478
2826,1403715414.562143,135.750000,OK,OK,MM,no,111,201,0,201,61,140,0.3035,PoseOpt,yes,yes,257,10923,9602,193,no,no,no,0,0,0,no,no,0.000000,0.000000,0.000,0.516,4.412,0.008,5.643
2827,1403715414.612143,135.800000,OK,OK,MM,no,104,224,0,224,68,156,0.3036,PoseOpt,no,no,258,10912,9499,191,no,no,no,0,0,0,no,no,0.000000,0.000000,0.000,0.518,4.722,0.010,6.003
2828,1403715414.662143,135.850000,OK,OK,MM,no,118,202,0,202,50,152,0.2475,PoseOpt,no,no,258,10912,9499,191,no,no,no,0,0,0,no,no,0.000000,0.000000,0.000,0.574,5.008,0.012,6.309
2829,1403715414.712143,135.900000,OK,OK,MM,no,121,221,0,221,68,153,0.3077,PoseOpt,no,no,258,10912,9499,191,no,no,no,0,0,0,no,no,0.000000,0.000000,0.000,0.589,5.072,0.016,6.628
2830,1403715414.762143,135.950000,OK,OK,MM,no,119,213,0,213,54,159,0.2535,PoseOpt,no,no,258,10912,9453,189,no,no,no,0,0,0,no,no,0.000000,0.000000,0.000,0.639,5.109,0.014,6.720
2831,1403715414.812143,136.000000,OK,OK,MM,no,123,191,0,191,48,143,0.2513,PoseOpt,no,no,258,10912,9453,189,no,no,no,0,0,0,no,no,0.000000,0.000000,0.000,0.555,4.627,0.012,5.876
2832,1403715414.862143,136.050000,OK,OK,MM,no,111,191,0,191,47,144,0.2461,PoseOpt,no,no,258,10912,8906,171,no,no,no,0,0,0,no,no,0.000000,0.000000,0.000,0.487,4.185,0.013,5.497
2833,1403715414.912143,136.100000,OK,OK,MM,no,107,196,0,196,50,146,0.2551,PoseOpt,no,no,258,10912,9023,176,yes,no,no,0,0,0,no,no,0.000000,0.000000,0.000,0.498,8.338,0.009,9.639
2834,1403715414.962143,136.150000,OK,OK,MM,no,101,159,0,159,45,114,0.2830,PoseOpt,yes,yes,257,10899,9258,181,no,no,no,0,0,0,no,no,0.000000,0.000000,0.000,0.538,3.988,0.014,5.258
2835,1403715415.012143,136.200000,OK,OK,MM,no,92,175,0,175,51,124,0.2914,PoseOpt,no,no,258,10915,9283,180,no,no,no,0,0,0,no,no,0.000000,0.000000,0.000,0.428,4.269,0.009,5.417
2836,1403715415.062143,136.250000,OK,OK,MM,no,85,187,0,187,60,127,0.3209,PoseOpt,no,no,258,10915,9329,183,no,no,no,0,0,0,no,no,0.000000,0.000000,0.000,0.464,4.458,0.011,5.629
2837,1403715415.112143,136.300000,OK,OK,MM,no,95,156,0,156,47,109,0.3013,PoseOpt,no,no,258,10915,9243,182,no,no,no,0,0,0,no,no,0.000000,0.000000,0.000,0.554,5.070,0.013,6.456
2838,1403715415.162143,136.350000,OK,OK,MM,no,78,142,0,142,52,90,0.3662,PoseOpt,no,no,258,10915,9198,180,no,no,no,0,0,0,no,no,0.000000,0.000000,0.000,0.366,4.307,0.011,5.447
2839,1403715415.212143,136.400000,OK,OK,MM,no,66,140,0,140,57,83,0.4071,PoseOpt,no,no,258,10915,9072,171,no,no,no,0,0,0,no,no,0.000000,0.000000,0.000,0.445,5.123,0.015,6.686
2840,1403715415.262143,136.450000,OK,OK,MM,no,65,129,0,129,48,81,0.3721,PoseOpt,no,no,258,10915,9072,170,yes,no,no,0,0,0,no,no,0.000000,0.000000,0.000,0.378,4.600,0.009,5.724
2841,1403715415.312143,136.500000,OK,OK,MM,no,59,123,0,123,45,78,0.3659,PoseOpt,no,no,257,10899,9110,177,no,no,no,0,0,0,no,no,0.000000,0.000000,0.000,0.346,3.941,0.008,4.977
2842,1403715415.362143,136.550000,OK,OK,MM,no,61,111,0,111,42,69,0.3784,PoseOpt,yes,yes,257,10899,8949,169,no,no,no,0,0,0,no,no,0.000000,0.000000,0.000,0.354,3.959,0.010,4.999
2843,1403715415.412143,136.600000,OK,OK,MM,no,52,141,0,141,47,94,0.3333,PoseOpt,no,no,258,10898,9035,170,no,no,no,0,0,0,no,no,0.000000,0.000000,0.000,0.238,4.152,0.007,5.155
2844,1403715415.462143,136.650000,OK,OK,MM,no,71,121,0,121,42,79,0.3471,PoseOpt,no,no,258,10898,8935,167,no,no,no,0,0,0,no,no,0.000000,0.000000,0.000,0.346,4.349,0.007,5.423
2845,1403715415.512143,136.700000,OK,OK,MM,no,56,116,0,116,44,72,0.3793,PoseOpt,no,no,258,10898,9025,172,no,no,no,0,0,0,no,no,0.000000,0.000000,0.000,0.401,4.989,0.011,6.265
2846,1403715415.562143,136.750000,OK,OK,MM,no,54,115,0,115,49,66,0.4261,PoseOpt,no,no,258,10898,9025,172,no,no,no,0,0,0,no,no,0.000000,0.000000,0.000,0.281,5.039,0.011,6.122
2847,1403715415.612143,136.800000,OK,OK,MM,no,51,113,0,113,43,70,0.3805,PoseOpt,no,no,258,10898,8694,164,yes,no,no,0,0,0,no,no,0.000000,0.000000,0.000,0.326,10.328,0.009,11.412
2848,1403715415.662143,136.850000,OK,OK,MM,no,51,106,0,106,39,67,0.3679,PoseOpt,yes,yes,258,10898,8694,164,no,no,no,0,0,0,no,no,0.000000,0.000000,0.000,0.267,3.808,0.008,4.834
2849,1403715415.712143,136.900000,OK,OK,MM,no,43,105,0,105,44,61,0.4190,PoseOpt,no,no,259,10901,9028,173,no,no,no,0,0,0,no,no,0.000000,0.000000,0.000,0.292,4.883,0.010,6.008
2850,1403715415.762143,136.950000,OK,OK,MM,no,43,99,0,99,34,65,0.3434,PoseOpt,no,no,259,10901,8699,163,no,no,no,0,0,0,no,no,0.000000,0.000000,0.000,0.316,5.110,0.011,6.352
2851,1403715415.812143,137.000000,OK,OK,MM,no,50,104,0,104,45,59,0.4327,PoseOpt,no,no,259,10901,8531,161,no,no,no,0,0,0,no,no,0.000000,0.000000,0.000,0.320,4.064,0.009,5.164
2852,1403715415.862143,137.050000,OK,OK,MM,no,42,102,0,102,40,62,0.3922,PoseOpt,no,no,259,10901,9027,172,yes,no,no,0,0,0,no,no,0.000000,0.000000,0.000,0.284,4.406,0.006,5.473
2853,1403715415.912143,137.100000,OK,OK,MM,no,46,101,0,101,33,68,0.3267,PoseOpt,yes,yes,259,10901,9028,173,no,no,no,0,0,0,no,no,0.000000,0.000000,0.000,0.325,3.925,0.006,5.165
2854,1403715415.962143,137.150000,OK,OK,MM,no,47,111,0,111,36,75,0.3243,PoseOpt,no,no,260,10893,9020,172,no,no,no,0,0,0,no,no,0.000000,0.000000,0.000,0.290,5.082,0.007,6.112
2855,1403715416.012143,137.200000,OK,OK,MM,no,53,104,0,104,39,65,0.3750,PoseOpt,no,no,260,10893,9020,174,no,no,no,0,0,0,no,no,0.000000,0.000000,0.000,0.575,4.478,0.008,5.812
2856,1403715416.062143,137.250000,OK,OK,MM,no,56,102,0,102,30,72,0.2941,PoseOpt,no,no,260,10893,9020,174,yes,no,no,0,0,0,no,no,0.000000,0.000000,0.000,0.475,6.956,0.011,9.807
2857,1403715416.112143,137.300000,OK,OK,MM,no,61,110,0,110,39,71,0.3545,PoseOpt,no,no,260,10893,9055,173,no,no,no,0,0,0,no,no,0.000000,0.000000,0.000,0.373,3.939,0.006,5.019
2858,1403715416.162143,137.350000,OK,OK,MM,no,58,117,0,117,35,82,0.2991,PoseOpt,no,no,260,10893,9055,175,no,no,no,0,0,0,no,no,0.000000,0.000000,0.000,0.315,4.024,0.005,5.004
2859,1403715416.212143,137.400000,OK,OK,MM,no,63,106,0,106,29,77,0.2736,PoseOpt,yes,yes,260,10893,9020,174,no,no,no,0,0,0,no,no,0.000000,0.000000,0.000,0.374,4.109,0.006,5.210
2860,1403715416.262143,137.450000,OK,OK,MM,no,60,101,0,101,35,66,0.3465,PoseOpt,no,no,261,10890,9017,175,no,no,no,0,0,0,no,no,0.000000,0.000000,0.000,0.317,4.125,0.007,5.170
2861,1403715416.312143,137.500000,OK,OK,MM,no,57,98,0,98,27,71,0.2755,PoseOpt,no,no,261,10890,9017,175,no,no,no,0,0,0,no,no,0.000000,0.000000,0.000,0.353,4.971,0.008,6.184
2862,1403715416.362143,137.550000,OK,OK,MM,no,62,114,0,114,32,82,0.2807,PoseOpt,no,no,261,10890,9017,175,yes,no,no,0,0,0,no,no,0.000000,0.000000,0.000,0.358,4.328,0.006,5.529
2863,1403715416.412143,137.600000,OK,OK,MM,no,66,103,0,103,26,77,0.2524,PoseOpt,yes,yes,261,10890,9117,178,no,no,no,0,0,0,no,no,0.000000,0.000000,0.000,0.373,3.864,0.007,5.083
2864,1403715416.462143,137.650000,OK,OK,MM,no,61,107,0,107,29,78,0.2710,PoseOpt,no,no,262,10890,9117,179,no,no,no,0,0,0,no,no,0.000000,0.000000,0.000,0.324,4.297,0.007,5.337
2865,1403715416.512143,137.700000,OK,OK,MM,no,66,104,0,104,28,76,0.2692,PoseOpt,no,no,262,10890,9013,175,no,no,no,0,0,0,no,no,0.000000,0.000000,0.000,0.400,4.899,0.006,6.213
2866,1403715416.562143,137.750000,OK,OK,MM,no,60,95,0,95,23,72,0.2421,PoseOpt,no,no,262,10890,8843,171,no,no,no,0,0,0,no,no,0.000000,0.000000,0.000,0.397,4.589,0.007,5.814
2867,1403715416.612143,137.800000,OK,OK,MM,no,59,96,0,96,28,68,0.2917,PoseOpt,no,no,261,10878,8777,169,yes,no,no,0,0,0,no,no,0.000000,0.000000,0.000,0.336,3.684,0.005,4.737
2868,1403715416.662143,137.850000,OK,OK,MM,no,64,99,0,99,28,71,0.2828,PoseOpt,yes,yes,261,10878,9001,174,no,no,no,0,0,0,no,no,0.000000,0.000000,0.000,0.325,4.056,0.005,5.103
2869,1403715416.712143,137.900000,OK,OK,MM,no,58,103,0,103,34,69,0.3301,PoseOpt,no,no,262,10879,8955,171,no,no,no,0,0,0,no,no,0.000000,0.000000,0.000,0.391,4.097,0.006,5.228
2870,1403715416.762143,137.950000,OK,OK,MM,no,60,111,0,111,36,75,0.3243,PoseOpt,no,no,262,10879,9058,172,no,no,no,0,0,0,no,no,0.000000,0.000000,0.000,0.389,4.996,0.008,6.239
2871,1403715416.812143,138.000000,OK,OK,MM,no,64,103,0,103,28,75,0.2718,PoseOpt,no,no,262,10879,9085,175,yes,no,no,0,0,0,no,no,0.000000,0.000000,0.000,0.335,3.982,0.005,5.059
2872,1403715416.862143,138.050000,OK,OK,MM,no,63,110,0,110,30,80,0.2727,PoseOpt,no,no,261,10878,9058,174,no,no,no,0,0,0,no,no,0.000000,0.000000,0.000,0.333,3.690,0.005,4.717
2873,1403715416.912143,138.100000,OK,OK,MM,no,64,100,0,100,26,74,0.2600,PoseOpt,no,no,261,10878,8983,171,no,no,no,0,0,0,no,no,0.000000,0.000000,0.000,0.361,3.859,0.005,4.920
2874,1403715416.962143,138.150000,OK,OK,MM,no,62,110,0,110,35,75,0.3182,PoseOpt,no,no,261,10878,8931,170,no,no,no,0,0,0,no,no,0.000000,0.000000,0.000,0.283,3.813,0.005,4.737
2875,1403715417.012143,138.200000,OK,OK,MM,no,67,109,0,109,37,72,0.3394,PoseOpt,no,no,261,10878,8931,171,no,no,no,0,0,0,no,no,0.000000,0.000000,0.000,0.439,3.759,0.005,4.791
2876,1403715417.062143,138.250000,OK,OK,MM,no,66,115,0,115,35,80,0.3043,PoseOpt,no,no,261,10878,9084,174,no,no,no,0,0,0,no,no,0.000000,0.000000,0.000,0.425,3.985,0.006,6.651
2877,1403715417.112143,138.300000,OK,OK,MM,no,68,108,0,108,34,74,0.3148,PoseOpt,no,no,261,10878,9096,174,no,no,no,0,0,0,no,no,0.000000,0.000000,0.000,0.319,5.677,0.005,6.636
2878,1403715417.162143,138.350000,OK,OK,MM,no,65,111,0,111,37,74,0.3333,PoseOpt,no,no,261,10878,8993,172,no,no,no,0,0,0,no,no,0.000000,0.000000,0.000,0.318,3.990,0.005,4.981
2879,1403715417.212143,138.400000,OK,OK,MM,no,62,104,0,104,29,75,0.2788,PoseOpt,no,no,261,10878,8993,172,no,no,no,0,0,0,no,no,0.000000,0.000000,0.000,0.339,4.011,0.005,5.018
2880,1403715417.262143,138.450000,OK,OK,MM,no,68,102,0,102,29,73,0.2843,PoseOpt,no,no,261,10878,8958,171,no,no,no,0,0,0,no,no,0.000000,0.000000,0.000,0.367,4.030,0.005,5.065
2881,1403715417.312143,138.500000,OK,OK,MM,no,62,107,0,107,33,74,0.3084,PoseOpt,no,no,261,10878,8919,169,no,no,no,0,0,0,no,no,0.000000,0.000000,0.000,0.329,4.518,0.005,5.525
2882,1403715417.362143,138.550000,OK,OK,MM,no,64,104,0,104,35,69,0.3365,PoseOpt,yes,yes,261,10878,8954,170,no,no,no,0,0,0,no,no,0.000000,0.000000,0.000,0.320,3.958,0.005,4.991
2883,1403715417.412143,138.600000,OK,OK,MM,no,60,110,0,110,36,74,0.3273,PoseOpt,no,no,262,10881,8957,171,no,no,no,0,0,0,no,no,0.000000,0.000000,0.000,0.322,4.034,0.007,5.069
2884,1403715417.462143,138.650000,OK,OK,MM,no,66,109,0,109,29,80,0.2661,PoseOpt,no,no,262,10881,9184,183,no,no,no,0,0,0,no,no,0.000000,0.000000,0.000,0.471,4.505,0.007,5.922
2885,1403715417.512143,138.700000,OK,OK,MM,no,63,104,0,104,31,73,0.2981,PoseOpt,no,no,261,10878,9119,175,yes,no,no,0,0,0,no,no,0.000000,0.000000,0.000,0.339,3.975,0.005,5.029
2886,1403715417.562143,138.750000,OK,OK,MM,no,63,104,0,104,32,72,0.3077,PoseOpt,yes,yes,261,10878,8980,169,no,no,no,0,0,0,no,no,0.000000,0.000000,0.000,0.346,3.779,0.005,4.815
2887,1403715417.612143,138.800000,OK,OK,MM,no,66,108,0,108,29,79,0.2685,PoseOpt,no,no,262,10874,9177,182,no,no,no,0,0,0,no,no,0.000000,0.000000,0.000,0.290,4.123,0.006,5.135
2888,1403715417.662143,138.850000,OK,OK,MM,no,65,105,0,105,28,77,0.2667,PoseOpt,no,no,262,10874,9089,176,no,no,no,0,0,0,no,no,0.000000,0.000000,0.000,0.413,4.441,0.006,7.370
2889,1403715417.712143,138.900000,OK,OK,MM,no,65,114,0,114,28,86,0.2456,PoseOpt,no,no,261,10871,8989,173,yes,no,no,0,0,0,no,no,0.000000,0.000000,0.000,0.355,9.154,0.005,10.275
2890,1403715417.762143,138.950000,OK,OK,MM,no,73,106,0,106,27,79,0.2547,PoseOpt,no,no,261,10871,9089,174,no,no,no,0,0,0,no,no,0.000000,0.000000,0.000,0.367,4.099,0.005,5.184
2891,1403715417.812143,139.000000,OK,OK,MM,no,67,105,0,105,27,78,0.2571,PoseOpt,no,no,261,10871,9050,172,no,no,no,0,0,0,no,no,0.000000,0.000000,0.000,0.417,3.994,0.005,5.051
2892,1403715417.862143,139.050000,OK,OK,MM,no,62,100,0,100,27,73,0.2700,PoseOpt,no,no,261,10871,9050,172,no,no,no,0,0,0,no,no,0.000000,0.000000,0.000,0.275,4.031,0.005,4.965
2893,1403715417.912143,139.100000,OK,OK,MM,no,62,102,0,102,24,78,0.2353,PoseOpt,no,no,261,10871,8947,170,no,no,no,0,0,0,no,no,0.000000,0.000000,0.000,0.359,3.956,0.005,4.985
2894,1403715417.962143,139.150000,OK,OK,MM,no,71,113,0,113,33,80,0.2920,PoseOpt,no,no,261,10871,8947,170,no,no,no,0,0,0,no,no,0.000000,0.000000,0.000,0.375,4.159,0.005,5.248
2895,1403715418.012143,139.200000,OK,OK,MM,no,71,104,0,104,25,79,0.2404,PoseOpt,no,no,261,10871,8947,170,no,no,no,0,0,0,no,no,0.000000,0.000000,0.000,0.370,4.171,0.005,5.261
2896,1403715418.062143,139.250000,OK,OK,MM,no,65,111,0,111,36,75,0.3243,PoseOpt,no,no,261,10871,8744,168,no,no,no,0,0,0,no,no,0.000000,0.000000,0.000,0.327,3.768,0.004,4.752
2897,1403715418.112143,139.300000,OK,OK,MM,no,65,109,0,109,26,83,0.2385,PoseOpt,no,no,261,10871,8684,166,no,no,no,0,0,0,no,no,0.000000,0.000000,0.000,0.340,3.627,0.004,4.610
2898,1403715418.162143,139.350000,OK,OK,MM,no,69,106,0,106,29,77,0.2736,PoseOpt,no,no,261,10871,8924,171,no,no,no,0,0,0,no,no,0.000000,0.000000,0.000,0.368,3.870,0.005,4.895
2899,1403715418.212143,139.400000,OK,OK,MM,no,68,104,0,104,28,76,0.2692,PoseOpt,no,no,261,10871,9033,171,no,no,no,0,0,0,no,no,0.000000,0.000000,0.000,0.305,4.038,0.004,5.063
2900,1403715418.262143,139.450000,OK,OK,MM,no,69,107,0,107,27,80,0.2523,PoseOpt,no,no,261,10871,9071,173,no,no,no,0,0,0,no,no,0.000000,0.000000,0.000,0.306,3.996,0.005,4.976
2901,1403715418.312143,139.500000,OK,OK,MM,no,65,107,0,107,32,75,0.2991,PoseOpt,no,no,261,10871,8978,171,no,no,no,0,0,0,no,no,0.000000,0.000000,0.000,0.391,4.046,0.005,5.120
2902,1403715418.362143,139.550000,OK,OK,MM,no,65,105,0,105,29,76,0.2762,PoseOpt,no,no,261,10871,8947,170,no,no,no,0,0,0,no,no,0.000000,0.000000,0.000,0.311,3.909,0.005,4.877
2903,1403715418.412143,139.600000,OK,OK,MM,no,67,102,0,102,26,76,0.2549,PoseOpt,no,no,261,10871,9050,172,no,no,no,0,0,0,no,no,0.000000,0.000000,0.000,0.343,4.023,0.005,5.035
2904,1403715418.462143,139.650000,OK,OK,MM,no,66,98,0,98,29,69,0.2959,PoseOpt,yes,yes,261,10871,9050,172,no,no,no,0,0,0,no,no,0.000000,0.000000,0.000,0.359,3.990,0.008,5.044
2905,1403715418.512143,139.700000,OK,OK,MM,no,64,109,0,109,27,82,0.2477,PoseOpt,no,no,262,10876,9020,172,no,no,no,0,0,0,no,no,0.000000,0.000000,0.000,0.346,4.033,0.006,5.097
2906,1403715418.562143,139.750000,OK,OK,MM,no,71,104,0,104,29,75,0.2788,PoseOpt,no,no,262,10876,9020,172,no,no,no,0,0,0,no,no,0.000000,0.000000,0.000,0.414,4.239,0.006,5.382
2907,1403715418.612143,139.800000,OK,OK,MM,no,65,94,0,94,20,74,0.2128,PoseOpt,no,no,260,10871,9020,172,yes,no,no,0,0,0,no,no,0.000000,0.000000,0.000,0.355,3.860,0.005,4.895
2908,1403715418.662143,139.850000,OK,OK,MM,no,63,111,0,111,32,79,0.2883,PoseOpt,no,no,260,10871,9015,170,no,no,no,0,0,0,no,no,0.000000,0.000000,0.000,0.352,3.683,0.004,4.688
2909,1403715418.712143,139.900000,OK,OK,MM,no,66,105,0,105,28,77,0.2667,PoseOpt,no,no,260,10871,8912,168,no,no,no,0,0,0,no,no,0.000000,0.000000,0.000,0.357,4.011,0.005,5.189
2910,1403715418.762143,139.950000,OK,OK,MM,no,66,103,0,103,25,78,0.2427,PoseOpt,no,no,260,10871,8767,167,no,no,no,0,0,0,no,no,0.000000,0.000000,0.000,0.346,5.598,0.005,6.630
2911,1403715418.812143,140.000000,OK,OK,MM,no,71,110,0,110,31,79,0.2818,PoseOpt,no,no,260,10871,8998,169,no,no,no,0,0,0,no,no,0.000000,0.000000,0.000,0.357,4.008,0.005,5.036
