timestamp_s,elapsed_s,process_time_s,fps_avg,fps_cv_pct,frames_since_kf,tracking_state,feature_pts,tracked_mps,inlier_ratio,inlier_matches,ok_rate_pct,imu_queue_sz,cpu_pct,mem_kb,timeout_exceeded
0.047490,0.047490,0.000000,21.057,0.000,1,NOT_INITIALIZED,3836,0,0.0000,0,0.00,0,126.34,596624,0
0.098878,0.051388,0.000000,20.227,3.943,2,NOT_INITIALIZED,3843,0,0.0000,0,0.00,0,194.60,620520,0
0.150362,0.051484,0.000000,19.952,3.713,3,NOT_INITIALIZED,3834,0,0.0000,0,0.00,0,174.81,639012,0
0.201798,0.051436,0.000000,19.822,3.388,4,NOT_INITIALIZED,3839,0,0.0000,0,0.00,0,116.65,642012,0
0.253306,0.051508,0.000000,19.739,3.131,5,NOT_INITIALIZED,3815,0,0.0000,0,0.00,0,97.07,642232,0
0.304674,0.051369,0.000000,19.693,2.899,6,NOT_INITIALIZED,3852,0,0.0000,0,0.00,0,97.34,642292,0
0.356196,0.051522,0.000000,19.652,2.726,7,NOT_INITIALIZED,3787,0,0.0000,0,0.00,0,116.46,642304,0
0.408030,0.051834,0.000000,19.606,2.618,8,NOT_INITIALIZED,3884,0,0.0000,0,0.00,0,115.75,642544,0
0.459543,0.051512,0.000000,19.585,2.485,9,NOT_INITIALIZED,3799,0,0.0000,0,0.00,0,97.06,642872,0
0.511008,0.051465,0.000000,19.569,2.368,10,NOT_INITIALIZED,3839,0,0.0000,0,0.00,0,116.58,641516,0
0.562616,0.051608,0.000000,19.552,2.273,11,NOT_INITIALIZED,3829,0,0.0000,0,0.00,0,96.88,642128,0
0.614346,0.051730,0.000000,19.533,2.197,12,NOT_INITIALIZED,3803,0,0.0000,0,0.00,0,96.66,642500,0
0.665837,0.051491,0.000000,19.524,2.116,13,NOT_INITIALIZED,3849,0,0.0000,0,0.00,0,116.53,642560,0
0.717321,0.051484,0.000000,19.517,2.042,14,NOT_INITIALIZED,3860,0,0.0000,0,0.00,0,97.12,642620,0
0.769079,0.051759,0.000000,19.504,1.988,15,NOT_INITIALIZED,3805,0,0.0000,0,0.00,0,96.60,642660,0
0.820523,0.051443,0.000000,19.500,1.926,16,NOT_INITIALIZED,3827,0,0.0000,0,0.00,0,97.19,642704,0
0.874312,0.053789,0.000000,19.444,2.188,17,NOT_INITIALIZED,3868,0,0.0000,0,0.00,0,111.55,642704,0
0.924307,0.049995,0.000000,19.474,2.224,18,NOT_INITIALIZED,3860,0,0.0000,0,0.00,0,100.01,642768,0
0.976185,0.051878,0.000000,19.464,2.175,19,NOT_INITIALIZED,3843,0,0.0000,0,0.00,0,115.66,643016,0
1.027728,0.051543,0.000000,19.460,2.121,20,NOT_INITIALIZED,3794,0,0.0000,0,0.00,0,77.60,643072,0
1.079271,0.051543,0.000000,19.458,2.071,21,NOT_INITIALIZED,3806,0,0.0000,0,0.00,0,116.41,643108,0
1.131085,0.051814,0.000000,19.450,2.029,22,NOT_INITIALIZED,3804,0,0.0000,0,0.00,0,115.80,643112,0
1.182734,0.051648,0.000000,19.446,1.987,23,NOT_INITIALIZED,3826,0,0.0000,0,0.00,0,96.81,643180,0
1.234432,0.051698,0.000000,19.442,1.947,24,NOT_INITIALIZED,3837,0,0.0000,0,0.00,0,96.72,643200,0
1.285946,0.051514,0.000000,19.441,1.908,25,NOT_INITIALIZED,3814,0,0.0000,0,0.00,0,116.47,642032,0
1.337283,0.051338,0.000000,19.442,1.871,26,NOT_INITIALIZED,3781,0,0.0000,0,0.00,0,116.87,642428,0
1.388666,0.051383,0.000000,19.443,1.837,27,NOT_INITIALIZED,3831,0,0.0000,0,0.00,0,97.31,642464,0
1.440298,0.051632,0.000000,19.440,1.805,28,NOT_INITIALIZED,3821,0,0.0000,0,0.00,0,96.84,642608,0
1.491690,0.051393,0.000000,19.441,1.773,29,NOT_INITIALIZED,3876,0,0.0000,0,0.00,0,116.75,642668,0
1.544530,0.052840,0.000000,19.423,1.809,30,NOT_INITIALIZED,3822,0,0.0000,0,0.00,0,94.63,642112,0
1.595000,0.050469,0.000000,19.386,1.164,31,NOT_INITIALIZED,3866,0,0.0000,0,0.00,0,99.07,642472,0
1.646443,0.051444,0.000000,19.385,1.163,32,NOT_INITIALIZED,3854,0,0.0000,0,0.00,0,116.63,642752,0
1.698045,0.051601,0.000000,19.384,1.162,33,NOT_INITIALIZED,3818,0,0.0000,0,0.00,0,96.90,641852,0
1.749634,0.051590,0.000000,19.382,1.161,34,NOT_INITIALIZED,3837,0,0.0000,0,0.00,0,96.92,642264,0
1.801134,0.051500,0.000000,19.382,1.161,35,NOT_INITIALIZED,3819,0,0.0000,0,0.00,0,116.50,642660,0
1.853013,0.051879,0.000000,19.376,1.161,36,NOT_INITIALIZED,3840,0,0.0000,0,0.00,0,96.38,642172,0
1.904465,0.051452,0.000000,19.376,1.162,37,NOT_INITIALIZED,3812,0,0.0000,0,0.00,0,97.18,642404,0
1.958801,0.054337,0.000000,19.345,1.498,38,NOT_INITIALIZED,3802,0,0.0000,0,0.00,0,92.02,642764,0
2.007763,0.048962,0.000000,19.377,1.775,39,NOT_INITIALIZED,3809,0,0.0000,0,0.00,0,122.54,642844,0
2.059321,0.051558,0.000000,19.376,1.775,40,NOT_INITIALIZED,3859,0,0.0000,0,0.00,0,96.98,642860,0
2.110833,0.051512,0.000000,19.377,1.775,41,NOT_INITIALIZED,3843,0,0.0000,0,0.00,0,97.06,642904,0
2.162405,0.051572,0.000000,19.379,1.775,42,NOT_INITIALIZED,3857,0,0.0000,0,0.00,0,96.95,642932,0
2.213781,0.051376,0.000000,19.381,1.776,43,NOT_INITIALIZED,3808,0,0.0000,0,0.00,0,97.32,642992,0
2.265370,0.051589,0.000000,19.379,1.776,44,NOT_INITIALIZED,3819,0,0.0000,0,0.00,0,116.30,643012,0
2.317036,0.051666,0.000000,19.380,1.775,45,NOT_INITIALIZED,3878,0,0.0000,0,0.00,0,96.78,643064,0
2.368660,0.051625,0.000000,19.378,1.774,46,NOT_INITIALIZED,3865,0,0.0000,0,0.00,0,116.22,643108,0
2.420179,0.051519,0.000000,19.407,1.593,47,NOT_INITIALIZED,3846,0,0.0000,0,0.00,0,97.05,643168,0
2.471736,0.051557,0.000000,19.387,1.492,48,NOT_INITIALIZED,3813,0,0.0000,0,0.00,0,96.98,643196,0
2.523331,0.051594,0.000000,19.391,1.489,49,NOT_INITIALIZED,3847,0,0.0000,0,0.00,0,96.91,643196,0
2.574982,0.051652,0.000000,19.389,1.489,50,NOT_INITIALIZED,3867,0,0.0000,0,0.00,0,116.16,642216,0
2.626684,0.051702,0.000000,19.387,1.489,51,NOT_INITIALIZED,3859,0,0.0000,0,0.00,0,96.71,642604,0
2.678213,0.051529,0.000000,19.391,1.487,52,NOT_INITIALIZED,3851,0,0.0000,0,0.00,0,116.44,642668,0
2.729472,0.051258,0.000000,19.396,1.491,53,NOT_INITIALIZED,3837,0,0.0000,0,0.00,0,97.55,642736,0
2.781013,0.051542,0.000000,19.398,1.491,54,NOT_INITIALIZED,3871,0,0.0000,0,0.00,0,116.41,642760,0
2.832566,0.051553,0.000000,19.397,1.490,55,NOT_INITIALIZED,3853,0,0.0000,0,0.00,0,77.59,642784,0
2.884066,0.051500,0.000000,19.395,1.488,56,NOT_INITIALIZED,3838,0,0.0000,0,0.00,0,116.50,642828,0
2.935606,0.051539,0.000000,19.393,1.487,57,NOT_INITIALIZED,3873,0,0.0000,0,0.00,0,116.42,642844,0
2.987477,0.051871,0.000000,19.390,1.490,58,NOT_INITIALIZED,3845,0,0.0000,0,0.00,0,77.11,642856,0
3.038879,0.051403,0.000000,19.390,1.490,59,NOT_INITIALIZED,3892,0,0.0000,0,0.00,0,116.72,642856,0
3.090664,0.051784,0.000000,19.403,1.422,60,NOT_INITIALIZED,3860,0,0.0000,0,0.00,0,96.55,643056,0
3.142193,0.051529,0.000000,19.390,1.368,61,NOT_INITIALIZED,3877,0,0.0000,0,0.00,0,97.03,643112,0
3.193653,0.051460,0.000000,19.390,1.368,62,NOT_INITIALIZED,3859,0,0.0000,0,0.00,0,116.59,643228,0
3.245668,0.052015,0.000000,19.385,1.376,63,NOT_INITIALIZED,3791,0,0.0000,0,0.00,0,96.13,642828,0
3.297082,0.051414,0.000000,19.387,1.378,64,NOT_INITIALIZED,3848,0,0.0000,0,0.00,0,116.70,643040,0
3.348540,0.051458,0.000000,19.387,1.378,65,NOT_INITIALIZED,3861,0,0.0000,0,0.00,0,97.17,643100,0
3.400095,0.051555,0.000000,19.391,1.374,66,NOT_INITIALIZED,3870,0,0.0000,0,0.00,0,96.98,643128,0
3.451749,0.051655,0.000000,19.389,1.374,67,NOT_INITIALIZED,3889,0,0.0000,0,0.00,0,116.16,643156,0
3.503293,0.051543,0.000000,19.424,0.951,68,NOT_INITIALIZED,3852,0,0.0000,0,0.00,0,97.01,643156,0
3.554772,0.051479,0.000000,19.392,0.278,69,NOT_INITIALIZED,3869,0,0.0000,0,0.00,0,116.55,643192,0
3.606379,0.051607,0.000000,19.392,0.278,70,NOT_INITIALIZED,3854,0,0.0000,0,0.00,0,96.89,643272,0
3.657921,0.051542,0.000000,19.391,0.278,71,NOT_INITIALIZED,3835,0,0.0000,0,0.00,0,97.01,643272,0
3.709501,0.051580,0.000000,19.391,0.278,72,NOT_INITIALIZED,3867,0,0.0000,0,0.00,0,116.33,643316,0
3.761548,0.052047,0.000000,19.383,0.314,73,NOT_INITIALIZED,3817,0,0.0000,0,0.00,0,76.85,643336,0
3.812593,0.051045,0.000000,19.390,0.368,74,NOT_INITIALIZED,3782,0,0.0000,0,0.00,0,117.54,643336,0
3.864054,0.051462,0.000000,19.392,0.368,75,NOT_INITIALIZED,3811,0,0.0000,0,0.00,0,97.16,643336,0
3.916268,0.052214,0.000000,19.385,0.431,76,NOT_INITIALIZED,3774,0,0.0000,0,0.00,0,95.76,643336,0
3.967609,0.051341,0.000000,19.387,0.439,77,NOT_INITIALIZED,3765,0,0.0000,0,0.00,0,97.39,643368,0
4.019334,0.051725,0.000000,19.385,0.442,78,NOT_INITIALIZED,3835,0,0.0000,0,0.00,0,116.00,643368,0
4.071009,0.051675,0.000000,19.384,0.443,79,NOT_INITIALIZED,3787,0,0.0000,0,0.00,0,116.11,643392,0
4.122597,0.051588,0.000000,19.385,0.442,80,NOT_INITIALIZED,3792,0,0.0000,0,0.00,0,96.92,643392,0
4.174985,0.052388,0.000000,19.376,0.522,81,NOT_INITIALIZED,3840,0,0.0000,0,0.00,0,95.44,643416,0
4.225614,0.050629,0.000000,19.387,0.624,82,NOT_INITIALIZED,3809,0,0.0000,0,0.00,0,98.76,643416,0
4.277118,0.051504,0.000000,19.384,0.613,83,NOT_INITIALIZED,3803,0,0.0000,0,0.00,0,97.08,643416,0
4.328604,0.051486,0.000000,19.385,0.614,84,NOT_INITIALIZED,3807,0,0.0000,0,0.00,0,116.54,643416,0
4.380427,0.051823,0.000000,19.382,0.619,85,NOT_INITIALIZED,3844,0,0.0000,0,0.00,0,115.78,643416,0
4.431607,0.051180,0.000000,19.386,0.636,86,NOT_INITIALIZED,3799,0,0.0000,0,0.00,0,97.69,643416,0
4.483257,0.051650,0.000000,19.384,0.636,87,NOT_INITIALIZED,3807,0,0.0000,0,0.00,0,77.44,643416,0
4.534932,0.051675,0.000000,19.387,0.628,88,NOT_INITIALIZED,3835,0,0.0000,0,0.00,0,116.11,643416,0
4.586549,0.051617,0.000000,19.384,0.625,89,NOT_INITIALIZED,3808,0,0.0000,0,0.00,0,96.87,643420,0
4.637883,0.051334,0.000000,19.390,0.627,90,NOT_INITIALIZED,3798,0,0.0000,0,0.00,0,97.40,643420,0
4.689700,0.051817,0.000000,19.386,0.633,91,NOT_INITIALIZED,3838,0,0.0000,0,0.00,0,96.49,643420,0
4.741117,0.051417,0.000000,19.387,0.634,92,NOT_INITIALIZED,3829,0,0.0000,0,0.00,0,116.69,643420,0
4.792681,0.051563,0.000000,19.392,0.615,93,NOT_INITIALIZED,3786,0,0.0000,0,0.00,0,116.36,643420,0
4.844688,0.052008,0.000000,19.385,0.630,94,NOT_INITIALIZED,3834,0,0.0000,0,0.00,0,76.91,643420,0
4.896046,0.051357,0.000000,19.386,0.634,95,NOT_INITIALIZED,3789,0,0.0000,0,0.00,0,97.36,643420,0
4.947867,0.051822,0.000000,19.383,0.639,96,NOT_INITIALIZED,3826,0,0.0000,0,0.00,0,96.49,643420,0
4.999836,0.051969,0.000000,19.379,0.652,97,NOT_INITIALIZED,3826,0,0.0000,0,0.00,0,115.45,643420,0
5.051188,0.051352,0.000000,19.381,0.658,98,NOT_INITIALIZED,3870,0,0.0000,0,0.00,0,97.37,643420,0
5.102456,0.051268,0.000000,19.384,0.667,99,NOT_INITIALIZED,3851,0,0.0000,0,0.00,0,97.53,643424,0
5.154213,0.051757,0.000000,19.382,0.669,100,NOT_INITIALIZED,3840,0,0.0000,0,0.00,0,96.61,643428,0
5.205456,0.051243,0.000000,19.386,0.680,101,NOT_INITIALIZED,3781,0,0.0000,0,0.00,0,117.09,643428,0
5.257708,0.052252,0.000000,19.377,0.718,102,NOT_INITIALIZED,3877,0,0.0000,0,0.00,0,114.83,643428,0
5.309078,0.051370,0.000000,19.386,0.705,103,NOT_INITIALIZED,3824,0,0.0000,0,0.00,0,97.33,643428,0
5.360744,0.051666,0.000000,19.378,0.678,104,NOT_INITIALIZED,3761,0,0.0000,0,0.00,0,77.42,643428,0
5.412125,0.051381,0.000000,19.379,0.681,105,NOT_INITIALIZED,3773,0,0.0000,0,0.00,0,97.31,643428,0
5.463503,0.051378,0.000000,19.389,0.648,106,NOT_INITIALIZED,3660,0,0.0000,0,0.00,0,116.78,643428,0
5.515427,0.051924,0.000000,19.382,0.654,107,NOT_INITIALIZED,3599,0,0.0000,0,0.00,0,96.29,643428,0
5.567083,0.051656,0.000000,19.383,0.652,108,NOT_INITIALIZED,3691,0,0.0000,0,0.00,0,96.79,643428,0
5.618357,0.051274,0.000000,19.388,0.661,109,NOT_INITIALIZED,3641,0,0.0000,0,0.00,0,117.02,643736,0
5.669896,0.051538,0.000000,19.389,0.661,110,NOT_INITIALIZED,3505,0,0.0000,0,0.00,0,77.61,643736,0
5.721251,0.051355,0.000000,19.402,0.597,111,NOT_INITIALIZED,3345,0,0.0000,0,0.00,0,97.36,643736,0
5.770185,0.048934,0.029879,19.423,1.047,1,OK,1003,0,0.0000,0,100.00,0,143.05,646148,0
5.822182,0.051997,0.006720,19.417,1.062,1,OK,1002,0,0.4960,497,100.00,0,96.16,648936,0
5.873691,0.051509,0.003967,19.416,1.062,1,OK,1004,0,0.4253,427,100.00,0,77.66,649648,0
5.925722,0.052031,0.003434,19.414,1.072,1,OK,1001,0,0.4236,424,100.00,0,115.32,651276,0
5.977797,0.052074,0.003526,19.403,1.082,1,OK,1002,0,0.4870,488,100.00,0,96.02,652412,0
6.029093,0.051297,0.003720,19.407,1.085,2,OK,1005,0,0.5214,524,100.00,0,58.48,652412,0
6.080941,0.051848,0.004233,19.405,1.089,1,OK,1003,0,0.4835,485,100.00,0,96.44,653516,0
6.132536,0.051595,0.004535,19.405,1.089,2,OK,1003,0,0.5533,555,100.00,0,77.53,653868,0
6.184284,0.051748,0.004152,19.400,1.089,3,OK,1001,0,0.5335,534,100.00,0,57.97,653868,0
6.235913,0.051629,0.004085,19.402,1.085,1,OK,1004,0,0.5129,515,100.00,0,116.21,655104,0
6.287527,0.051614,0.004046,19.400,1.084,1,OK,1002,0,0.5469,548,100.00,0,116.25,656012,0
6.339179,0.051653,0.004167,19.399,1.085,2,OK,1001,0,0.5584,559,100.00,0,58.08,656012,0
6.390844,0.051664,0.004191,19.403,1.073,1,OK,1003,0,0.5523,554,100.00,0,154.85,657272,0
6.442257,0.051414,0.004333,19.402,1.072,1,OK,1004,0,0.5508,553,100.00,0,116.70,658096,0
6.493997,0.051740,0.004034,19.403,1.070,1,OK,1003,0,0.5404,542,100.00,0,115.96,658464,0
6.545498,0.051500,0.004194,19.409,1.059,2,OK,1003,0,0.5743,576,100.00,0,38.83,658816,0
6.597124,0.051626,0.004476,19.406,1.058,1,OK,1002,0,0.5669,568,100.00,0,135.59,659084,0
6.648681,0.051556,0.004589,19.402,1.053,1,OK,1001,0,0.5554,556,100.00,0,116.38,659084,0
6.700416,0.051735,0.004337,19.402,1.053,1,OK,1002,0,0.5200,521,100.00,0,135.30,659856,0
6.752454,0.052038,0.004147,19.392,1.060,2,OK,1006,0,0.5417,545,100.00,0,76.87,659912,0
6.803499,0.051045,0.004108,19.408,1.047,1,OK,1002,0,0.5489,550,100.00,0,117.54,660260,0
6.855067,0.051569,0.004168,19.405,1.045,1,OK,1002,0,0.5250,526,100.00,0,135.74,660588,0
6.906884,0.051817,0.003976,19.403,1.049,2,OK,1004,0,0.5408,543,100.00,0,57.90,660736,0
6.958314,0.051430,0.004375,19.403,1.048,1,OK,1003,0,0.5553,557,100.00,0,116.66,661508,0
7.010109,0.051795,0.004348,19.397,1.050,1,OK,1005,0,0.5473,550,100.00,0,154.46,662548,0
7.062351,0.052242,0.004111,19.393,1.069,1,OK,1001,0,0.5395,540,100.00,0,114.85,662576,0
7.113945,0.051594,0.004309,19.394,1.069,1,OK,1005,0,0.5383,541,100.00,0,116.29,663552,0
7.165711,0.051765,0.004179,19.388,1.065,2,OK,1005,0,0.5493,552,100.00,0,96.59,663732,0
7.217207,0.051496,0.004648,19.388,1.066,1,OK,1006,0,0.5348,538,100.00,0,135.93,664336,0
7.269011,0.051805,0.003814,19.383,1.065,1,OK,1004,0,0.5100,512,100.00,0,135.12,664488,0
7.320490,0.051479,0.003870,19.351,0.473,1,OK,1004,0,0.5139,516,100.00,0,135.98,664868,0
7.372135,0.051645,0.003805,19.355,0.459,2,OK,1004,0,0.5309,533,100.00,0,38.73,665220,0
7.423895,0.051760,0.004043,19.352,0.456,1,OK,1002,0,0.5140,515,100.00,0,154.56,665432,0
7.475690,0.051795,0.004727,19.355,0.440,1,OK,994,0,0.5171,514,100.00,0,135.15,666696,0
7.527177,0.051488,0.004308,19.363,0.419,1,OK,1003,0,0.5284,530,100.00,0,135.95,666892,0
7.578777,0.051600,0.003753,19.359,0.400,1,OK,988,0,0.4808,475,100.00,0,155.04,667452,0
7.630312,0.051535,0.003918,19.363,0.396,1,OK,992,0,0.4919,488,100.00,0,135.83,668484,0
7.682018,0.051706,0.003672,19.361,0.396,1,OK,1001,0,0.4585,459,100.00,0,135.38,668844,0
7.733501,0.051483,0.003858,19.365,0.399,2,OK,995,0,0.4864,484,100.00,0,58.27,669196,0
7.785323,0.051822,0.003861,19.362,0.404,1,OK,995,0,0.4583,456,100.00,0,154.38,670140,0
7.837069,0.051746,0.003908,19.361,0.405,1,OK,984,0,0.4746,467,100.00,0,154.60,670320,0
7.888789,0.051720,0.003876,19.360,0.406,2,OK,988,0,0.4221,417,100.00,0,77.34,670636,0
7.940373,0.051584,0.004028,19.361,0.406,1,OK,980,0,0.4071,399,100.00,0,135.70,670860,0
7.992037,0.051664,0.003553,19.358,0.397,1,OK,982,0,0.4460,438,100.00,0,154.85,671228,0
8.043639,0.051602,0.003859,19.359,0.397,2,OK,984,0,0.4604,453,100.00,0,77.52,671288,0
8.095349,0.051710,0.003770,19.357,0.393,1,OK,993,0,0.4401,437,100.00,0,135.37,671936,0
8.146895,0.051546,0.003636,19.358,0.395,2,OK,985,0,0.4701,463,100.00,0,58.20,672092,0
8.198571,0.051676,0.005496,19.356,0.393,3,OK,981,0,0.4638,455,100.00,0,58.05,672092,0
8.250288,0.051717,0.004408,19.356,0.393,4,OK,985,0,0.4670,460,100.00,0,77.34,672092,0
8.301733,0.051445,0.004115,19.364,0.376,1,OK,984,0,0.4380,431,100.00,0,155.51,672656,0
8.353544,0.051811,0.004043,19.354,0.312,2,OK,982,0,0.4827,474,100.00,0,57.90,672656,0
8.404924,0.051380,0.004485,19.357,0.327,1,OK,978,0,0.4611,451,100.00,0,136.24,673280,0
8.456316,0.051393,0.004154,19.362,0.335,1,OK,979,0,0.4954,485,100.00,0,175.12,674424,0
8.508097,0.051781,0.004833,19.358,0.328,2,OK,981,0,0.5127,503,100.00,0,77.25,674776,0
8.560395,0.052298,0.004706,19.351,0.394,1,OK,978,0,0.4755,465,100.00,0,152.97,674892,0
8.611720,0.051325,0.004531,19.363,0.357,2,OK,981,0,0.4873,478,100.00,0,58.45,674988,0
8.663416,0.051696,0.004064,19.361,0.357,1,OK,974,0,0.4692,457,100.00,0,154.75,674988,0
8.714852,0.051436,0.004495,19.366,0.362,2,OK,985,0,0.4934,486,100.00,0,77.77,674988,0
8.766677,0.051825,0.004082,19.361,0.363,1,OK,982,0,0.4613,453,100.00,0,154.37,675024,0
8.818482,0.051806,0.003762,19.361,0.364,1,OK,977,0,0.4637,453,100.00,0,154.42,675760,0
8.870062,0.051580,0.004074,19.360,0.359,2,OK,985,0,0.4690,462,100.00,0,77.55,676092,0
8.921734,0.051672,0.003810,19.360,0.359,1,OK,980,0,0.4276,419,100.00,0,135.47,676512,0
8.974426,0.052692,0.003700,19.348,0.508,2,OK,980,0,0.4500,441,100.00,0,75.91,676512,0
9.025379,0.050953,0.005224,19.359,0.567,1,OK,991,0,0.4289,425,100.00,0,157.01,676532,0
9.077213,0.051835,0.004791,19.354,0.567,2,OK,997,0,0.4343,433,100.00,0,77.17,676532,0
9.128869,0.051656,0.003918,19.354,0.566,1,OK,997,0,0.4022,401,100.00,0,135.51,676736,0
9.180805,0.051936,0.003500,19.349,0.571,2,OK,993,0,0.4481,445,100.00,0,77.02,676736,0
9.232478,0.051673,0.004016,19.349,0.571,1,OK,1003,0,0.4098,411,100.00,0,154.82,677644,0
9.285108,0.052631,0.003701,19.335,0.654,1,OK,1002,0,0.4401,441,100.00,0,152.00,678708,0
9.335702,0.050593,0.003603,19.350,0.761,1,OK,1005,0,0.4080,410,100.00,0,158.12,679204,0
9.387429,0.051727,0.003624,19.350,0.761,2,OK,1003,0,0.4257,427,100.00,0,77.33,679380,0
9.439295,0.051866,0.003975,19.349,0.763,1,OK,1000,0,0.3920,392,100.00,0,154.25,679896,0
9.490987,0.051692,0.004568,19.347,0.762,2,OK,1005,0,0.3881,390,100.00,0,77.38,680040,0
9.542592,0.051606,0.004431,19.348,0.763,1,OK,1005,0,0.3751,377,100.00,0,174.40,680448,0
9.594213,0.051620,0.003612,19.348,0.763,2,OK,1007,0,0.3942,397,100.00,0,58.12,680592,0
9.646290,0.052078,0.003870,19.343,0.775,1,OK,1005,0,0.3950,397,100.00,0,172.82,681492,0
9.698494,0.052203,0.003781,19.335,0.792,2,OK,1006,0,0.4115,414,100.00,0,95.78,681492,0
9.749723,0.051229,0.004765,19.340,0.810,1,OK,1008,0,0.3800,383,100.00,0,136.64,681924,0
9.801659,0.051936,0.005963,19.338,0.814,2,OK,1004,0,0.4442,446,100.00,0,134.78,681956,0
9.853157,0.051498,0.003762,19.337,0.812,1,OK,1009,0,0.4133,417,100.00,0,155.35,682788,0
9.904794,0.051637,0.003830,19.339,0.812,2,OK,1005,0,0.4050,407,100.00,0,77.46,682916,0
9.956685,0.051891,0.003890,19.333,0.805,1,OK,1007,0,0.3833,386,100.00,0,154.17,684020,0
10.008430,0.051746,0.004561,19.328,0.796,2,OK,1005,0,0.3741,376,100.00,0,96.63,684404,0
10.060243,0.051813,0.004089,19.328,0.796,1,OK,1007,0,0.3823,385,100.00,0,154.40,685364,0
10.112080,0.051837,0.003860,19.334,0.772,2,OK,1006,0,0.3857,388,100.00,0,96.46,685364,0
10.164246,0.052167,0.003621,19.323,0.772,1,OK,1009,0,0.3617,365,100.00,0,153.35,685644,0
10.215758,0.051512,0.004362,19.326,0.777,2,OK,1006,0,0.3777,380,100.00,0,97.07,685860,0
10.267326,0.051569,0.003616,19.324,0.771,1,OK,1009,0,0.3627,366,100.00,0,155.13,687128,0
10.319370,0.052044,0.003633,19.321,0.778,2,OK,1009,0,0.3766,380,100.00,0,115.29,687480,0
10.371158,0.051788,0.003929,19.321,0.778,1,OK,1008,0,0.3571,360,100.00,0,154.48,687728,0
10.422891,0.051733,0.004473,19.320,0.775,2,OK,1010,0,0.3693,373,100.00,0,115.98,687796,0
10.474821,0.051930,0.004254,19.316,0.776,1,OK,1009,0,0.3598,363,100.00,0,154.05,688696,0
10.526433,0.051612,0.004108,19.330,0.704,2,OK,1005,0,0.3602,362,100.00,0,116.25,688900,0
10.578725,0.052292,0.003915,19.313,0.671,1,OK,1009,0,0.3568,360,100.00,0,152.99,689252,0
10.629860,0.051135,0.003992,19.322,0.707,2,OK,1009,0,0.3548,358,100.00,0,117.34,689632,0
10.681825,0.051965,0.003558,19.318,0.710,1,OK,1002,0,0.3663,367,100.00,0,134.71,690508,0
10.734332,0.052507,0.003952,19.311,0.753,2,OK,1006,0,0.3817,384,100.00,0,114.27,690540,0
10.785371,0.051039,0.004776,19.319,0.796,1,OK,1008,0,0.3661,369,100.00,0,156.74,691488,0
10.837409,0.052038,0.003698,19.326,0.740,2,OK,1004,0,0.3914,393,100.00,0,153.73,691548,0
10.889862,0.052453,0.004074,19.303,0.656,1,OK,1008,0,0.3740,377,100.00,0,152.52,691796,0
10.940630,0.050768,0.005027,19.315,0.749,2,OK,1006,0,0.4284,431,100.00,0,118.18,691796,0
10.993001,0.052370,0.004295,19.309,0.776,1,OK,1007,0,0.3982,401,100.00,0,152.76,692184,0
11.045090,0.052089,0.005438,19.304,0.782,2,OK,1004,0,0.4293,431,100.00,0,134.38,692532,0
11.096850,0.051760,0.004180,19.302,0.779,3,OK,1008,0,0.4325,436,100.00,0,77.28,692532,0
11.148813,0.051962,0.004817,19.298,0.777,4,OK,1006,0,0.4344,437,100.00,0,57.73,692708,0
11.200585,0.051772,0.004634,19.301,0.772,1,OK,1006,0,0.4076,410,100.00,0,173.84,693800,0
11.252241,0.051656,0.004306,19.308,0.761,2,OK,1005,0,0.4328,435,100.00,0,135.51,693864,0
11.304206,0.051965,0.004317,19.299,0.735,1,OK,1005,0,0.4289,431,100.00,0,153.95,695148,0
11.356148,0.051942,0.004886,19.299,0.735,2,OK,1009,0,0.4381,442,100.00,0,154.02,695324,0
11.408014,0.051866,0.004664,19.294,0.726,1,OK,1003,0,0.4407,442,100.00,0,134.96,696236,0
11.459551,0.051537,0.004866,19.296,0.730,2,OK,1006,0,0.4473,450,100.00,0,174.63,696412,0
11.511712,0.052161,0.005084,19.292,0.739,1,OK,1006,0,0.4423,445,100.00,0,153.37,696708,0
11.563732,0.052020,0.004780,19.289,0.741,2,OK,1005,0,0.4826,485,100.00,0,134.56,696980,0
11.615068,0.051336,0.004443,19.295,0.762,3,OK,1005,0,0.4925,495,100.00,0,58.44,696984,0
11.667305,0.052237,0.004538,19.290,0.775,4,OK,1009,0,0.4599,464,100.00,0,76.57,697224,0
11.719010,0.051705,0.004635,19.296,0.767,1,OK,1007,0,0.4280,431,100.00,0,174.06,697224,0
11.770920,0.051910,0.005181,19.291,0.759,2,OK,1007,0,0.4588,462,100.00,0,134.85,698324,0
11.822985,0.052065,0.005171,19.284,0.757,1,OK,1006,0,0.4463,449,100.00,0,153.66,698324,0
11.874588,0.051603,0.004911,19.290,0.759,2,OK,1007,0,0.4608,464,100.00,0,135.65,698396,0
11.926834,0.052245,0.005538,19.284,0.771,1,OK,1005,0,0.4418,444,100.00,0,153.12,698544,0
11.978334,0.051500,0.004716,19.287,0.780,2,OK,1008,0,0.4573,461,100.00,0,135.92,696356,0
12.030266,0.051932,0.004412,19.287,0.780,1,OK,1007,0,0.4449,448,100.00,0,154.05,698296,0
12.081954,0.051688,0.005095,19.286,0.777,2,OK,1006,0,0.4583,461,100.00,0,135.43,698328,0
12.134230,0.052276,0.005074,19.286,0.776,1,OK,1005,0,0.4378,440,100.00,0,172.16,698836,0
12.185734,0.051504,0.004708,19.282,0.744,2,OK,1005,0,0.4667,469,100.00,0,135.91,700108,0
12.238243,0.052508,0.004720,19.275,0.776,1,OK,1005,0,0.4458,448,100.00,0,152.36,700256,0
12.290351,0.052108,0.005802,19.280,0.748,2,OK,1008,0,0.4563,460,100.00,0,153.53,700812,0
12.342348,0.051997,0.004885,19.268,0.687,1,OK,1007,0,0.4340,437,100.00,0,173.09,701160,0
12.394032,0.051684,0.004802,19.272,0.689,2,OK,1005,0,0.4557,458,100.00,0,154.79,701392,0
12.445712,0.051681,0.004186,19.282,0.662,1,OK,1006,0,0.4513,454,100.00,0,154.80,701468,0
12.497743,0.052031,0.004510,19.266,0.536,2,OK,1009,0,0.4509,455,100.00,0,153.75,699804,0
12.549296,0.051553,0.004040,19.277,0.522,1,OK,1004,0,0.4213,423,100.00,0,174.58,701376,0
12.601409,0.052113,0.004538,19.276,0.524,2,OK,1006,0,0.4483,451,100.00,0,153.51,701376,0
12.652595,0.051186,0.004262,19.283,0.575,3,OK,1009,0,0.4252,429,100.00,0,78.15,701376,0
12.704263,0.051667,0.004456,19.287,0.578,1,OK,1006,0,0.4085,411,100.00,0,154.84,701716,0
12.755955,0.051692,0.004885,19.288,0.580,2,OK,1003,0,0.4546,456,100.00,0,135.42,701828,0
12.808148,0.052193,0.005437,19.281,0.587,3,OK,1005,0,0.4478,450,100.00,0,76.64,701832,0
12.859984,0.051836,0.005429,19.283,0.586,1,OK,1004,0,0.4233,425,100.00,0,135.04,702420,0
12.912431,0.052447,0.005261,19.277,0.620,2,OK,1006,0,0.4563,459,100.00,0,152.54,702420,0
12.963959,0.051529,0.004681,19.281,0.632,1,OK,1009,0,0.4371,441,100.00,0,155.25,702420,0
13.016319,0.052360,0.004587,19.271,0.643,2,OK,1008,0,0.4355,439,100.00,0,152.79,702792,0
13.067239,0.050920,0.004482,19.286,0.718,1,OK,1003,0,0.4317,433,100.00,0,137.47,702796,0
13.119094,0.051854,0.004365,19.288,0.715,2,OK,1006,0,0.4642,467,100.00,0,154.28,703360,0
13.170691,0.051597,0.004887,19.285,0.698,1,OK,1008,0,0.4454,449,100.00,0,155.05,703712,0
13.222559,0.051868,0.004551,19.289,0.684,2,OK,1004,0,0.4382,440,100.00,0,154.24,702216,0
13.275580,0.053021,0.004493,19.273,0.794,1,OK,1009,0,0.4480,452,100.00,0,150.88,702384,0
13.326366,0.050785,0.005584,19.287,0.881,2,OK,1006,0,0.4702,473,100.00,0,177.22,703396,0
13.377713,0.051348,0.004725,19.296,0.894,3,OK,1004,0,0.4612,463,100.00,0,116.85,702404,0
13.429594,0.051881,0.004423,19.293,0.891,1,OK,1005,0,0.4468,449,100.00,0,134.92,702516,0
13.481375,0.051781,0.004711,19.298,0.879,2,OK,1005,0,0.4607,463,100.00,0,173.81,702188,0
13.533045,0.051670,0.003866,19.296,0.873,1,OK,1009,0,0.4222,426,100.00,0,154.83,703724,0
13.585026,0.051981,0.004688,19.296,0.874,2,OK,1003,0,0.4566,458,100.00,0,173.14,702640,0
13.637077,0.052051,0.003917,19.291,0.876,1,OK,1005,0,0.4368,439,100.00,0,153.69,704744,0
13.688745,0.051668,0.004436,19.299,0.864,2,OK,1006,0,0.4791,482,100.00,0,135.48,703244,0
13.740423,0.051678,0.004413,19.296,0.858,1,OK,1005,0,0.4507,453,100.00,0,174.15,705016,0
13.792306,0.051883,0.004449,19.304,0.823,2,OK,1007,0,0.4568,460,100.00,0,154.19,703508,0
13.844085,0.051779,0.004662,19.308,0.816,1,OK,1008,0,0.4494,453,100.00,0,154.50,704828,0
13.895672,0.051587,0.004503,19.313,0.815,2,OK,1011,0,0.4491,454,100.00,0,155.08,703564,0
13.947470,0.051797,0.004118,19.312,0.815,1,OK,1006,0,0.4225,425,100.00,0,154.45,704260,0
14.000689,0.053219,0.004302,19.293,0.953,2,OK,1004,0,0.4213,423,100.00,0,150.32,703860,0
14.051288,0.050600,0.005060,19.311,1.042,1,OK,1005,0,0.3891,391,100.00,0,158.10,704096,0
14.102939,0.051650,0.005178,19.309,1.039,2,OK,1008,0,0.4077,411,100.00,0,135.53,704048,0
14.154677,0.051738,0.004067,19.314,1.033,3,OK,1003,0,0.4187,420,100.00,0,77.31,704400,0
14.206316,0.051639,0.004115,19.308,1.012,1,OK,1012,0,0.4209,426,100.00,0,135.56,704816,0
14.258079,0.051764,0.004455,19.307,1.011,2,OK,1007,0,0.4389,442,100.00,0,154.55,704524,0
14.310121,0.052042,0.004404,19.303,1.014,1,OK,1008,0,0.4147,418,100.00,0,134.51,704544,0
14.363379,0.053258,0.004352,19.290,1.125,2,OK,1006,0,0.4195,422,100.00,0,150.21,704528,0
14.413622,0.050243,0.003999,19.310,1.255,1,OK,1007,0,0.3823,385,100.00,0,159.23,704992,0
14.465256,0.051634,0.003832,19.320,1.234,2,OK,1010,0,0.4030,407,100.00,0,116.20,704732,0
14.517145,0.051888,0.003834,19.315,1.232,1,OK,1004,0,0.3934,395,100.00,0,154.18,705212,0
14.568709,0.051565,0.003739,19.325,1.216,2,OK,1007,0,0.4042,407,100.00,0,116.36,704900,0
14.620320,0.051610,0.003955,19.316,1.180,1,OK,1005,0,0.3891,391,100.00,0,174.38,705748,0
14.672114,0.051794,0.004013,19.317,1.180,2,OK,1004,0,0.4024,404,100.00,0,135.15,705360,0
14.723848,0.051734,0.005289,19.315,1.178,1,OK,1008,0,0.3839,387,100.00,0,135.31,706208,0
14.775629,0.051781,0.004430,19.317,1.178,2,OK,1008,0,0.4157,419,100.00,0,115.87,705464,0
14.827289,0.051660,0.004411,19.334,1.090,3,OK,1005,0,0.4020,404,100.00,0,58.07,705820,0
14.879072,0.051784,0.004125,19.321,1.036,1,OK,1006,0,0.3857,388,100.00,0,154.49,707096,0
14.930630,0.051557,0.004141,19.318,1.028,2,OK,1006,0,0.4324,435,100.00,0,116.38,705592,0
14.982500,0.051870,0.003934,19.319,1.028,1,OK,1004,0,0.4064,408,100.00,0,154.23,707520,0
15.034516,0.052017,0.004080,19.316,1.031,2,OK,1003,0,0.4257,427,100.00,0,153.80,707520,0
15.086245,0.051729,0.003870,19.315,1.031,1,OK,1005,0,0.3990,401,100.00,0,154.65,707668,0
15.138270,0.052025,0.004378,19.314,1.032,2,OK,1012,0,0.3992,404,100.00,0,134.55,707832,0
15.190144,0.051874,0.005423,19.317,1.028,1,OK,1005,0,0.3612,363,100.00,0,154.22,708176,0
15.242308,0.052164,0.004576,19.310,1.036,2,OK,1006,0,0.3678,370,100.00,0,134.19,708176,0
15.294373,0.052065,0.003696,19.306,1.039,1,OK,1009,0,0.3657,369,100.00,0,134.45,708356,0
15.346103,0.051730,0.003542,19.308,1.039,2,OK,1002,0,0.3703,371,100.00,0,135.32,708452,0
15.398114,0.052011,0.003536,19.305,1.042,1,OK,1011,0,0.3492,353,100.00,0,173.04,708872,0
15.449767,0.051653,0.003713,19.304,1.040,2,OK,1005,0,0.3602,362,100.00,0,135.52,709364,0
15.502201,0.052434,0.003433,19.296,1.063,1,OK,1004,0,0.3616,363,100.00,0,133.50,709596,0
15.553586,0.051385,0.003633,19.319,0.949,2,OK,1004,0,0.3725,374,100.00,0,155.69,709844,0
15.606009,0.052423,0.003571,19.296,0.877,1,OK,1008,0,0.3591,362,100.00,0,133.53,709864,0
15.657349,0.051341,0.005304,19.300,0.892,2,OK,1007,0,0.3764,379,100.00,0,155.82,709900,0
15.709464,0.052115,0.004001,19.295,0.897,1,OK,1009,0,0.3627,366,100.00,0,153.51,711276,0
15.761338,0.051875,0.004137,19.292,0.895,2,OK,1005,0,0.3900,392,100.00,0,154.22,711460,0
15.812867,0.051529,0.005000,19.295,0.901,3,OK,1004,0,0.3675,369,100.00,0,58.22,711512,0
15.864660,0.051793,0.004442,19.298,0.898,4,OK,1005,0,0.3711,373,100.00,0,57.92,711660,0
15.916750,0.052090,0.004123,19.313,0.743,5,OK,1006,0,0.3668,369,100.00,0,76.79,711660,0
15.969914,0.053164,0.003951,19.277,0.679,1,OK,1008,0,0.3542,357,100.00,0,150.48,712356,0
16.020673,0.050759,0.004129,19.287,0.778,2,OK,1010,0,0.3802,384,100.00,0,177.31,710860,0
16.072456,0.051783,0.003512,19.289,0.778,3,OK,1004,0,0.3705,372,100.00,0,57.93,711212,0
16.124466,0.052010,0.004234,19.283,0.774,1,OK,1010,0,0.3624,366,100.00,0,173.04,712240,0
16.175706,0.051240,0.004632,19.288,0.799,2,OK,1006,0,0.3907,393,100.00,0,136.61,711336,0
16.227750,0.052044,0.004585,19.285,0.801,1,OK,1007,0,0.3774,380,100.00,0,153.72,713168,0
16.279782,0.052032,0.003826,19.281,0.802,2,OK,1010,0,0.3921,396,100.00,0,134.53,711860,0
16.331532,0.051750,0.003944,19.281,0.803,1,OK,1004,0,0.3855,387,100.00,0,154.59,713352,0
16.383607,0.052075,0.003876,19.276,0.802,2,OK,1005,0,0.3950,397,100.00,0,153.62,712568,0
16.435527,0.051920,0.004199,19.275,0.802,3,OK,1005,0,0.4100,412,100.00,0,77.04,712644,0
16.487199,0.051672,0.003916,19.273,0.797,1,OK,1002,0,0.3952,396,100.00,0,154.82,712944,0
16.538882,0.051682,0.003903,19.275,0.800,2,OK,1004,0,0.3894,391,100.00,0,154.79,714796,0
16.591695,0.052813,0.004214,19.266,0.862,1,OK,1006,0,0.3738,376,100.00,0,151.48,715296,0
16.643026,0.051331,0.004929,19.271,0.883,2,OK,1009,0,0.3865,390,100.00,0,175.33,715296,0
16.695284,0.052258,0.003647,19.268,0.891,1,OK,1005,0,0.3861,388,100.00,0,153.09,715812,0
16.746899,0.051615,0.003809,19.271,0.896,2,OK,1006,0,0.4006,403,100.00,0,154.99,715960,0
16.798880,0.051981,0.003449,19.273,0.892,1,OK,1005,0,0.3950,397,100.00,0,153.90,716480,0
16.850878,0.051998,0.003734,19.274,0.890,2,OK,1003,0,0.4068,408,100.00,0,153.85,716556,0
16.902728,0.051849,0.003645,19.272,0.889,1,OK,1008,0,0.3978,401,100.00,0,154.29,717280,0
16.955117,0.052390,0.003861,19.268,0.904,2,OK,1004,0,0.4323,434,100.00,0,171.79,716748,0
17.007152,0.052035,0.004146,19.263,0.901,3,OK,1004,0,0.4173,419,100.00,0,76.87,716836,0
17.059117,0.051965,0.005135,19.269,0.882,1,OK,1008,0,0.4087,412,100.00,0,153.95,717004,0
17.110945,0.051828,0.004304,19.263,0.863,2,OK,1006,0,0.4433,446,100.00,0,173.65,718416,0
17.163129,0.052184,0.004911,19.266,0.849,3,OK,1008,0,0.4177,421,100.00,0,95.81,717540,0
17.216433,0.053304,0.004521,19.242,0.952,1,OK,1006,0,0.4165,419,100.00,0,150.08,717576,0
17.267041,0.050608,0.004291,19.261,1.061,2,OK,1006,0,0.4801,483,100.00,0,177.84,717568,0
17.318685,0.051645,0.004173,19.264,1.065,3,OK,1005,0,0.4687,471,100.00,0,77.45,717712,0
17.370724,0.052038,0.004478,19.257,1.057,4,OK,1007,0,0.4508,454,100.00,0,76.87,717856,0
17.422420,0.051697,0.003964,19.258,1.059,5,OK,1004,0,0.4631,465,100.00,0,58.03,717856,0
17.474642,0.052221,0.004960,19.257,1.062,1,OK,1006,0,0.4573,460,100.00,0,153.19,717936,0
17.526732,0.052091,0.005036,19.270,0.969,2,OK,1009,0,0.4648,469,100.00,0,172.78,719676,0
17.579491,0.052758,0.004588,19.245,0.924,1,OK,1009,0,0.4420,446,100.00,0,151.64,719844,0
17.630346,0.050856,0.005177,19.257,0.999,2,OK,1007,0,0.4578,461,100.00,0,176.97,720248,0
17.682177,0.051830,0.003837,19.259,1.000,3,OK,1003,0,0.4487,450,100.00,0,57.88,720468,0
17.734231,0.052055,0.004115,19.249,0.969,1,OK,1004,0,0.4353,437,100.00,0,172.90,720504,0
17.786819,0.052588,0.004572,19.242,0.993,2,OK,1004,0,0.4622,464,100.00,0,152.13,721044,0
17.838275,0.051455,0.005651,19.249,1.009,1,OK,1010,0,0.4366,441,100.00,0,136.04,721364,0
17.890473,0.052198,0.005439,19.244,1.010,2,OK,1006,0,0.4463,449,100.00,0,172.42,723636,0
17.942290,0.051817,0.004497,19.247,1.010,3,OK,1007,0,0.4260,429,100.00,0,77.19,723636,0
17.993833,0.051544,0.005303,19.252,1.021,1,OK,1005,0,0.4388,441,100.00,0,174.61,723944,0
18.045808,0.051974,0.004386,19.248,1.016,2,OK,1002,0,0.4401,441,100.00,0,153.92,724004,0
18.097647,0.051839,0.006564,19.246,1.012,3,OK,1003,0,0.4377,439,100.00,0,96.45,724156,0
18.149261,0.051614,0.003932,19.261,0.972,1,OK,1010,0,0.4109,415,100.00,0,155.00,724164,0
18.201265,0.052003,0.003859,19.253,0.948,2,OK,1003,0,0.4217,423,100.00,0,192.30,724560,0
18.252829,0.051564,0.004342,19.261,0.951,3,OK,1005,0,0.4269,429,100.00,0,77.57,724708,0
18.304566,0.051737,0.004161,19.260,0.947,1,OK,1006,0,0.4056,408,100.00,0,173.96,724716,0
18.356287,0.051721,0.005143,19.263,0.949,2,OK,1005,0,0.4259,428,100.00,0,154.68,724880,0
18.408479,0.052192,0.004483,19.260,0.953,1,OK,1003,0,0.4148,416,100.00,0,153.28,725440,0
18.460856,0.052377,0.005366,19.254,0.966,2,OK,1005,0,0.4388,441,100.00,0,190.92,725112,0
18.512632,0.051776,0.005147,19.261,0.954,3,OK,1003,0,0.4227,424,100.00,0,77.26,725364,0
18.564797,0.052165,0.004607,19.260,0.957,1,OK,1010,0,0.4119,416,100.00,0,172.53,725420,0
18.617046,0.052249,0.004258,19.256,0.963,2,OK,1005,0,0.4249,427,100.00,0,172.25,725404,0
18.668778,0.051732,0.003743,19.258,0.965,3,OK,1002,0,0.4082,409,100.00,0,77.32,725484,0
18.720768,0.051990,0.003767,19.260,0.961,1,OK,1008,0,0.4028,406,100.00,0,153.88,725660,0
18.772870,0.052102,0.003990,19.275,0.829,2,OK,1005,0,0.4229,425,100.00,0,153.54,726280,0
18.824538,0.051668,0.005196,19.262,0.697,3,OK,1010,0,0.4079,412,100.00,0,116.13,726120,0
18.877015,0.052477,0.004459,19.251,0.716,1,OK,1008,0,0.3869,390,100.00,0,171.50,726136,0
18.928765,0.051750,0.003693,19.255,0.718,2,OK,1006,0,0.3946,397,100.00,0,154.59,726120,0
18.981022,0.052257,0.003714,19.248,0.721,3,OK,1005,0,0.3861,388,100.00,0,76.54,726508,0
19.033349,0.052326,0.004349,19.247,0.727,1,OK,1007,0,0.3784,381,100.00,0,172.00,726552,0
19.084561,0.051213,0.003808,19.258,0.769,2,OK,1008,0,0.3938,397,100.00,0,156.21,726540,0
19.136753,0.052191,0.003668,19.265,0.717,3,OK,1007,0,0.3932,396,100.00,0,95.80,726548,0
19.188343,0.051591,0.003763,19.255,0.622,1,OK,1004,0,0.3825,384,100.00,0,155.07,726740,0
19.240392,0.052049,0.004132,19.253,0.622,2,OK,1007,0,0.4022,405,100.00,0,172.91,727244,0
19.292399,0.052006,0.003891,19.253,0.621,3,OK,1008,0,0.3690,372,100.00,0,76.91,727244,0
19.344283,0.051885,0.003597,19.262,0.577,1,OK,1009,0,0.3419,345,100.00,0,154.19,727284,0
19.396163,0.051880,0.003949,19.257,0.553,2,OK,1006,0,0.3966,399,100.00,0,173.48,727684,0
19.447978,0.051814,0.006065,19.262,0.546,3,OK,1008,0,0.3681,371,100.00,0,96.50,727692,0
19.499992,0.052014,0.004089,19.259,0.546,1,OK,1005,0,0.3682,370,100.00,0,153.80,727732,0
19.551987,0.051995,0.003674,19.254,0.529,2,OK,1006,0,0.4026,405,100.00,0,153.86,728032,0
19.606062,0.054074,0.003898,19.228,0.907,3,OK,1007,0,0.3923,395,100.00,0,147.95,727952,0
19.656231,0.050169,0.004830,19.248,1.108,1,OK,1006,0,0.3787,381,100.00,0,139.53,727992,0
19.708458,0.052227,0.004501,19.241,1.104,2,OK,1007,0,0.4250,428,100.00,0,172.32,728008,0
19.760138,0.051680,0.004280,19.245,1.109,3,OK,1007,0,0.4230,426,100.00,0,96.75,728016,0
19.811898,0.051760,0.003836,19.242,1.102,4,OK,1004,0,0.4203,422,100.00,0,38.64,728220,0
19.863860,0.051962,0.003749,19.239,1.099,1,OK,1004,0,0.3944,396,100.00,0,173.20,728580,0
19.915620,0.051761,0.003730,19.239,1.098,2,OK,1003,0,0.4118,413,100.00,0,154.56,729352,0
19.967298,0.051678,0.003931,19.245,1.100,3,OK,1005,0,0.3980,400,100.00,0,77.40,729352,0
20.018952,0.051653,0.003701,19.254,1.095,1,OK,1004,0,0.3745,376,100.00,0,154.88,729696,0
20.070712,0.051760,0.003935,19.254,1.096,2,OK,1003,0,0.3649,366,100.00,0,154.56,729572,0
20.122398,0.051686,0.004037,19.260,1.096,3,OK,1003,0,0.3739,375,100.00,0,96.74,729600,0
20.174087,0.051689,0.004217,19.267,1.093,1,OK,1003,0,0.3549,356,100.00,0,154.77,729984,0
20.226382,0.052295,0.004239,19.260,1.099,2,OK,1004,0,0.3675,369,100.00,0,152.98,731212,0
20.277946,0.051564,0.004279,19.266,1.106,3,OK,1005,0,0.3612,363,100.00,0,116.36,729628,0
20.329761,0.051815,0.003949,19.269,1.104,1,OK,1004,0,0.3486,350,100.00,0,173.69,729992,0
20.381369,0.051608,0.006305,19.270,1.106,2,OK,1009,0,0.3776,381,100.00,0,155.01,732168,0
20.433273,0.051904,0.004362,19.277,1.087,3,OK,1007,0,0.3684,371,100.00,0,115.60,732200,0
20.484885,0.051612,0.003914,19.279,1.090,1,OK,1003,0,0.3480,349,100.00,0,155.00,732364,0
20.536542,0.051656,0.004153,19.286,1.084,2,OK,1004,0,0.3586,360,100.00,0,154.87,733600,0
20.588951,0.052410,0.003904,19.285,1.088,3,OK,1005,0,0.3552,357,100.00,0,114.48,731748,0
20.641209,0.052258,0.005289,19.272,1.071,1,OK,1008,0,0.3353,338,100.00,0,153.09,732724,0
20.692617,0.051408,0.005053,19.282,1.079,2,OK,1010,0,0.3634,367,100.00,0,155.62,733936,0
20.744913,0.052296,0.004981,19.273,1.084,3,OK,1008,0,0.3472,350,100.00,0,152.98,733096,0
20.796533,0.051619,0.004013,19.278,1.086,1,OK,1004,0,0.3426,344,100.00,0,154.98,733956,0
20.848361,0.051828,0.003897,19.281,1.085,2,OK,1006,0,0.3817,384,100.00,0,135.06,736596,0
20.900290,0.051929,0.003810,19.280,1.086,3,OK,1001,0,0.3397,340,100.00,0,173.31,736036,0
20.951899,0.051610,0.003531,19.283,1.089,1,OK,1004,0,0.3396,341,100.00,0,135.63,736676,0
21.003556,0.051657,0.003914,19.285,1.092,2,OK,1003,0,0.3709,372,100.00,0,174.23,739780,0
21.055197,0.051640,0.004281,19.290,1.093,3,OK,1004,0,0.3665,368,100.00,0,135.55,735292,0
21.107329,0.052132,0.003886,19.288,1.096,1,OK,1004,0,0.3616,363,100.00,0,153.46,735584,0
21.159850,0.052521,0.004309,19.308,0.796,2,OK,1004,0,0.3974,399,100.00,0,171.36,739192,0
21.211943,0.052093,0.004812,19.284,0.548,3,OK,1004,0,0.3845,386,100.00,0,134.38,736476,0
21.263528,0.051584,0.003931,19.292,0.540,1,OK,1008,0,0.3790,382,100.00,0,155.09,736584,0
21.315363,0.051836,0.004144,19.290,0.537,2,OK,1006,0,0.4135,416,100.00,0,173.63,740300,0
21.367397,0.052034,0.004320,19.286,0.540,3,OK,1007,0,0.4052,408,100.00,0,134.53,740324,0
21.419282,0.051885,0.004112,19.287,0.539,1,OK,1008,0,0.4018,405,100.00,0,154.19,741032,0
21.470993,0.051711,0.004409,19.288,0.540,2,OK,1005,0,0.4328,435,100.00,0,174.04,744392,0
21.522660,0.051666,0.005229,19.288,0.540,3,OK,1007,0,0.4181,421,100.00,0,174.20,741876,0
21.574189,0.051530,0.004856,19.290,0.548,1,OK,1005,0,0.4299,432,100.00,0,135.84,742088,0
21.626488,0.052299,0.004596,19.283,0.569,2,OK,1005,0,0.4219,424,100.00,0,172.09,744832,0
21.677965,0.051477,0.004409,19.286,0.581,3,OK,1004,0,0.4054,407,100.00,0,135.98,743104,0
21.729471,0.051506,0.003895,19.288,0.591,1,OK,1004,0,0.3974,399,100.00,0,174.74,743192,0
21.781230,0.051758,0.004039,19.294,0.570,2,OK,1002,0,0.4202,421,100.00,0,154.56,743544,0
21.832810,0.051581,0.004239,19.294,0.569,3,OK,1002,0,0.4032,404,100.00,0,155.10,743572,0
21.884723,0.051913,0.003838,19.293,0.569,1,OK,1005,0,0.3891,391,100.00,0,154.10,743588,0
21.937056,0.052333,0.003946,19.284,0.589,2,OK,1005,0,0.4219,424,100.00,0,171.97,744380,0
21.989337,0.052281,0.004488,19.279,0.607,3,OK,1003,0,0.4197,421,100.00,0,153.02,742624,0
22.040577,0.051240,0.004193,19.284,0.639,4,OK,1002,0,0.4301,431,100.00,0,58.55,742624,0
22.092400,0.051823,0.004955,19.282,0.635,5,OK,1004,0,0.4114,413,100.00,0,57.89,742624,0
22.144488,0.052088,0.004334,19.286,0.610,1,OK,1005,0,0.3881,390,100.00,0,153.59,742664,0
22.196211,0.051724,0.004426,19.293,0.594,2,OK,1002,0,0.4411,442,100.00,0,174.00,743548,0
22.247949,0.051737,0.004536,19.288,0.575,3,OK,1001,0,0.4136,414,100.00,0,173.96,742856,0
22.299710,0.051762,0.004102,19.295,0.553,4,OK,1005,0,0.3900,392,100.00,0,57.96,742860,0
22.351632,0.051922,0.004126,19.291,0.548,1,OK,1001,0,0.3756,376,100.00,0,173.34,743492,0
22.404091,0.052458,0.004251,19.284,0.589,2,OK,1006,0,0.4314,434,100.00,0,152.50,745216,0
22.455638,0.051547,0.006878,19.288,0.598,3,OK,1007,0,0.4091,412,100.00,0,174.60,744420,0
22.507397,0.051759,0.005278,19.286,0.593,4,OK,1004,0,0.3914,393,100.00,0,115.92,744652,0
22.559251,0.051854,0.004855,19.284,0.589,1,OK,1001,0,0.3766,377,100.00,0,154.28,745248,0
22.611742,0.052491,0.004242,19.273,0.622,2,OK,1002,0,0.4281,429,100.00,0,171.46,746652,0
22.663164,0.051422,0.004805,19.282,0.636,3,OK,1001,0,0.4226,423,100.00,0,155.58,746420,0
22.715010,0.051846,0.004441,19.291,0.591,4,OK,1003,0,0.4227,424,100.00,0,115.73,746428,0
22.767152,0.052142,0.004203,19.290,0.594,1,OK,1006,0,0.3907,393,100.00,0,172.61,746668,0
22.819410,0.052258,0.005266,19.282,0.603,2,OK,1005,0,0.4189,421,100.00,0,153.09,746968,0
22.870484,0.051075,0.006877,19.291,0.662,3,OK,1002,0,0.4381,439,100.00,0,176.21,746740,0
22.922112,0.051628,0.006771,19.296,0.663,4,OK,1000,0,0.4310,431,100.00,0,96.85,746740,0
22.973995,0.051883,0.005742,19.296,0.663,5,OK,1002,0,0.4251,426,100.00,0,77.10,746740,0
23.026078,0.052083,0.005223,19.292,0.667,1,OK,1002,0,0.4062,407,100.00,0,153.60,747016,0
23.077954,0.051876,0.005465,19.289,0.664,2,OK,1002,0,0.4162,417,100.00,0,173.49,747516,0
23.129887,0.051933,0.005059,19.284,0.655,3,OK,1000,0,0.3960,396,100.00,0,173.30,747444,0
23.181711,0.051824,0.004491,19.290,0.636,4,OK,1005,0,0.3711,373,100.00,0,96.48,747444,0
23.233583,0.051872,0.004120,19.285,0.622,1,OK,1003,0,0.3829,384,100.00,0,154.23,747676,0
23.285206,0.051623,0.005000,19.283,0.615,2,OK,1001,0,0.3856,386,100.00,0,174.34,748784,0
23.337077,0.051871,0.004647,19.282,0.614,3,OK,1002,0,0.3723,373,100.00,0,154.23,746436,0
23.389023,0.051946,0.004579,19.278,0.606,1,OK,1005,0,0.3831,385,100.00,0,154.01,746952,0
23.440982,0.051959,0.004928,19.277,0.607,2,OK,1000,0,0.4070,407,100.00,0,173.21,749164,0
23.493925,0.052943,0.005495,19.269,0.694,3,OK,1003,0,0.3858,387,100.00,0,169.99,749168,0
23.544986,0.051061,0.006635,19.285,0.738,4,OK,1000,0,0.4000,400,100.00,0,117.51,748852,0
23.596705,0.051719,0.004905,19.279,0.706,1,OK,1003,0,0.3749,376,100.00,0,154.68,749336,0
23.648848,0.052143,0.004764,19.275,0.712,2,OK,1003,0,0.4048,406,100.00,0,172.60,751424,0
23.700809,0.051960,0.004515,19.276,0.709,3,OK,1006,0,0.3827,385,100.00,0,153.96,750948,0
23.752978,0.052169,0.004357,19.271,0.713,4,OK,1001,0,0.3926,393,100.00,0,134.18,750948,0
23.804816,0.051838,0.004134,19.269,0.711,1,OK,1004,0,0.3406,342,100.00,0,135.04,751468,0
23.856804,0.051988,0.005488,19.267,0.710,2,OK,1004,0,0.3426,344,100.00,0,173.12,754664,0
23.909124,0.052320,0.005201,19.262,0.725,3,OK,1005,0,0.3164,318,100.00,0,152.91,754812,0
23.961024,0.051900,0.005067,19.269,0.698,4,OK,1007,0,0.3039,306,100.00,0,173.41,754292,0
24.012920,0.051896,0.003968,19.264,0.687,5,OK,1006,0,0.3072,309,100.00,0,77.08,754292,0
24.064942,0.052022,0.004062,19.261,0.686,1,OK,1007,0,0.2741,276,100.00,0,173.00,754868,0
24.117200,0.052258,0.004124,19.256,0.695,2,OK,1011,0,0.3195,323,100.00,0,172.22,756116,0
24.169143,0.051943,0.005243,19.263,0.666,3,OK,1007,0,0.3039,306,100.00,0,154.02,756260,0
24.220786,0.051643,0.005159,19.260,0.650,4,OK,1007,0,0.3188,321,100.00,0,174.27,752064,0
24.272861,0.052076,0.005348,19.257,0.651,1,OK,1007,0,0.3178,320,100.00,0,153.62,752772,0
24.324946,0.052084,0.005971,19.258,0.649,2,OK,1005,0,0.3811,383,100.00,0,172.80,755316,0
24.376761,0.051815,0.005898,19.263,0.640,3,OK,1008,0,0.3601,363,100.00,0,154.40,755316,0
24.428553,0.051792,0.006436,19.255,0.567,4,OK,1006,0,0.3628,365,100.00,0,193.08,754888,0
24.480520,0.051967,0.004456,19.250,0.556,5,OK,1007,0,0.3635,366,100.00,0,76.97,754888,0
24.532103,0.051583,0.004483,19.254,0.570,6,OK,1007,0,0.3525,355,100.00,0,77.55,754888,0
24.583832,0.051729,0.004529,19.258,0.572,7,OK,1005,0,0.3562,358,100.00,0,77.33,754888,0
24.635705,0.051874,0.004353,19.259,0.572,8,OK,1005,0,0.3493,351,100.00,0,77.11,754888,0
24.687734,0.052028,0.004422,19.257,0.573,9,OK,1005,0,0.3483,350,100.00,0,57.66,754888,0
24.739553,0.051820,0.004915,19.257,0.573,1,OK,1006,0,0.3350,337,100.00,0,173.68,755384,0
24.791676,0.052123,0.005223,19.254,0.577,2,OK,1009,0,0.3538,357,100.00,0,153.48,758408,0
24.843654,0.051978,0.004979,19.250,0.566,3,OK,1005,0,0.3333,335,100.00,0,173.15,758408,0
24.896300,0.052646,0.005568,19.240,0.614,4,OK,1009,0,0.3191,322,100.00,0,170.95,757876,0
24.947150,0.050850,0.005365,19.254,0.727,5,OK,1007,0,0.3456,348,100.00,0,98.33,757876,0
24.999175,0.052025,0.004711,19.253,0.728,1,OK,1008,0,0.3185,321,100.00,0,172.99,758608,0
25.051170,0.051995,0.005004,19.265,0.634,2,OK,1008,0,0.3532,356,100.00,0,173.09,760016,0
25.103026,0.051856,0.004955,19.255,0.557,3,OK,1003,0,0.3320,333,100.00,0,173.56,760036,0
25.155043,0.052017,0.005715,19.251,0.553,4,OK,1007,0,0.3208,323,100.00,0,173.02,755340,0
25.206942,0.051899,0.005606,19.254,0.548,1,OK,1004,0,0.3277,329,100.00,0,134.88,756144,0
25.259238,0.052296,0.005599,19.250,0.562,2,OK,1007,0,0.3525,355,100.00,0,172.10,756656,0
25.311566,0.052328,0.005712,19.248,0.572,3,OK,1008,0,0.3383,341,100.00,0,171.99,756656,0
25.363086,0.051520,0.005060,19.252,0.591,4,OK,1006,0,0.3300,332,100.00,0,116.46,755856,0
25.415534,0.052447,0.005539,19.246,0.616,1,OK,1005,0,0.3403,342,100.00,0,171.60,756504,0
25.467653,0.052119,0.005375,19.249,0.605,2,OK,1006,0,0.3738,376,100.00,0,153.49,758820,0
25.519775,0.052122,0.005585,19.246,0.607,3,OK,1004,0,0.3596,361,100.00,0,191.86,758820,0
25.571543,0.051768,0.005880,19.248,0.611,4,OK,1003,0,0.3370,338,100.00,0,154.54,758016,0
25.623123,0.051580,0.004250,19.253,0.624,1,OK,1007,0,0.3436,346,100.00,0,174.49,758328,0
25.675260,0.052137,0.004870,19.255,0.618,2,OK,1004,0,0.3396,341,100.00,0,153.44,762704,0
25.726908,0.051648,0.005155,19.258,0.626,3,OK,1002,0,0.3323,333,100.00,0,174.26,755704,0
25.779073,0.052165,0.005232,19.252,0.622,4,OK,1007,0,0.3098,312,100.00,0,115.02,756048,0
25.831074,0.052001,0.004747,19.253,0.621,1,OK,1005,0,0.3025,304,100.00,0,173.07,756464,0
25.883092,0.052018,0.004644,19.254,0.619,2,OK,1005,0,0.3313,333,100.00,0,153.79,760724,0
25.934893,0.051801,0.004430,19.254,0.620,3,OK,1003,0,0.3031,304,100.00,0,173.74,756048,0
25.986742,0.051849,0.004063,19.253,0.618,4,OK,1004,0,0.3108,312,100.00,0,77.15,756080,0
26.038696,0.051954,0.004492,19.253,0.618,1,OK,1009,0,0.3023,305,100.00,0,173.23,756776,0
26.090959,0.052263,0.004904,19.245,0.614,2,OK,1007,0,0.3446,347,100.00,0,172.20,759148,0
26.142667,0.051708,0.005654,19.245,0.615,3,OK,1003,0,0.3310,332,100.00,0,154.72,756284,0
26.194323,0.051656,0.004840,19.248,0.624,4,OK,1012,0,0.3271,331,100.00,0,96.79,756284,0
26.246254,0.051931,0.004414,19.249,0.623,1,OK,1005,0,0.3224,324,100.00,0,154.05,756680,0
26.297870,0.051616,0.004307,19.252,0.633,2,OK,1012,0,0.3706,375,100.00,0,174.37,759692,0
26.349684,0.051815,0.004763,19.255,0.631,3,OK,1014,0,0.3501,355,100.00,0,173.70,756564,0
26.401265,0.051581,0.004282,19.260,0.643,4,OK,1006,0,0.3678,370,100.00,0,58.16,756596,0
26.453008,0.051743,0.004694,19.271,0.590,1,OK,1003,0,0.3569,358,100.00,0,154.61,756984,0
26.504748,0.051740,0.005118,19.260,0.462,2,OK,1004,0,0.4313,433,100.00,0,173.95,759984,0
26.556653,0.051905,0.006802,19.262,0.461,3,OK,1006,0,0.4066,409,100.00,0,173.39,756832,0
26.608656,0.052003,0.004851,19.262,0.461,4,OK,1008,0,0.4266,430,100.00,0,115.38,756832,0
26.660701,0.052046,0.006184,19.259,0.463,5,OK,1007,0,0.4300,433,100.00,0,57.64,756832,0
26.712382,0.051681,0.005389,19.264,0.469,6,OK,1007,0,0.4002,403,100.00,0,77.40,756832,0
26.764311,0.051929,0.004765,19.263,0.469,7,OK,1009,0,0.3915,395,100.00,0,57.77,756832,0
26.817192,0.052881,0.004454,19.256,0.562,8,OK,1009,0,0.3796,383,100.00,0,56.73,756832,0
26.867806,0.050614,0.005028,19.277,0.707,9,OK,1008,0,0.3929,396,100.00,0,59.27,756832,0
26.919800,0.051994,0.004632,19.271,0.697,10,OK,1009,0,0.3756,379,100.00,0,76.93,757116,0
26.971555,0.051755,0.005377,19.280,0.669,11,OK,1006,0,0.3807,383,100.00,0,57.97,757116,0
27.023752,0.052198,0.004985,19.279,0.673,1,OK,1008,0,0.3690,372,100.00,0,172.42,757604,0
27.075369,0.051617,0.005160,19.285,0.673,2,OK,1005,0,0.3990,401,100.00,0,154.99,761688,0
27.127521,0.052152,0.005945,19.280,0.679,3,OK,1009,0,0.4004,404,100.00,0,172.57,757116,0
27.178602,0.051081,0.004968,19.287,0.726,4,OK,1006,0,0.3946,397,100.00,0,137.04,757148,0
27.232678,0.054076,0.004406,19.263,1.055,1,OK,1005,0,0.3731,375,100.00,0,147.94,757528,0
27.282275,0.049597,0.005842,19.288,1.325,2,OK,1005,0,0.4100,412,100.00,0,181.46,761744,0
27.333910,0.051635,0.005271,19.295,1.322,3,OK,1010,0,0.4040,408,100.00,0,154.93,757148,0
27.385611,0.051701,0.006544,19.298,1.322,4,OK,1007,0,0.3704,373,100.00,0,116.05,757180,0
27.437212,0.051601,0.005461,19.304,1.322,1,OK,1008,0,0.3661,369,100.00,0,155.04,757684,0
27.488903,0.051691,0.005978,19.305,1.323,2,OK,1003,0,0.4038,405,100.00,0,193.46,760980,0
27.541057,0.052154,0.007373,19.301,1.328,3,OK,1005,0,0.3831,385,100.00,0,172.57,757324,0
27.592189,0.051133,0.005315,19.311,1.348,4,OK,1004,0,0.3655,367,100.00,0,117.34,757324,0
27.644254,0.052064,0.005066,19.314,1.341,1,OK,1004,0,0.3436,345,100.00,0,153.66,757828,0
27.695949,0.051695,0.004572,19.314,1.341,2,OK,1007,0,0.3684,371,100.00,0,154.75,762092,0
27.747743,0.051794,0.004620,19.312,1.341,3,OK,1007,0,0.3366,339,100.00,0,173.77,757456,0
27.798873,0.051130,0.005299,19.322,1.359,4,OK,1005,0,0.3502,352,100.00,0,97.79,757484,0
27.850603,0.051730,0.004502,19.321,1.358,1,OK,1007,0,0.3247,327,100.00,0,154.65,757924,0
27.902260,0.051657,0.004415,19.323,1.358,2,OK,1003,0,0.3639,365,100.00,0,174.23,761084,0
27.953825,0.051566,0.004788,19.323,1.359,3,OK,1005,0,0.3373,339,100.00,0,155.14,758080,0
28.005586,0.051761,0.004459,19.323,1.359,4,OK,1004,0,0.3197,321,100.00,0,135.24,758268,0
28.057020,0.051433,0.006032,19.327,1.363,1,OK,1002,0,0.3144,315,100.00,0,155.54,758668,0
28.108865,0.051845,0.006014,19.327,1.363,2,OK,1001,0,0.3736,374,100.00,0,154.31,760796,0
28.160629,0.051764,0.005096,19.330,1.360,3,OK,1001,0,0.3457,346,100.00,0,173.87,758268,0
28.212162,0.051534,0.004197,19.337,1.357,4,OK,1005,0,0.3532,355,100.00,0,97.02,758300,0
28.263808,0.051646,0.004618,19.337,1.357,1,OK,1005,0,0.3393,341,100.00,0,154.90,758744,0
28.315488,0.051680,0.004385,19.340,1.355,2,OK,1004,0,0.3914,393,100.00,0,154.80,761580,0
28.367218,0.051729,0.004638,19.355,1.289,3,OK,1007,0,0.3853,388,100.00,0,154.65,758336,0
28.418987,0.051769,0.004407,19.340,1.231,4,OK,1003,0,0.3689,370,100.00,0,154.53,758372,0
28.470982,0.051995,0.004360,19.340,1.231,1,OK,1005,0,0.3761,378,100.00,0,153.86,758864,0
28.522745,0.051763,0.005709,19.340,1.232,2,OK,1003,0,0.4337,435,100.00,0,154.55,762940,0
28.574135,0.051389,0.007194,19.350,1.224,3,OK,1002,0,0.4012,402,100.00,0,175.13,758560,0
28.625754,0.051620,0.005259,19.350,1.224,4,OK,1004,0,0.3984,400,100.00,0,135.61,758584,0
28.677663,0.051909,0.005552,19.353,1.215,1,OK,1004,0,0.3904,392,100.00,0,134.85,759164,0
28.729510,0.051847,0.004998,19.344,1.197,2,OK,1001,0,0.4306,431,100.00,0,173.59,761760,0
28.781216,0.051706,0.005020,19.373,0.840,3,OK,1000,0,0.4160,416,100.00,0,174.06,758584,0
28.832729,0.051513,0.004577,19.349,0.425,4,OK,1006,0,0.4006,403,100.00,0,116.47,758616,0
28.884480,0.051751,0.004623,19.348,0.426,1,OK,1004,0,0.3994,401,100.00,0,154.59,759224,0
28.936174,0.051694,0.004709,19.348,0.426,2,OK,1004,0,0.4373,439,100.00,0,174.10,764088,0
28.987871,0.051697,0.005424,19.347,0.425,3,OK,1003,0,0.4227,424,100.00,0,174.09,764440,0
29.039481,0.051611,0.005527,19.348,0.425,4,OK,1002,0,0.4162,417,100.00,0,174.38,759172,0
29.091384,0.051902,0.004925,19.351,0.399,1,OK,1003,0,0.4138,415,100.00,0,134.87,759868,0
29.143260,0.051877,0.005465,19.341,0.353,2,OK,1005,0,0.4537,456,100.00,0,173.49,765240,0
29.195087,0.051826,0.005833,19.344,0.332,3,OK,1002,0,0.4631,464,100.00,0,173.66,765476,0
29.246445,0.051358,0.005515,19.349,0.352,4,OK,1005,0,0.4428,445,100.00,0,155.77,760040,0
29.299087,0.052642,0.005699,19.338,0.483,5,OK,1004,0,0.4602,462,100.00,0,75.99,760104,0
29.350745,0.051658,0.006003,19.331,0.437,1,OK,1006,0,0.4563,459,100.00,0,174.22,760584,0
29.402570,0.051825,0.005518,19.330,0.438,2,OK,1004,0,0.4542,456,100.00,0,173.66,766940,0
29.454329,0.051760,0.005294,19.329,0.437,3,OK,1006,0,0.4682,471,100.00,0,173.88,766940,0
29.506055,0.051725,0.008703,19.327,0.433,4,OK,1006,0,0.4712,474,100.00,0,135.33,761160,0
29.557567,0.051512,0.007300,19.330,0.440,1,OK,1008,0,0.4623,466,100.00,0,155.30,761580,0
29.609340,0.051774,0.005803,19.326,0.427,2,OK,1004,0,0.5020,504,100.00,0,173.83,768940,0
29.661213,0.051873,0.006797,19.326,0.428,3,OK,1006,0,0.4811,484,100.00,0,173.50,768940,0
29.713114,0.051900,0.005275,19.324,0.431,4,OK,1006,0,0.4493,452,100.00,0,173.41,763108,0
29.764893,0.051780,0.004997,19.321,0.424,1,OK,1005,0,0.4527,455,100.00,0,173.81,763756,0
29.816944,0.052051,0.005356,19.316,0.434,2,OK,1002,0,0.5130,514,100.00,0,153.70,770720,0
29.868485,0.051541,0.006236,19.317,0.440,3,OK,1002,0,0.4810,482,100.00,0,174.62,770720,0
29.920124,0.051639,0.006963,19.319,0.442,4,OK,1008,0,0.4702,474,100.00,0,174.29,770720,0
29.971758,0.051634,0.006918,19.320,0.444,5,OK,1004,0,0.4910,493,100.00,0,174.30,764192,0
30.023475,0.051718,0.005706,19.324,0.436,6,OK,1004,0,0.4910,493,100.00,0,38.67,764196,0
30.075172,0.051696,0.007338,19.325,0.437,1,OK,1005,0,0.4776,480,100.00,0,174.09,764712,0
30.127267,0.052095,0.006228,19.316,0.433,2,OK,1011,0,0.4580,463,100.00,0,172.76,771068,0
30.178527,0.051260,0.006790,19.320,0.466,3,OK,1007,0,0.4796,483,100.00,0,175.57,771248,0
30.230969,0.052442,0.006754,19.314,0.520,4,OK,1002,0,0.4591,460,100.00,0,171.62,765740,0
30.282123,0.051154,0.005333,19.322,0.563,1,OK,1004,0,0.4582,460,100.00,0,156.39,766012,0
30.333604,0.051481,0.005513,19.325,0.570,2,OK,1006,0,0.4980,501,100.00,0,155.40,772216,0
30.385293,0.051689,0.005884,19.323,0.565,3,OK,1003,0,0.4945,496,100.00,0,174.12,770488,0
30.437599,0.052306,0.006677,19.316,0.596,4,OK,1005,0,0.4846,487,100.00,0,152.95,770484,0
30.489254,0.051655,0.006541,19.316,0.597,5,OK,1007,0,0.4727,476,100.00,0,135.51,770484,0
30.540944,0.051690,0.006334,19.317,0.597,1,OK,1005,0,0.4597,462,100.00,0,154.77,770552,0
30.592625,0.051681,0.006088,19.316,0.595,2,OK,1005,0,0.4866,489,100.00,0,154.80,776320,0
30.644604,0.051979,0.005800,19.315,0.598,3,OK,1003,0,0.4796,481,100.00,0,173.15,776592,0
30.696295,0.051691,0.005790,19.317,0.598,4,OK,1006,0,0.4374,440,100.00,0,193.46,768872,0
30.748099,0.051804,0.004858,19.317,0.597,5,OK,1008,0,0.4365,440,100.00,0,96.52,768872,0
30.800602,0.052503,0.005176,19.303,0.630,1,OK,1007,0,0.4300,433,100.00,0,133.33,768900,0
30.852114,0.051511,0.005166,19.317,0.562,2,OK,1005,0,0.4408,443,100.00,0,174.72,773584,0
30.903652,0.051538,0.006051,19.319,0.567,3,OK,1004,0,0.4163,418,100.00,0,174.63,773672,0
30.955454,0.051803,0.006316,19.319,0.567,4,OK,1008,0,0.4008,404,100.00,0,173.74,768984,0
31.006976,0.051522,0.004887,19.322,0.573,5,OK,1008,0,0.3978,401,100.00,0,97.05,768984,0
31.058867,0.051891,0.004956,19.320,0.575,1,OK,1007,0,0.3644,367,100.00,0,173.44,769580,0
31.110422,0.051556,0.004704,19.319,0.573,2,OK,1004,0,0.3616,363,100.00,0,155.17,773036,0
31.162636,0.052213,0.004733,19.314,0.593,3,OK,1011,0,0.3571,361,100.00,0,191.52,773072,0
31.214809,0.052173,0.004244,19.310,0.608,4,OK,1004,0,0.3327,334,100.00,0,153.34,770832,0
31.265870,0.051061,0.004346,19.320,0.657,5,OK,1008,0,0.3313,334,100.00,0,117.51,770832,0
31.317600,0.051729,0.003968,19.321,0.657,1,OK,1003,0,0.3190,320,100.00,0,154.65,771264,0
31.369580,0.051981,0.004019,19.322,0.653,2,OK,1007,0,0.3267,329,100.00,0,153.90,772984,0
31.421451,0.051871,0.004839,19.318,0.650,3,OK,1002,0,0.3224,323,100.00,0,173.51,772984,0
31.473246,0.051795,0.004566,19.316,0.648,4,OK,1007,0,0.2949,297,100.00,0,115.84,773140,0
31.526402,0.053156,0.004454,19.297,0.804,1,OK,1010,0,0.2644,267,100.00,0,169.31,773556,0
31.576946,0.050544,0.005794,19.312,0.918,2,OK,1009,0,0.2953,298,100.00,0,158.28,774320,0
31.629008,0.052063,0.004133,19.307,0.922,3,OK,1007,0,0.2622,264,100.00,0,172.87,774704,0
31.680692,0.051684,0.004855,19.312,0.917,1,OK,1006,0,0.2535,255,100.00,0,154.79,775096,0
31.732437,0.051745,0.003975,19.306,0.897,2,OK,1008,0,0.2688,271,100.00,0,154.60,775096,0
31.784227,0.051790,0.003580,19.314,0.868,3,OK,1007,0,0.2691,271,100.00,0,115.85,775128,0
31.836178,0.051950,0.003345,19.304,0.840,1,OK,1008,0,0.2440,246,100.00,0,173.24,775404,0
31.888329,0.052151,0.004410,19.296,0.840,2,OK,1008,0,0.2966,299,100.00,0,172.57,775404,0
31.940025,0.051696,0.004203,19.296,0.839,3,OK,1008,0,0.2778,280,100.00,0,77.38,775408,0
31.991878,0.051853,0.005575,19.302,0.822,4,OK,1006,0,0.2883,290,100.00,0,57.86,775408,0
32.043744,0.051866,0.004438,19.299,0.820,5,OK,1002,0,0.2844,285,100.00,0,96.40,775476,0
32.095940,0.052196,0.005154,19.293,0.829,1,OK,1006,0,0.2614,263,100.00,0,153.27,775784,0
32.148001,0.052061,0.005177,19.288,0.831,2,OK,1004,0,0.3227,324,100.00,0,172.87,775876,0
32.200353,0.052351,0.003756,19.283,0.848,1,OK,1005,0,0.3114,313,100.00,0,171.92,776036,0
32.251976,0.051623,0.003724,19.284,0.850,2,OK,1003,0,0.3430,344,100.00,0,135.60,776068,0
32.303856,0.051880,0.003723,19.283,0.849,3,OK,1006,0,0.3330,335,100.00,0,57.83,776148,0
32.355379,0.051524,0.003830,19.295,0.825,1,OK,1004,0,0.3118,313,100.00,0,174.68,776360,0
32.407021,0.051642,0.004753,19.294,0.820,2,OK,1004,0,0.3685,370,100.00,0,135.55,776392,0
32.458902,0.051881,0.004036,19.289,0.813,3,OK,1006,0,0.3718,374,100.00,0,57.82,776392,0
32.510875,0.051973,0.003917,19.287,0.814,4,OK,1005,0,0.3632,365,100.00,0,76.96,776536,0
32.562566,0.051691,0.004436,19.285,0.808,1,OK,1008,0,0.3413,344,100.00,0,154.77,776764,0
32.614658,0.052092,0.004484,19.283,0.812,2,OK,1010,0,0.3911,395,100.00,0,153.57,776796,0
32.666610,0.051952,0.004858,19.278,0.805,1,OK,1010,0,0.3634,367,100.00,0,153.99,777076,0
32.718227,0.051616,0.004242,19.285,0.800,2,OK,1002,0,0.3972,398,100.00,0,135.62,777288,0
32.769896,0.051669,0.003960,19.292,0.795,3,OK,1008,0,0.3829,386,100.00,0,58.06,777436,0
32.822365,0.052469,0.004269,19.274,0.773,4,OK,1005,0,0.3781,380,100.00,0,76.23,777436,0
32.873527,0.051162,0.004869,19.281,0.811,5,OK,1008,0,0.3740,377,100.00,0,58.64,777472,0
32.925377,0.051851,0.005159,19.283,0.810,1,OK,1004,0,0.3695,371,100.00,0,154.29,777556,0
32.976819,0.051441,0.005135,19.288,0.823,2,OK,1008,0,0.4107,414,100.00,0,155.52,777556,0
33.029102,0.052283,0.004119,19.282,0.837,3,OK,1004,0,0.3994,401,100.00,0,133.89,777576,0
33.080497,0.051396,0.005092,19.304,0.713,4,OK,1006,0,0.3946,397,100.00,0,58.37,777576,0
33.132566,0.052068,0.004229,19.285,0.556,1,OK,1004,0,0.3845,386,100.00,0,153.64,777996,0
33.184655,0.052089,0.004353,19.285,0.557,2,OK,1006,0,0.4036,406,100.00,0,153.58,778144,0
33.236846,0.052191,0.004171,19.278,0.565,1,OK,1005,0,0.3920,394,100.00,0,172.44,778588,0
33.288784,0.051939,0.004871,19.276,0.564,2,OK,1006,0,0.4503,453,100.00,0,173.28,778588,0
33.340567,0.051782,0.005430,19.276,0.564,3,OK,1005,0,0.4259,428,100.00,0,154.49,778588,0
33.392372,0.051805,0.004666,19.278,0.564,4,OK,1006,0,0.4235,426,100.00,0,77.21,778904,0
33.444451,0.052078,0.004575,19.279,0.560,1,OK,1006,0,0.4085,411,100.00,0,153.61,779240,0
33.496273,0.051823,0.004717,19.277,0.557,2,OK,1009,0,0.4549,459,100.00,0,173.67,779240,0
33.548056,0.051783,0.004811,19.278,0.558,3,OK,1010,0,0.4554,460,100.00,0,96.56,779276,0
33.599585,0.051528,0.004528,19.282,0.571,4,OK,1007,0,0.4449,448,100.00,0,58.22,779276,0
33.651319,0.051735,0.004527,19.288,0.559,1,OK,1003,0,0.4297,431,100.00,0,154.64,779340,0
33.703322,0.052003,0.004630,19.289,0.557,2,OK,1004,0,0.4193,421,100.00,0,173.07,779692,0
33.754924,0.051602,0.004533,19.298,0.533,1,OK,1005,0,0.4249,427,100.00,0,174.41,779972,0
33.806648,0.051723,0.005651,19.297,0.529,2,OK,1007,0,0.4211,424,100.00,0,174.00,779972,0
33.858404,0.051756,0.004130,19.298,0.529,3,OK,1010,0,0.4218,426,100.00,0,96.61,779980,0
33.910726,0.052322,0.004665,19.288,0.546,1,OK,1004,0,0.4094,411,100.00,0,152.90,780008,0
33.962046,0.051320,0.004609,19.292,0.571,2,OK,1005,0,0.4279,430,100.00,0,175.37,780136,0
34.014121,0.052075,0.004654,19.290,0.577,3,OK,1008,0,0.4077,411,100.00,0,96.02,780224,0
34.065688,0.051567,0.004553,19.295,0.583,1,OK,1007,0,0.3823,385,100.00,0,155.14,780416,0
34.117873,0.052185,0.004257,19.289,0.593,2,OK,1003,0,0.4207,422,100.00,0,172.46,780416,0
34.169473,0.051600,0.004420,19.295,0.593,3,OK,1008,0,0.4008,404,100.00,0,135.66,780556,0
34.221426,0.051953,0.004592,19.295,0.593,1,OK,1008,0,0.3978,401,100.00,0,153.98,780576,0
34.273126,0.051700,0.006586,19.294,0.590,2,OK,1005,0,0.4279,430,100.00,0,174.08,780616,0
34.325397,0.052271,0.005030,19.286,0.606,3,OK,1008,0,0.4097,413,100.00,0,95.66,780832,0
34.377195,0.051799,0.004893,19.295,0.564,1,OK,1007,0,0.4042,407,100.00,0,173.75,781024,0
34.428997,0.051802,0.005714,19.287,0.511,2,OK,1006,0,0.4076,410,100.00,0,154.43,781248,0
34.480377,0.051379,0.008369,19.293,0.536,3,OK,1004,0,0.4064,408,100.00,0,136.24,781620,0
34.532372,0.051996,0.004600,19.286,0.520,1,OK,1004,0,0.3944,396,100.00,0,153.86,781620,0
34.583959,0.051587,0.004769,19.294,0.504,2,OK,1006,0,0.3887,391,100.00,0,193.85,781620,0
34.635758,0.051799,0.004704,19.289,0.480,3,OK,1003,0,0.3649,366,100.00,0,135.14,781660,0
34.687415,0.051657,0.004490,19.294,0.477,1,OK,1003,0,0.3699,371,100.00,0,154.87,781672,0
34.739389,0.051974,0.005449,19.296,0.471,2,OK,1005,0,0.4030,405,100.00,0,173.16,784444,0
34.791283,0.051895,0.007828,19.300,0.453,3,OK,1007,0,0.3575,360,100.00,0,154.16,780872,0
34.843204,0.051920,0.006645,19.300,0.453,1,OK,1005,0,0.3761,378,100.00,0,173.34,781260,0
34.894991,0.051787,0.006586,19.300,0.453,2,OK,1006,0,0.3936,396,100.00,0,173.79,786928,0
34.946869,0.051878,0.006440,19.299,0.453,3,OK,1006,0,0.3946,397,100.00,0,173.48,781844,0
34.998530,0.051661,0.005582,19.304,0.446,4,OK,1006,0,0.3708,373,100.00,0,135.50,781844,0
35.050367,0.051837,0.005305,19.304,0.446,1,OK,1005,0,0.3622,364,100.00,0,154.33,782144,0
35.102131,0.051764,0.005160,19.304,0.447,2,OK,1009,0,0.4281,432,100.00,0,173.87,793292,0
35.154498,0.052367,0.005899,19.294,0.476,3,OK,1013,0,0.4294,435,100.00,0,171.86,793292,0
35.205810,0.051312,0.006710,19.299,0.508,4,OK,1005,0,0.4279,430,100.00,0,175.40,786988,0
35.257509,0.051699,0.005213,19.303,0.505,5,OK,1007,0,0.4330,436,100.00,0,96.71,787012,0
35.308891,0.051382,0.005966,19.305,0.522,6,OK,1005,0,0.4308,433,100.00,0,58.39,787012,0
35.360592,0.051701,0.006413,19.306,0.522,7,OK,1006,0,0.4245,427,100.00,0,77.37,787012,0
35.412052,0.051459,0.006518,19.309,0.535,8,OK,1007,0,0.4548,458,100.00,0,58.30,787012,0
35.463977,0.051925,0.005327,19.314,0.503,9,OK,1001,0,0.4386,439,100.00,0,96.29,787012,0
35.515444,0.051467,0.005287,19.313,0.489,10,OK,1005,0,0.4358,438,100.00,0,58.29,787252,0
35.567445,0.052001,0.005364,19.313,0.484,1,OK,1006,0,0.4245,427,100.00,0,153.84,787396,0
35.619293,0.051848,0.005453,19.310,0.478,2,OK,1004,0,0.4502,452,100.00,0,173.58,789808,0
35.671047,0.051754,0.005594,19.315,0.457,3,OK,1013,0,0.4324,438,100.00,0,173.90,798300,0
35.723127,0.052080,0.006821,19.309,0.464,4,OK,1007,0,0.4250,428,100.00,0,153.61,791688,0
35.774260,0.051133,0.007319,19.320,0.513,5,OK,1009,0,0.4093,413,100.00,0,195.57,791688,0
35.825967,0.051707,0.006407,19.319,0.513,1,OK,1005,0,0.4169,419,100.00,0,135.38,791820,0
35.877920,0.051953,0.005893,19.323,0.485,2,OK,1005,0,0.4100,412,100.00,0,173.23,793548,0
35.929632,0.051711,0.006188,19.324,0.485,3,OK,1005,0,0.4060,408,100.00,0,193.38,803068,0
35.981416,0.051785,0.005311,19.325,0.484,4,OK,1006,0,0.3688,371,100.00,0,154.49,803068,0
36.033614,0.052198,0.005711,19.314,0.490,5,OK,1010,0,0.3604,364,100.00,0,191.58,794340,0
36.085206,0.051592,0.006540,19.320,0.487,6,OK,1006,0,0.3499,352,100.00,0,116.30,794340,0
36.137048,0.051842,0.005032,19.316,0.484,1,OK,1005,0,0.3522,354,100.00,0,173.60,794496,0
36.189160,0.052112,0.005611,19.312,0.498,2,OK,1006,0,0.4006,403,100.00,0,153.51,796088,0
36.240988,0.051828,0.006558,19.310,0.497,3,OK,1010,0,0.3604,364,100.00,0,192.95,803592,0
36.293054,0.052066,0.006003,19.309,0.502,4,OK,1001,0,0.3616,362,100.00,0,153.65,803672,0
36.344273,0.051219,0.005957,19.318,0.538,5,OK,1007,0,0.3386,341,100.00,0,156.19,795900,0
36.396117,0.051845,0.005115,19.319,0.536,6,OK,1008,0,0.3442,347,100.00,0,135.02,795900,0
36.448046,0.051929,0.005983,19.317,0.539,1,OK,1002,0,0.3453,346,100.00,0,154.06,796016,0
36.499659,0.051612,0.005320,19.320,0.540,2,OK,1005,0,0.4050,407,100.00,0,155.00,796488,0
36.551629,0.051970,0.005895,19.316,0.543,3,OK,1014,0,0.3639,369,100.00,0,173.18,804084,0
36.603718,0.052089,0.005434,19.313,0.554,4,OK,1009,0,0.3786,382,100.00,0,172.78,804084,0
36.655442,0.051724,0.006060,19.314,0.554,5,OK,1005,0,0.3672,369,100.00,0,174.00,796140,0
36.707211,0.051769,0.005717,19.321,0.513,6,OK,1004,0,0.3815,383,100.00,0,96.58,796376,0
36.758901,0.051690,0.006100,19.316,0.488,7,OK,1006,0,0.3956,398,100.00,0,77.39,796376,0
36.810789,0.051888,0.006216,19.314,0.489,8,OK,1011,0,0.3858,390,100.00,0,96.36,796376,0
36.862503,0.051714,0.005181,19.310,0.469,9,OK,1009,0,0.3776,381,100.00,0,58.01,796376,0
36.914383,0.051881,0.005411,19.308,0.469,10,OK,1010,0,0.3970,401,100.00,0,57.83,796376,0
36.966250,0.051867,0.005530,19.303,0.453,11,OK,1004,0,0.4114,413,100.00,0,96.40,796376,0
37.018170,0.051920,0.007036,19.303,0.453,12,OK,1004,0,0.3914,393,100.00,0,77.04,796376,0
37.070019,0.051849,0.005347,19.298,0.437,13,OK,1009,0,0.4054,409,100.00,0,57.86,796376,0
37.121567,0.051548,0.006005,19.304,0.441,14,OK,1009,0,0.4034,407,100.00,0,77.60,796376,0
37.173678,0.052112,0.006592,19.300,0.454,15,OK,1006,0,0.3936,396,100.00,0,76.76,796728,0
37.225713,0.052035,0.007128,19.297,0.460,16,OK,1007,0,0.4111,414,100.00,0,76.87,796728,0
37.277875,0.052162,0.006991,19.296,0.466,1,OK,1010,0,0.3921,396,100.00,0,134.20,796764,0
37.329249,0.051374,0.006726,19.293,0.428,2,OK,1004,0,0.4263,428,100.00,0,175.19,797028,0
37.381288,0.052039,0.006995,19.289,0.431,3,OK,1011,0,0.4500,455,100.00,0,172.95,804564,0
37.433436,0.052148,0.007861,19.286,0.442,4,OK,1011,0,0.4303,435,100.00,0,172.59,804564,0
37.485222,0.051786,0.009790,19.285,0.440,5,OK,1008,0,0.4256,429,100.00,0,173.79,797028,0
37.536850,0.051629,0.005643,19.287,0.446,6,OK,1006,0,0.4264,429,100.00,0,116.21,797028,0
37.588581,0.051730,0.005772,19.293,0.430,7,OK,1009,0,0.4222,426,100.00,0,77.32,797028,0
37.640955,0.052374,0.005489,19.283,0.460,1,OK,1008,0,0.4196,423,100.00,0,152.75,797052,0
37.693087,0.052132,0.006898,19.280,0.469,2,OK,1007,0,0.4598,463,100.00,0,172.64,797076,0
37.746163,0.053076,0.007086,19.268,0.624,3,OK,1003,0,0.4626,464,100.00,0,169.57,800440,0
37.797127,0.050964,0.008185,19.278,0.703,4,OK,1005,0,0.4428,445,100.00,0,176.59,800440,0
37.848861,0.051733,0.007919,19.283,0.701,5,OK,1005,0,0.4537,456,100.00,0,173.97,800644,0
37.900573,0.051713,0.007074,19.276,0.665,6,OK,1005,0,0.4507,453,100.00,0,174.04,800644,0
37.952180,0.051606,0.005993,19.279,0.672,1,OK,1001,0,0.4356,436,100.00,0,155.02,800664,0
38.004270,0.052090,0.006410,19.277,0.676,2,OK,1007,0,0.4816,485,100.00,0,153.58,800744,0
38.056901,0.052632,0.008975,19.265,0.717,3,OK,1004,0,0.4572,459,100.00,0,190.00,807444,0
38.108082,0.051181,0.008407,19.275,0.760,4,OK,1006,0,0.4483,451,100.00,0,195.38,807444,0
38.160378,0.052296,0.007454,19.272,0.770,5,OK,1004,0,0.4173,419,100.00,0,172.10,800816,0
38.211716,0.051338,0.007114,19.277,0.792,6,OK,1005,0,0.4179,420,100.00,0,136.35,800816,0
38.264442,0.052725,0.006380,19.265,0.843,1,OK,1003,0,0.3888,390,100.00,0,151.73,800936,0
38.315738,0.051297,0.005935,19.270,0.866,2,OK,1001,0,0.4096,410,100.00,0,175.45,801152,0
38.367454,0.051716,0.006346,19.272,0.868,3,OK,1005,0,0.3861,388,100.00,0,154.69,804728,0
38.419375,0.051921,0.005866,19.269,0.866,4,OK,1000,0,0.3730,373,100.00,0,173.34,804728,0
38.471113,0.051738,0.008719,19.271,0.868,5,OK,995,0,0.4080,406,100.00,0,173.95,802168,0
38.522924,0.051811,0.005288,19.272,0.868,1,OK,1002,0,0.3593,360,100.00,0,154.41,802188,0
38.574687,0.051762,0.006606,19.274,0.869,2,OK,993,0,0.3907,388,100.00,0,173.87,802380,0
38.626639,0.051953,0.005843,19.273,0.869,3,OK,1000,0,0.3700,370,100.00,0,153.99,807088,0
38.679059,0.052420,0.006312,19.262,0.879,4,OK,1005,0,0.3791,381,100.00,0,190.77,807088,0
38.730905,0.051846,0.005725,19.265,0.877,5,OK,1004,0,0.3466,348,100.00,0,173.59,802404,0
38.782481,0.051576,0.006248,19.271,0.883,6,OK,1001,0,0.3646,365,100.00,0,135.72,802404,0
38.834618,0.052137,0.005436,19.271,0.882,1,OK,1004,0,0.3456,347,100.00,0,153.44,802632,0
38.886871,0.052253,0.005705,19.260,0.870,2,OK,1002,0,0.3922,393,100.00,0,191.38,802836,0
38.938742,0.051872,0.008945,19.262,0.869,3,OK,1001,0,0.3726,373,100.00,0,173.51,803848,0
38.990479,0.051737,0.006856,19.267,0.868,4,OK,1003,0,0.3709,372,100.00,0,173.96,803396,0
39.042474,0.051995,0.006184,19.265,0.867,5,OK,1002,0,0.3812,382,100.00,0,173.09,803396,0
39.095051,0.052577,0.006833,19.253,0.890,6,OK,1005,0,0.3861,388,100.00,0,57.06,803396,0
39.146913,0.051862,0.005554,19.251,0.888,1,OK,1005,0,0.3751,377,100.00,0,154.26,803484,0
39.199270,0.052357,0.005506,19.252,0.887,2,OK,1002,0,0.4441,445,100.00,0,191.00,803936,0
39.251214,0.051944,0.005773,19.254,0.884,3,OK,1003,0,0.3918,393,100.00,0,154.01,808044,0
39.302750,0.051536,0.007350,19.273,0.796,4,OK,1000,0,0.3840,384,100.00,0,174.64,808044,0
39.354944,0.052194,0.006595,19.258,0.730,5,OK,1004,0,0.3765,378,100.00,0,172.43,806464,0
39.406618,0.051674,0.007011,19.258,0.732,6,OK,1008,0,0.3899,393,100.00,0,77.41,806464,0
39.458469,0.051851,0.006908,19.257,0.728,1,OK,1000,0,0.3730,373,100.00,0,173.57,806484,0
39.510480,0.052011,0.006034,19.252,0.719,2,OK,1004,0,0.4402,442,100.00,0,173.04,806536,0
39.563215,0.052735,0.005762,19.244,0.768,3,OK,1003,0,0.4088,410,100.00,0,151.70,807776,0
39.615031,0.051816,0.005737,19.254,0.732,4,OK,1001,0,0.4046,405,100.00,0,173.69,806724,0
39.667201,0.052169,0.005559,19.242,0.683,5,OK,1004,0,0.3924,394,100.00,0,153.35,806724,0
39.718683,0.051483,0.005527,19.252,0.694,1,OK,1005,0,0.3791,381,100.00,0,155.39,806740,0
39.771792,0.053109,0.005545,19.230,0.768,2,OK,999,0,0.4254,425,100.00,0,169.46,806936,0
39.822288,0.050496,0.008270,19.257,0.887,3,OK,1003,0,0.4098,411,100.00,0,178.23,806936,0
39.874216,0.051928,0.005587,19.250,0.857,4,OK,996,0,0.3986,397,100.00,0,173.32,806964,0
39.926204,0.051988,0.005814,19.246,0.853,5,OK,994,0,0.3853,383,100.00,0,173.12,806956,0
39.977699,0.051495,0.005560,19.251,0.868,6,OK,991,0,0.3946,391,100.00,0,116.52,806956,0
40.029281,0.051582,0.004973,19.253,0.875,1,OK,986,0,0.3783,373,100.00,0,174.48,806972,0
40.081223,0.051942,0.005020,19.252,0.873,2,OK,989,0,0.3832,379,100.00,0,154.02,807000,0
40.133254,0.052030,0.004914,19.248,0.871,3,OK,985,0,0.3523,347,100.00,0,172.98,810776,0
40.185246,0.051992,0.004622,19.248,0.871,4,OK,985,0,0.3574,352,100.00,0,153.87,807492,0
40.236989,0.051743,0.007956,19.256,0.858,5,OK,978,0,0.3466,339,100.00,0,135.28,807640,0
40.288759,0.051769,0.005873,19.257,0.860,1,OK,988,0,0.3269,323,100.00,0,173.85,807660,0
40.340444,0.051685,0.006280,19.256,0.855,2,OK,982,0,0.3462,340,100.00,0,154.78,810220,0
40.392317,0.051873,0.006155,19.259,0.852,3,OK,985,0,0.3340,329,100.00,0,173.50,810220,0
40.443973,0.051656,0.005797,19.267,0.849,4,OK,961,0,0.3111,299,100.00,0,154.87,807652,0
40.495613,0.051640,0.005499,19.269,0.854,5,OK,969,0,0.3013,292,100.00,0,154.92,807676,0
40.547297,0.051684,0.004273,19.270,0.855,1,OK,955,0,0.3058,292,100.00,0,154.79,807692,0
40.599200,0.051903,0.004460,19.271,0.855,2,OK,963,0,0.3634,350,100.00,0,154.13,808400,0
40.651328,0.052128,0.004805,19.277,0.824,3,OK,953,0,0.3431,327,100.00,0,172.65,811016,0
40.703144,0.051817,0.004562,19.277,0.824,4,OK,936,0,0.3365,315,100.00,0,154.39,807684,0
40.754551,0.051407,0.005353,19.289,0.821,5,OK,942,0,0.3004,283,100.00,0,136.17,807684,0
40.806137,0.051586,0.004733,19.294,0.825,1,OK,903,0,0.3023,273,100.00,0,155.08,807772,0
40.857891,0.051754,0.005655,19.291,0.819,2,OK,911,0,0.3589,327,100.00,0,154.58,809340,0
40.909669,0.051779,0.005986,19.296,0.809,3,OK,911,0,0.3403,310,100.00,0,173.82,809548,0
40.961687,0.052017,0.005195,19.292,0.810,4,OK,901,0,0.3019,272,100.00,0,173.02,807972,0
41.012829,0.051142,0.004506,19.301,0.845,5,OK,888,0,0.3041,270,100.00,0,136.87,808024,0
41.065423,0.052594,0.004468,19.293,0.885,1,OK,901,0,0.2963,267,100.00,0,152.11,808284,0
41.117132,0.051710,0.006028,19.306,0.825,2,OK,904,0,0.3628,328,100.00,0,174.05,808328,0
41.169089,0.051957,0.004855,19.304,0.826,3,OK,892,0,0.3330,297,100.00,0,173.22,808660,0
41.220170,0.051081,0.004857,19.318,0.853,4,OK,900,0,0.3344,301,100.00,0,156.61,808684,0
41.271647,0.051477,0.004125,19.318,0.853,1,OK,814,0,0.3514,286,100.00,0,135.98,808920,0
41.323089,0.051442,0.004898,19.339,0.711,2,OK,832,0,0.3281,273,100.00,0,174.95,808920,0
41.374625,0.051535,0.005773,19.326,0.566,3,OK,832,0,0.3209,267,100.00,0,155.23,808920,0
41.426421,0.051796,0.004736,19.327,0.563,1,OK,877,0,0.2965,260,100.00,0,154.45,808940,0
41.478428,0.052007,0.004575,19.327,0.564,2,OK,879,0,0.3663,322,100.00,0,192.28,808940,0
41.530713,0.052284,0.004258,19.317,0.587,3,OK,858,0,0.3660,314,100.00,0,133.88,808940,0
41.581484,0.050772,0.004259,19.327,0.679,1,OK,856,0,0.3867,331,100.00,0,177.26,809108,0
41.633205,0.051721,0.004315,19.330,0.675,2,OK,862,0,0.4165,359,100.00,0,154.68,809256,0
41.684794,0.051588,0.004775,19.336,0.669,3,OK,873,0,0.3940,344,100.00,0,174.46,809256,0
41.736086,0.051293,0.004324,19.344,0.677,4,OK,856,0,0.4159,356,100.00,0,116.98,809256,0
41.787581,0.051495,0.004521,19.347,0.681,1,OK,867,0,0.3806,330,100.00,0,155.36,809320,0
41.839203,0.051622,0.004577,19.349,0.680,2,OK,843,0,0.4330,365,100.00,0,154.97,809320,0
41.890594,0.051391,0.005405,19.353,0.688,3,OK,837,0,0.4194,351,100.00,0,155.67,809468,0
41.942183,0.051588,0.006388,19.357,0.685,4,OK,841,0,0.4114,346,100.00,0,174.46,809672,0
41.993837,0.051654,0.004471,19.357,0.685,1,OK,846,0,0.4149,351,100.00,0,135.52,809900,0
42.045423,0.051586,0.004538,19.357,0.685,2,OK,835,0,0.4383,366,100.00,0,155.08,810120,0
42.097093,0.051670,0.006152,19.357,0.685,3,OK,847,0,0.4144,351,100.00,0,174.18,810124,0
42.148898,0.051805,0.004295,19.359,0.682,4,OK,837,0,0.4265,357,100.00,0,96.52,810320,0
42.200630,0.051732,0.005011,19.364,0.661,1,OK,826,0,0.4165,344,100.00,0,173.97,810328,0
42.252924,0.052294,0.004759,19.358,0.697,2,OK,841,0,0.4447,374,100.00,0,152.98,810328,0
42.303794,0.050870,0.005912,19.364,0.744,3,OK,813,0,0.4342,353,100.00,0,176.92,810328,0
42.355390,0.051596,0.004743,19.364,0.744,4,OK,824,0,0.4199,346,100.00,0,96.91,810640,0
42.406875,0.051485,0.005485,19.368,0.745,1,OK,809,0,0.4166,337,100.00,0,155.38,810648,0
42.458508,0.051633,0.004177,19.369,0.744,2,OK,810,0,0.4160,337,100.00,0,154.94,810648,0
42.510254,0.051745,0.005877,19.373,0.732,3,OK,812,0,0.4064,330,100.00,0,193.25,810648,0
42.561138,0.050884,0.004204,19.376,0.758,4,OK,802,0,0.3890,312,100.00,0,78.61,810720,0
42.612759,0.051621,0.004150,19.388,0.671,1,OK,811,0,0.3748,304,100.00,0,154.98,810732,0
42.664125,0.051366,0.004115,19.392,0.673,2,OK,810,0,0.3802,308,100.00,0,155.74,810732,0
42.715547,0.051422,0.004272,19.399,0.660,3,OK,800,0,0.3587,287,100.00,0,155.58,810732,0
42.766882,0.051335,0.005308,19.396,0.643,1,OK,806,0,0.3623,292,100.00,0,175.32,810812,0
42.818320,0.051438,0.003699,19.396,0.644,2,OK,822,0,0.3869,318,100.00,0,174.97,810812,0
42.869785,0.051465,0.003907,19.396,0.644,3,OK,817,0,0.3905,319,100.00,0,136.02,810812,0
42.921039,0.051255,0.004498,19.400,0.652,4,OK,827,0,0.3531,292,100.00,0,97.55,810832,0
42.972359,0.051319,0.005314,19.406,0.651,1,OK,833,0,0.3697,308,100.00,0,136.40,810896,0
43.023739,0.051381,0.005715,19.414,0.630,2,OK,812,0,0.3978,323,100.00,0,175.16,810896,0
43.074976,0.051237,0.004041,19.427,0.571,3,OK,816,0,0.3922,320,100.00,0,156.14,811044,0
43.126730,0.051754,0.003995,19.414,0.519,4,OK,820,0,0.3793,311,100.00,0,115.93,811048,0
43.178429,0.051699,0.004254,19.415,0.518,1,OK,815,0,0.3767,307,100.00,0,135.40,811056,0
43.229527,0.051098,0.004732,19.421,0.536,2,OK,785,0,0.4229,332,100.00,0,176.13,811056,0
43.281331,0.051804,0.004306,19.414,0.542,3,OK,780,0,0.4167,325,100.00,0,154.43,811056,0
43.332488,0.051157,0.003987,19.419,0.556,4,OK,784,0,0.4209,330,100.00,0,97.74,811056,0
43.383711,0.051223,0.003842,19.424,0.562,1,OK,780,0,0.4154,324,100.00,0,156.18,811272,0
43.435015,0.051304,0.003871,19.425,0.565,2,OK,785,0,0.4242,333,100.00,0,155.93,811628,0
43.486345,0.051330,0.004358,19.428,0.566,3,OK,776,0,0.4304,334,100.00,0,155.86,811628,0
43.537640,0.051295,0.003677,19.433,0.565,1,OK,769,0,0.4239,326,100.00,0,155.96,811628,0
43.589020,0.051380,0.004027,19.435,0.564,2,OK,769,0,0.4226,325,100.00,0,155.70,811628,0
43.640535,0.051515,0.005481,19.437,0.559,3,OK,803,0,0.4259,342,100.00,0,155.29,811628,0
43.692103,0.051568,0.003654,19.440,0.546,4,OK,785,0,0.4255,334,100.00,0,77.57,811628,0
43.743228,0.051125,0.003933,19.448,0.547,1,OK,769,0,0.4421,340,100.00,0,117.36,811636,0
43.794737,0.051509,0.005330,19.458,0.448,2,OK,780,0,0.4423,345,100.00,0,174.73,811780,0
43.845702,0.050965,0.004512,19.456,0.435,3,OK,796,0,0.4334,345,100.00,0,156.97,811780,0
43.896996,0.051294,0.003746,19.460,0.431,1,OK,765,0,0.4588,351,100.00,0,136.47,811800,0
43.948504,0.051508,0.003842,19.460,0.432,2,OK,796,0,0.4623,368,100.00,0,194.14,811948,0
43.999819,0.051315,0.004666,19.464,0.423,3,OK,811,0,0.4316,350,100.00,0,155.90,811948,0
44.051587,0.051768,0.004213,19.464,0.426,1,OK,762,0,0.4554,347,100.00,0,135.22,812008,0
44.102980,0.051393,0.004274,19.457,0.386,2,OK,780,0,0.4359,340,100.00,0,155.66,812156,0
44.154547,0.051567,0.004187,19.458,0.383,3,OK,784,0,0.3954,310,100.00,0,174.53,812156,0
44.205733,0.051187,0.004431,19.460,0.389,4,OK,786,0,0.4084,321,100.00,0,97.68,812156,0
44.257143,0.051410,0.004182,19.460,0.389,1,OK,799,0,0.3667,293,100.00,0,175.06,812164,0
44.308934,0.051790,0.004454,19.455,0.413,2,OK,835,0,0.3557,297,100.00,0,154.47,812260,0
44.360271,0.051338,0.004690,19.456,0.414,3,OK,816,0,0.3480,284,100.00,0,155.83,812276,0
44.411768,0.051496,0.004755,19.455,0.415,1,OK,840,0,0.3298,277,100.00,0,155.35,812624,0
44.463506,0.051739,0.004453,19.449,0.427,2,OK,833,0,0.3493,291,100.00,0,173.95,812624,0
44.514830,0.051324,0.004443,19.449,0.427,3,OK,855,0,0.3181,272,100.00,0,175.36,812624,0
44.566239,0.051409,0.003831,19.449,0.427,4,OK,833,0,0.3289,274,100.00,0,97.26,812624,0
44.618087,0.051848,0.003885,19.441,0.447,1,OK,891,0,0.3232,288,100.00,0,135.01,812632,0
44.669708,0.051621,0.003889,19.443,0.438,2,OK,874,0,0.3524,308,100.00,0,154.98,812632,0
44.721258,0.051550,0.003926,19.445,0.429,3,OK,879,0,0.3049,268,100.00,0,155.19,812984,0
44.772581,0.051323,0.004501,19.442,0.414,1,OK,887,0,0.3089,274,100.00,0,175.36,813264,0
44.824452,0.051871,0.005631,19.441,0.422,2,OK,892,0,0.3397,303,100.00,0,154.23,813468,0
44.876024,0.051572,0.004257,19.436,0.412,3,OK,890,0,0.3483,310,100.00,0,174.51,813564,0
44.927290,0.051266,0.004025,19.435,0.410,4,OK,892,0,0.3464,309,100.00,0,78.02,813592,0
44.978881,0.051590,0.004332,19.432,0.409,5,OK,910,0,0.3352,305,100.00,0,77.53,813596,0
45.030628,0.051747,0.003781,19.426,0.417,1,OK,875,0,0.3360,294,100.00,0,154.60,813752,0
45.082435,0.051807,0.003841,19.420,0.427,2,OK,891,0,0.3648,325,100.00,0,154.42,813752,0
45.133690,0.051256,0.005085,19.422,0.434,3,OK,879,0,0.3800,334,100.00,0,156.08,813756,0
45.185976,0.052286,0.003908,19.412,0.515,4,OK,903,0,0.3555,321,100.00,0,133.88,813876,0
45.236579,0.050602,0.004394,19.424,0.605,1,OK,878,0,0.3679,323,100.00,0,158.09,813884,0
45.288221,0.051642,0.004488,19.418,0.593,2,OK,894,0,0.3848,344,100.00,0,154.91,813884,0
45.339937,0.051716,0.004916,19.415,0.598,3,OK,902,0,0.3869,349,100.00,0,154.69,813920,0
45.391355,0.051418,0.007227,19.409,0.566,4,OK,902,0,0.3836,346,100.00,0,136.14,814080,0
45.442923,0.051569,0.004995,19.406,0.560,1,OK,903,0,0.3843,347,100.00,0,174.52,814172,0
45.494524,0.051601,0.005045,19.405,0.560,2,OK,926,0,0.3769,349,100.00,0,174.41,814172,0
45.546145,0.051621,0.004269,19.401,0.555,3,OK,937,0,0.3693,346,100.00,0,154.98,814164,0
45.597840,0.051695,0.004627,19.402,0.552,4,OK,916,0,0.3646,334,100.00,0,116.07,814168,0
45.650022,0.052182,0.004399,19.392,0.592,1,OK,932,0,0.3412,318,100.00,0,153.31,814188,0
45.701584,0.051562,0.004023,19.392,0.592,2,OK,924,0,0.3799,351,100.00,0,155.15,817304,0
45.753008,0.051423,0.004107,19.389,0.579,3,OK,949,0,0.3551,337,100.00,0,155.57,814528,0
45.804682,0.051674,0.004008,19.386,0.576,4,OK,936,0,0.3397,318,100.00,0,135.47,814556,0
45.856608,0.051927,0.004774,19.384,0.584,1,OK,941,0,0.3241,305,100.00,0,154.06,814792,0
45.908395,0.051787,0.005819,19.378,0.581,2,OK,946,0,0.3943,373,100.00,0,173.79,817808,0
45.960659,0.052264,0.006137,19.369,0.623,3,OK,940,0,0.3681,346,100.00,0,172.20,817808,0
46.012129,0.051471,0.006857,19.372,0.624,4,OK,939,0,0.3621,340,100.00,0,174.86,816708,0
46.064022,0.051892,0.004881,19.365,0.621,5,OK,980,0,0.3398,333,100.00,0,115.62,816856,0
46.115581,0.051560,0.004723,19.363,0.616,1,OK,978,0,0.3333,326,100.00,0,135.76,816964,0
46.167504,0.051923,0.004669,19.362,0.620,2,OK,979,0,0.3473,340,100.00,0,173.33,817060,0
46.219435,0.051931,0.004714,19.358,0.627,3,OK,987,0,0.3465,342,100.00,0,173.31,818332,0
46.271556,0.052120,0.005142,19.351,0.646,4,OK,989,0,0.3256,322,100.00,0,172.68,818412,0
46.323078,0.051522,0.005590,19.349,0.636,5,OK,986,0,0.3377,333,100.00,0,155.27,818428,0
46.375005,0.051927,0.005090,19.348,0.638,1,OK,991,0,0.3098,307,100.00,0,154.06,818448,0
46.426720,0.051715,0.005329,19.346,0.637,2,OK,990,0,0.3657,362,100.00,0,174.03,821380,0
46.478469,0.051749,0.004612,19.340,0.618,3,OK,997,0,0.3591,358,100.00,0,173.92,821508,0
46.532715,0.054246,0.004454,19.307,1.073,4,OK,996,0,0.3554,354,100.00,0,165.91,818672,0
46.582366,0.049651,0.005259,19.333,1.307,5,OK,1000,0,0.3510,351,100.00,0,120.84,818680,0
46.634188,0.051822,0.004244,19.333,1.307,6,OK,1006,0,0.3559,358,100.00,0,77.19,818680,0
46.685765,0.051577,0.004127,19.329,1.297,7,OK,1003,0,0.3420,343,100.00,0,58.17,818884,0
46.737440,0.051675,0.005453,19.337,1.283,8,OK,999,0,0.3443,344,100.00,0,58.06,818884,0
46.789183,0.051743,0.005183,19.322,1.218,9,OK,1004,0,0.3436,345,100.00,0,77.30,818884,0
46.841276,0.052093,0.004705,19.317,1.223,1,OK,1001,0,0.3367,337,100.00,0,153.57,819108,0
46.893416,0.052141,0.003996,19.311,1.229,2,OK,1004,0,0.3536,355,100.00,0,172.61,819140,0
46.945104,0.051688,0.005355,19.308,1.222,3,OK,1002,0,0.3533,354,100.00,0,154.78,822448,0
46.996337,0.051233,0.004626,19.312,1.236,4,OK,1003,0,0.3260,327,100.00,0,175.67,819564,0
47.048006,0.051669,0.003849,19.311,1.235,5,OK,1005,0,0.3303,332,100.00,0,96.77,819592,0
47.099358,0.051352,0.004909,19.315,1.243,1,OK,1004,0,0.3127,314,100.00,0,136.31,819696,0
47.151388,0.052030,0.004055,19.311,1.245,2,OK,1003,0,0.3260,327,100.00,0,172.98,819932,0
47.203073,0.051684,0.004025,19.317,1.238,3,OK,1003,0,0.3101,311,100.00,0,174.13,821580,0
47.254889,0.051816,0.004175,19.314,1.235,4,OK,1008,0,0.3036,306,100.00,0,173.69,820164,0
47.306981,0.052093,0.003830,19.305,1.233,5,OK,1004,0,0.2988,300,100.00,0,115.18,820196,0
47.358669,0.051687,0.005145,19.305,1.233,1,OK,1007,0,0.2969,299,100.00,0,154.78,820564,0
47.410875,0.052206,0.004765,19.302,1.240,2,OK,1004,0,0.3307,332,100.00,0,172.39,821556,0
47.462341,0.051466,0.004597,19.306,1.246,3,OK,1006,0,0.3121,314,100.00,0,155.44,821556,0
47.513886,0.051545,0.005660,19.315,1.238,4,OK,1004,0,0.3167,318,100.00,0,174.60,821116,0
47.565788,0.051903,0.003799,19.309,1.233,1,OK,1006,0,0.3111,313,100.00,0,154.13,821560,0
47.617939,0.052151,0.004200,19.306,1.239,2,OK,1009,0,0.3251,328,100.00,0,191.75,821820,0
47.669753,0.051814,0.004036,19.303,1.236,3,OK,1005,0,0.2776,279,100.00,0,154.40,821896,0
47.721528,0.051775,0.005270,19.305,1.235,4,OK,1005,0,0.2697,271,100.00,0,135.20,821916,0
47.773893,0.052365,0.004225,19.299,1.250,1,OK,1006,0,0.2565,258,100.00,0,152.77,821932,0
47.826036,0.052144,0.005542,19.299,1.251,2,OK,1007,0,0.3049,307,100.00,0,172.60,821932,0
47.877801,0.051764,0.004827,19.296,1.246,3,OK,1009,0,0.3043,307,100.00,0,173.86,821932,0
47.929742,0.051941,0.003711,19.296,1.246,4,OK,1007,0,0.2771,279,100.00,0,154.02,821920,0
47.981974,0.052232,0.003352,19.289,1.253,1,OK,1006,0,0.2445,246,100.00,0,172.31,822216,0
48.033974,0.052000,0.004433,19.286,1.254,2,OK,1011,0,0.2997,303,100.00,0,153.85,822568,0
48.085295,0.051321,0.003840,19.323,0.929,3,OK,1008,0,0.2768,279,100.00,0,175.37,822568,0
48.136499,0.051204,0.004369,19.303,0.583,4,OK,1003,0,0.2582,259,100.00,0,156.24,822552,0
48.187976,0.051478,0.003623,19.308,0.594,1,OK,1004,0,0.2520,253,100.00,0,155.41,822632,0
48.239406,0.051430,0.003624,19.309,0.602,2,OK,1004,0,0.3068,308,100.00,0,175.00,822760,0
48.290787,0.051381,0.004273,19.313,0.618,3,OK,1007,0,0.2870,289,100.00,0,175.16,822912,0
48.342312,0.051525,0.008053,19.316,0.624,4,OK,1007,0,0.2870,289,100.00,0,116.45,822928,0
48.393808,0.051497,0.003959,19.323,0.620,1,OK,1008,0,0.2718,274,100.00,0,174.77,823080,0
48.444997,0.051189,0.003866,19.335,0.634,2,OK,1007,0,0.3406,343,100.00,0,156.28,823080,0
48.496464,0.051467,0.004344,19.338,0.640,3,OK,1009,0,0.3380,341,100.00,0,174.87,823244,0
48.548046,0.051581,0.003817,19.334,0.618,4,OK,1007,0,0.3307,333,100.00,0,77.55,823272,0
48.599311,0.051265,0.003874,19.339,0.639,1,OK,1009,0,0.3261,329,100.00,0,175.56,823288,0
48.650518,0.051207,0.004411,19.340,0.651,2,OK,1011,0,0.3501,354,100.00,0,156.23,823640,0
48.702745,0.052227,0.006190,19.338,0.666,3,OK,1003,0,0.3390,340,100.00,0,153.18,823640,0
48.754093,0.051348,0.004895,19.342,0.678,4,OK,1006,0,0.3091,311,100.00,0,175.27,823636,0
48.805910,0.051817,0.003719,19.342,0.678,1,OK,1006,0,0.3181,320,100.00,0,154.39,823656,0
48.858002,0.052092,0.004311,19.342,0.678,2,OK,1009,0,0.3479,351,100.00,0,172.77,823656,0
48.909719,0.051718,0.004283,19.342,0.678,3,OK,1009,0,0.3459,349,100.00,0,154.69,823640,0
48.961597,0.051878,0.007748,19.346,0.657,4,OK,1011,0,0.3314,335,100.00,0,154.21,823876,0
49.013578,0.051981,0.004013,19.339,0.659,1,OK,1008,0,0.3224,325,100.00,0,153.90,823884,0
49.065450,0.051872,0.004022,19.335,0.659,2,OK,1006,0,0.3718,374,100.00,0,154.23,823884,0
49.116699,0.051249,0.005169,19.343,0.675,3,OK,1007,0,0.3366,339,100.00,0,156.10,823912,0
49.168488,0.051790,0.003895,19.348,0.657,1,OK,1006,0,0.3290,331,100.00,0,173.78,823924,0
49.220317,0.051828,0.004139,19.348,0.657,2,OK,1008,0,0.3601,363,100.00,0,154.36,824132,0
49.271820,0.051503,0.004568,19.351,0.659,3,OK,1009,0,0.3320,335,100.00,0,174.75,824476,0
49.323210,0.051390,0.004558,19.363,0.618,4,OK,1008,0,0.3343,337,100.00,0,116.76,824504,0
49.374652,0.051443,0.004665,19.372,0.595,1,OK,1007,0,0.3118,314,100.00,0,136.07,824556,0
49.426323,0.051670,0.004725,19.373,0.593,2,OK,1008,0,0.3552,358,100.00,0,193.53,824556,0
49.478421,0.052098,0.005030,19.371,0.606,3,OK,1006,0,0.3648,367,100.00,0,153.56,824548,0
49.529693,0.051271,0.004594,19.383,0.577,4,OK,1009,0,0.3568,360,100.00,0,97.52,824620,0
49.580887,0.051195,0.004552,19.393,0.574,5,OK,1009,0,0.3608,364,100.00,0,58.60,824620,0
49.632180,0.051293,0.005646,19.394,0.576,6,OK,1005,0,0.3622,364,100.00,0,77.98,824620,0
49.683548,0.051368,0.005915,19.392,0.565,7,OK,1006,0,0.3658,368,100.00,0,58.40,824620,0
49.734955,0.051406,0.004824,19.393,0.567,1,OK,1007,0,0.3446,347,100.00,0,175.08,824636,0
49.786795,0.051840,0.005127,19.387,0.573,2,OK,1011,0,0.3996,404,100.00,0,173.61,824748,0
49.838720,0.051925,0.005888,19.381,0.580,3,OK,1010,0,0.3891,393,100.00,0,173.33,824732,0
49.890084,0.051364,0.005276,19.383,0.585,4,OK,1005,0,0.3801,382,100.00,0,77.88,824756,0
49.941675,0.051591,0.005754,19.382,0.584,5,OK,1005,0,0.3761,378,100.00,0,77.53,824756,0
49.993433,0.051758,0.004915,19.374,0.568,6,OK,1007,0,0.3724,375,100.00,0,77.28,824756,0
50.044517,0.051084,0.005066,19.379,0.595,1,OK,1008,0,0.3710,374,100.00,0,156.60,824964,0
50.096381,0.051864,0.004538,19.376,0.602,2,OK,1007,0,0.4131,416,100.00,0,173.53,825280,0
50.147742,0.051361,0.004973,19.374,0.596,3,OK,1004,0,0.3974,399,100.00,0,155.76,825008,0
50.199499,0.051757,0.004663,19.368,0.579,4,OK,1004,0,0.3765,378,100.00,0,115.93,825360,0
50.251181,0.051682,0.004350,19.374,0.539,1,OK,1004,0,0.3745,376,100.00,0,154.79,825380,0
50.303253,0.052073,0.005391,19.365,0.553,2,OK,1007,0,0.3535,356,100.00,0,172.84,826316,0
50.354912,0.051659,0.005052,19.367,0.549,3,OK,1007,0,0.3545,357,100.00,0,174.22,825496,0
50.406731,0.051819,0.006154,19.371,0.529,4,OK,1004,0,0.3586,360,100.00,0,115.79,825508,0
50.458356,0.051624,0.006051,19.372,0.528,1,OK,1006,0,0.3330,335,100.00,0,135.60,825524,0
50.510429,0.052073,0.006348,19.369,0.544,2,OK,1005,0,0.3502,352,100.00,0,172.83,829524,0
50.562222,0.051793,0.004800,19.372,0.532,3,OK,1005,0,0.3582,360,100.00,0,193.08,829524,0
50.614041,0.051820,0.004734,19.372,0.530,4,OK,1007,0,0.3396,342,100.00,0,154.38,825516,0
50.665611,0.051569,0.004572,19.368,0.513,1,OK,1006,0,0.3370,339,100.00,0,174.52,825548,0
50.716800,0.051189,0.004556,19.376,0.532,2,OK,1005,0,0.3632,365,100.00,0,175.82,828388,0
50.768631,0.051831,0.005681,19.376,0.532,3,OK,1006,0,0.3449,347,100.00,0,173.64,828392,0
50.820098,0.051467,0.004295,19.376,0.533,4,OK,1003,0,0.3330,334,100.00,0,155.44,825844,0
50.872083,0.051985,0.003916,19.369,0.542,5,OK,1006,0,0.3042,306,100.00,0,115.42,825880,0
50.923487,0.051404,0.004298,19.369,0.544,1,OK,1004,0,0.2779,279,100.00,0,155.63,825896,0
50.975080,0.051593,0.005041,19.370,0.544,2,OK,1002,0,0.3174,318,100.00,0,174.44,830260,0
51.027273,0.052193,0.005560,19.369,0.555,3,OK,1003,0,0.2901,291,100.00,0,172.44,830576,0
51.078866,0.051593,0.004436,19.365,0.540,4,OK,1005,0,0.2866,288,100.00,0,174.44,826196,0
51.131940,0.053074,0.003873,19.342,0.713,1,OK,1004,0,0.2839,285,100.00,0,169.58,826248,0
51.182329,0.050390,0.004533,19.353,0.837,2,OK,1004,0,0.2829,284,100.00,0,138.92,827536,0
51.234031,0.051702,0.004641,19.349,0.829,3,OK,1004,0,0.2669,268,100.00,0,174.07,827544,0
51.285742,0.051711,0.004910,19.345,0.823,4,OK,1007,0,0.2612,263,100.00,0,174.04,826236,0
51.337434,0.051692,0.003691,19.347,0.822,5,OK,1003,0,0.2502,251,100.00,0,96.73,826264,0
51.389830,0.052396,0.003553,19.341,0.854,1,OK,1004,0,0.2251,226,100.00,0,171.77,826280,0
51.441311,0.051481,0.004891,19.340,0.849,2,OK,1001,0,0.2777,278,100.00,0,174.82,830724,0
51.493241,0.051930,0.003692,19.335,0.851,3,OK,1006,0,0.2634,265,100.00,0,154.05,830724,0
51.544688,0.051447,0.004164,19.339,0.856,4,OK,1003,0,0.2433,244,100.00,0,155.50,826356,0
51.596494,0.051806,0.004150,19.330,0.827,1,OK,1007,0,0.2522,254,100.00,0,154.42,826372,0
51.648079,0.051585,0.003935,19.334,0.827,2,OK,1005,0,0.3015,303,100.00,0,174.47,829492,0
51.700162,0.052083,0.003811,19.325,0.825,3,OK,1006,0,0.3032,305,100.00,0,172.80,829492,0
51.751651,0.051489,0.003618,19.328,0.830,4,OK,998,0,0.2715,271,100.00,0,155.37,826356,0
51.803273,0.051621,0.003496,19.329,0.831,1,OK,996,0,0.2661,265,100.00,0,154.97,826680,0
51.857005,0.053733,0.003528,19.308,1.076,2,OK,1000,0,0.3050,305,100.00,0,186.11,827428,0
51.907086,0.050080,0.004120,19.328,1.230,3,OK,1003,0,0.3101,311,100.00,0,159.74,826816,0
51.958929,0.051844,0.004486,19.327,1.230,4,OK,1000,0,0.2820,282,100.00,0,135.02,826844,0
52.010757,0.051828,0.004079,19.325,1.230,1,OK,1003,0,0.2383,239,100.00,0,154.36,826912,0
52.061941,0.051184,0.003814,19.336,1.240,2,OK,1000,0,0.2820,282,100.00,0,156.30,828960,0
52.113637,0.051696,0.004290,19.337,1.239,3,OK,1002,0,0.2625,263,100.00,0,154.75,827052,0
52.165326,0.051689,0.003751,19.339,1.239,4,OK,1004,0,0.2560,257,100.00,0,96.73,827084,0
52.216954,0.051628,0.003661,19.338,1.238,1,OK,1001,0,0.2338,234,100.00,0,154.95,827120,0
52.270025,0.053071,0.003513,19.315,1.308,2,OK,1003,0,0.2652,266,100.00,0,169.58,827588,0
52.320290,0.050264,0.007001,19.334,1.410,3,OK,1001,0,0.2697,270,100.00,0,159.16,827652,0
52.372201,0.051912,0.003724,19.329,1.408,4,OK,1005,0,0.2547,256,100.00,0,96.32,827832,0
52.423940,0.051739,0.004372,19.332,1.405,1,OK,1003,0,0.2144,215,100.00,0,154.62,827848,0
52.475718,0.051778,0.004966,19.327,1.400,2,OK,1003,0,0.2473,248,100.00,0,173.82,827912,0
52.527307,0.051589,0.005242,19.327,1.400,3,OK,1005,0,0.2318,233,100.00,0,155.07,827896,0
52.578762,0.051455,0.003960,19.336,1.395,4,OK,1004,0,0.2221,223,100.00,0,97.17,828032,0
52.630730,0.051967,0.003859,19.332,1.396,1,OK,1003,0,0.2154,216,100.00,0,153.94,828056,0
52.682746,0.052016,0.003694,19.345,1.316,2,OK,1002,0,0.2625,263,100.00,0,173.02,828700,0
52.734291,0.051545,0.004184,19.330,1.231,3,OK,1002,0,0.2575,258,100.00,0,155.20,828208,0
52.785990,0.051699,0.003261,19.330,1.231,4,OK,1003,0,0.2592,260,100.00,0,96.71,828416,0
52.837567,0.051577,0.003352,19.332,1.232,5,OK,1003,0,0.2642,265,100.00,0,58.17,828740,0
52.889093,0.051526,0.003543,19.334,1.234,6,OK,1005,0,0.2687,270,100.00,0,77.63,828740,0
52.940848,0.051754,0.003737,19.342,1.211,7,OK,998,0,0.2655,265,100.00,0,77.29,828740,0
52.992957,0.052110,0.003855,19.334,1.216,8,OK,997,0,0.2608,260,100.00,0,76.76,828740,0
53.044410,0.051453,0.003625,19.340,1.217,9,OK,1009,0,0.2398,242,100.00,0,58.31,828740,0
53.100944,0.056534,0.004245,19.277,2.060,10,OK,1003,0,0.2682,269,100.00,0,53.07,828736,0
53.151170,0.050226,0.004481,19.297,2.140,11,OK,1003,0,0.2522,253,100.00,0,79.64,828736,0
53.202500,0.051330,0.004843,19.300,2.146,1,OK,1004,0,0.2560,257,100.00,0,136.37,828768,0
53.254129,0.051629,0.004016,19.305,2.145,2,OK,1003,0,0.3151,316,100.00,0,174.32,828816,0
53.305901,0.051772,0.004326,19.302,2.142,3,OK,1004,0,0.3018,303,100.00,0,173.84,828800,0
53.357393,0.051491,0.004812,19.304,2.144,4,OK,1004,0,0.3038,305,100.00,0,97.10,828892,0
53.409112,0.051720,0.004416,19.329,2.032,5,OK,1006,0,0.3082,310,100.00,0,77.34,828892,0
53.460678,0.051566,0.004958,19.310,1.943,6,OK,1006,0,0.2992,301,100.00,0,58.18,828892,0
53.512244,0.051566,0.003869,19.314,1.945,7,OK,1005,0,0.2886,290,100.00,0,77.57,828892,0
53.564353,0.052109,0.003676,19.310,1.948,8,OK,1006,0,0.2883,290,100.00,0,76.76,829100,0
53.615536,0.051182,0.003622,19.310,1.948,9,OK,1006,0,0.2883,290,100.00,0,58.61,829100,0
53.667059,0.051523,0.003848,19.312,1.950,10,OK,1005,0,0.2955,297,100.00,0,77.64,829100,0
53.718590,0.051532,0.004122,19.314,1.952,11,OK,1002,0,0.2794,280,100.00,0,77.62,829100,0
53.770225,0.051635,0.003583,19.314,1.952,1,OK,1001,0,0.2747,275,100.00,0,174.30,829116,0
53.822271,0.052046,0.003660,19.327,1.900,2,OK,1005,0,0.3095,311,100.00,0,153.71,829796,0
53.873815,0.051544,0.004060,19.311,1.825,3,OK,1006,0,0.3280,330,100.00,0,155.21,829100,0
53.925563,0.051748,0.004288,19.313,1.824,4,OK,1004,0,0.3237,325,100.00,0,96.62,829108,0
53.977326,0.051763,0.004532,19.313,1.824,5,OK,1005,0,0.3284,330,100.00,0,77.27,829108,0
54.029178,0.051852,0.004558,19.312,1.824,6,OK,1005,0,0.3144,316,100.00,0,57.86,829108,0
54.080675,0.051497,0.005701,19.313,1.826,7,OK,1002,0,0.3303,331,100.00,0,77.67,829348,0
54.132420,0.051744,0.004100,19.309,1.822,8,OK,1004,0,0.3137,315,100.00,0,77.30,829348,0
54.183986,0.051566,0.004019,19.314,1.823,9,OK,1005,0,0.3244,326,100.00,0,58.18,829348,0
54.235349,0.051363,0.004085,19.322,1.827,10,OK,1006,0,0.3151,317,100.00,0,58.41,829348,0
54.287227,0.051878,0.005107,19.318,1.826,11,OK,1002,0,0.3174,318,100.00,0,96.38,829348,0
54.338812,0.051585,0.005346,19.320,1.827,12,OK,1006,0,0.3181,320,100.00,0,58.16,829348,0
54.390366,0.051555,0.004241,19.320,1.827,13,OK,1007,0,0.3247,327,100.00,0,77.59,829348,0
54.441929,0.051562,0.004700,19.320,1.826,14,OK,1003,0,0.3180,319,100.00,0,77.58,829348,0
54.493960,0.052032,0.004334,19.316,1.829,15,OK,1007,0,0.3237,326,100.00,0,57.66,829348,0
54.545101,0.051141,0.004688,19.328,1.838,16,OK,1006,0,0.3320,334,100.00,0,78.22,829348,0
54.596681,0.051580,0.004071,19.327,1.836,17,OK,1006,0,0.3141,316,100.00,0,58.16,829348,0
54.648215,0.051534,0.004137,19.389,0.646,18,OK,1009,0,0.3191,322,100.00,0,77.62,829348,0
54.700390,0.052175,0.003919,19.365,0.467,19,OK,1003,0,0.3011,302,100.00,0,57.50,829348,0
54.751863,0.051473,0.004075,19.363,0.458,20,OK,1006,0,0.3121,314,100.00,0,58.28,829348,0
54.803326,0.051463,0.004445,19.365,0.462,21,OK,1008,0,0.3056,308,100.00,0,77.73,829348,0
54.855012,0.051686,0.005491,19.366,0.460,22,OK,1002,0,0.2994,300,100.00,0,58.04,829348,0
54.906911,0.051899,0.004029,19.361,0.465,23,OK,1006,0,0.3042,306,100.00,0,77.07,829348,0
54.958548,0.051637,0.006447,19.362,0.465,1,OK,1002,0,0.2864,287,100.00,0,154.93,829364,0
55.010787,0.052239,0.005584,19.353,0.507,2,OK,1007,0,0.3525,355,100.00,0,153.14,830384,0
55.061822,0.051035,0.005245,19.360,0.552,3,OK,1004,0,0.3277,329,100.00,0,195.94,829348,0
55.113718,0.051896,0.004923,19.363,0.535,4,OK,1005,0,0.3234,325,100.00,0,154.16,829376,0
55.165479,0.051762,0.004668,19.356,0.509,1,OK,1005,0,0.3214,323,100.00,0,173.87,829396,0
55.217417,0.051938,0.004641,19.350,0.515,2,OK,1004,0,0.3616,363,100.00,0,154.03,830872,0
55.269256,0.051839,0.004612,19.347,0.515,3,OK,1007,0,0.3505,353,100.00,0,173.62,829492,0
55.320813,0.051557,0.005078,19.348,0.517,4,OK,1003,0,0.3649,366,100.00,0,155.17,829756,0
55.372484,0.051671,0.004244,19.352,0.500,1,OK,1008,0,0.3353,338,100.00,0,154.82,829776,0
55.424013,0.051529,0.005735,19.352,0.501,2,OK,1004,0,0.3685,370,100.00,0,174.66,832476,0
55.475939,0.051926,0.005788,19.350,0.508,3,OK,1002,0,0.3623,363,100.00,0,173.32,829760,0
55.527321,0.051382,0.005754,19.355,0.517,4,OK,1002,0,0.3433,344,100.00,0,155.70,829792,0
55.579169,0.051848,0.004248,19.355,0.517,1,OK,1003,0,0.3270,328,100.00,0,154.30,829812,0
55.630727,0.051559,0.004703,19.354,0.515,2,OK,1001,0,0.3926,393,100.00,0,155.16,833544,0
55.682423,0.051696,0.006113,19.355,0.515,3,OK,1003,0,0.3669,368,100.00,0,174.09,833692,0
55.734024,0.051600,0.004516,19.354,0.514,4,OK,1003,0,0.3719,373,100.00,0,155.04,829976,0
55.785922,0.051898,0.004305,19.348,0.508,1,OK,1004,0,0.3695,371,100.00,0,154.15,830052,0
55.837407,0.051486,0.004974,19.353,0.507,2,OK,1003,0,0.4327,434,100.00,0,174.81,835268,0
55.890214,0.052807,0.005372,19.337,0.641,3,OK,1004,0,0.3855,387,100.00,0,151.50,835620,0
55.941093,0.050880,0.005776,19.346,0.702,4,OK,1001,0,0.3786,379,100.00,0,196.54,830388,0
55.992735,0.051642,0.005367,19.345,0.700,1,OK,1001,0,0.3776,378,100.00,0,154.91,830436,0
56.044226,0.051491,0.005419,19.352,0.693,2,OK,1002,0,0.3952,396,100.00,0,174.79,833892,0
56.096302,0.052076,0.005099,19.340,0.679,3,OK,1001,0,0.3906,391,100.00,0,172.82,833892,0
56.147753,0.051451,0.004944,19.341,0.683,4,OK,1004,0,0.3735,375,100.00,0,155.49,830416,0
56.199250,0.051497,0.004719,19.342,0.684,1,OK,1002,0,0.3683,369,100.00,0,174.77,830876,0
56.251088,0.051838,0.004434,19.346,0.665,2,OK,1004,0,0.4203,422,100.00,0,173.62,831640,0
56.302952,0.051864,0.004896,19.341,0.663,3,OK,1003,0,0.4138,415,100.00,0,173.53,831760,0
56.354615,0.051663,0.004842,19.339,0.657,4,OK,1005,0,0.4070,409,100.00,0,154.85,831808,0
56.406227,0.051612,0.004747,19.340,0.658,5,OK,1004,0,0.4024,404,100.00,0,116.25,831844,0
56.457925,0.051698,0.007498,19.342,0.655,1,OK,1004,0,0.3884,390,100.00,0,154.74,832012,0
56.510468,0.052543,0.005758,19.331,0.716,2,OK,1002,0,0.3952,396,100.00,0,171.29,833044,0
56.561780,0.051312,0.007864,19.342,0.707,3,OK,1006,0,0.3897,392,100.00,0,175.40,833044,0
56.613517,0.051738,0.004686,19.334,0.665,4,OK,1004,0,0.3705,372,100.00,0,154.63,832252,0
56.665126,0.051609,0.004464,19.337,0.663,5,OK,1003,0,0.3749,376,100.00,0,116.26,832264,0
56.716638,0.051512,0.004931,19.340,0.667,1,OK,1002,0,0.3683,369,100.00,0,155.30,832448,0
56.768297,0.051659,0.004728,19.344,0.662,2,OK,1002,0,0.4002,401,100.00,0,193.58,832564,0
56.820019,0.051721,0.006446,19.345,0.660,3,OK,1006,0,0.3787,381,100.00,0,174.01,832564,0
56.871563,0.051545,0.005105,19.345,0.660,4,OK,1000,0,0.3900,390,100.00,0,155.21,832264,0
56.923305,0.051741,0.004492,19.345,0.660,5,OK,1006,0,0.3608,363,100.00,0,135.29,832264,0
56.975226,0.051922,0.005231,19.340,0.662,1,OK,1006,0,0.3777,380,100.00,0,134.82,832556,0
57.026919,0.051693,0.005574,19.343,0.657,2,OK,1004,0,0.3934,395,100.00,0,174.11,832868,0
57.078669,0.051750,0.006067,19.338,0.647,3,OK,1001,0,0.3676,368,100.00,0,193.23,834620,0
57.131120,0.052451,0.006513,19.331,0.695,4,OK,1002,0,0.3363,337,100.00,0,152.52,834016,0
57.182814,0.051694,0.005791,19.329,0.692,5,OK,1001,0,0.3706,371,100.00,0,116.07,834392,0
57.234466,0.051652,0.005640,19.329,0.693,1,OK,1000,0,0.3520,352,100.00,0,154.88,834792,0
57.286554,0.052088,0.006307,19.323,0.702,2,OK,1004,0,0.3835,385,100.00,0,172.78,834988,0
57.338227,0.051673,0.005582,19.326,0.700,3,OK,1003,0,0.3679,369,100.00,0,174.17,834988,0
57.390038,0.051811,0.007212,19.322,0.694,4,OK,1001,0,0.3666,367,100.00,0,173.71,834988,0
57.441805,0.051767,0.006971,19.335,0.583,5,OK,1001,0,0.3566,357,100.00,0,173.86,834412,0
57.493665,0.051860,0.005367,19.323,0.500,1,OK,1005,0,0.3512,353,100.00,0,173.54,834712,0
57.545580,0.051916,0.005007,19.319,0.502,2,OK,1001,0,0.3976,398,100.00,0,173.36,835080,0
57.597429,0.051849,0.005340,19.315,0.493,3,OK,1005,0,0.3861,388,100.00,0,173.58,836332,0
57.649108,0.051679,0.005408,19.320,0.482,4,OK,1001,0,0.3626,363,100.00,0,154.80,836332,0
57.700792,0.051684,0.009118,19.317,0.470,5,OK,1004,0,0.3914,393,100.00,0,154.79,835692,0
57.752564,0.051772,0.005274,19.314,0.459,6,OK,1003,0,0.3908,392,100.00,0,77.26,835840,0
57.804379,0.051816,0.006155,19.314,0.459,1,OK,1002,0,0.3473,348,100.00,0,154.39,836116,0
57.856779,0.052400,0.006549,19.307,0.507,2,OK,1006,0,0.3718,374,100.00,0,171.76,836888,0
57.908900,0.052121,0.005889,19.301,0.516,3,OK,1007,0,0.3674,370,100.00,0,172.68,839764,0
57.961359,0.052460,0.007522,19.291,0.558,4,OK,1003,0,0.3819,383,100.00,0,190.62,839764,0
58.012756,0.051396,0.006292,19.295,0.577,5,OK,1006,0,0.3777,380,100.00,0,155.65,838720,0
58.064623,0.051868,0.005182,19.303,0.517,6,OK,1007,0,0.3754,378,100.00,0,96.40,838752,0
58.116941,0.052318,0.006641,19.291,0.515,1,OK,1003,0,0.3719,373,100.00,0,172.03,838968,0
58.169029,0.052088,0.006476,19.286,0.521,2,OK,1008,0,0.4067,410,100.00,0,172.78,839856,0
58.220754,0.051725,0.005731,19.285,0.516,3,OK,1006,0,0.3718,374,100.00,0,174.00,839860,0
58.272988,0.052234,0.007516,19.276,0.517,4,OK,1007,0,0.3843,387,100.00,0,191.45,839988,0
58.324814,0.051826,0.005669,19.274,0.511,5,OK,1006,0,0.3877,390,100.00,0,173.66,839988,0
58.376399,0.051585,0.006631,19.275,0.519,6,OK,1004,0,0.3974,399,100.00,0,174.47,838884,0
58.427777,0.051378,0.006244,19.278,0.535,1,OK,1006,0,0.4016,404,100.00,0,136.24,838920,0
58.479551,0.051774,0.005973,19.277,0.534,2,OK,1004,0,0.4333,435,100.00,0,193.15,840288,0
58.531287,0.051736,0.006598,19.279,0.536,3,OK,1006,0,0.4254,428,100.00,0,154.63,849584,0
58.582920,0.051632,0.006806,19.280,0.539,4,OK,1008,0,0.4395,443,100.00,0,193.68,849584,0
58.634739,0.051819,0.006213,19.279,0.537,5,OK,1008,0,0.4325,436,100.00,0,173.68,849584,0
58.687292,0.052553,0.005793,19.278,0.552,6,OK,1007,0,0.4181,421,100.00,0,171.25,839196,0
58.738312,0.051020,0.007147,19.286,0.624,7,OK,1007,0,0.4389,442,100.00,0,156.80,839196,0
58.790370,0.052058,0.006122,19.281,0.624,1,OK,1005,0,0.4149,417,100.00,0,153.68,839220,0
58.842209,0.051839,0.007472,19.284,0.619,2,OK,1007,0,0.4538,457,100.00,0,173.61,840384,0
58.894497,0.052288,0.007017,19.277,0.632,3,OK,1005,0,0.4627,465,100.00,0,172.12,850032,0
58.947037,0.052540,0.007675,19.268,0.672,4,OK,1003,0,0.4516,453,100.00,0,190.33,850384,0
58.998496,0.051459,0.006532,19.272,0.688,5,OK,1000,0,0.4190,419,100.00,0,174.90,850384,0
59.050295,0.051799,0.005779,19.272,0.688,6,OK,1007,0,0.4201,423,100.00,0,154.44,839644,0
59.102079,0.051785,0.005705,19.274,0.689,7,OK,1004,0,0.4104,412,100.00,0,154.49,839672,0
59.153929,0.051850,0.006015,19.274,0.689,1,OK,1007,0,0.4091,412,100.00,0,154.29,839672,0
59.205307,0.051378,0.006574,19.278,0.708,2,OK,1004,0,0.4373,439,100.00,0,194.64,840836,0
59.256988,0.051681,0.006698,19.278,0.708,3,OK,1004,0,0.4512,453,100.00,0,154.80,850988,0
59.308719,0.051731,0.006910,19.278,0.709,4,OK,1005,0,0.4438,446,100.00,0,173.98,850988,0
59.360339,0.051619,0.007552,19.281,0.714,5,OK,1003,0,0.4487,450,100.00,0,193.73,850988,0
59.412333,0.051994,0.006908,19.286,0.690,6,OK,1004,0,0.4293,431,100.00,0,173.10,839892,0
59.463700,0.051367,0.007244,19.295,0.703,7,OK,1007,0,0.4499,453,100.00,0,136.27,839900,0
59.515712,0.052012,0.006811,19.301,0.670,8,OK,1006,0,0.4583,461,100.00,0,57.68,839900,0
59.568499,0.052787,0.007900,19.283,0.732,9,OK,1008,0,0.4544,458,100.00,0,94.72,839900,0
59.619705,0.051206,0.008621,19.292,0.767,10,OK,1006,0,0.4563,459,100.00,0,78.12,839900,0
59.671885,0.052180,0.006648,19.293,0.757,11,OK,1006,0,0.4722,475,100.00,0,76.66,840044,0
59.723734,0.051849,0.006160,19.296,0.752,1,OK,1007,0,0.4638,467,100.00,0,154.29,840044,0
59.775749,0.052015,0.006426,19.293,0.754,2,OK,1006,0,0.4632,466,100.00,0,173.03,841244,0
59.828099,0.052350,0.006210,19.291,0.763,3,OK,1001,0,0.4785,479,100.00,0,191.02,853844,0
59.879439,0.051341,0.006350,19.297,0.782,4,OK,1007,0,0.4598,463,100.00,0,155.82,853844,0
59.931236,0.051797,0.007090,19.295,0.777,5,OK,1008,0,0.4643,468,100.00,0,173.76,853844,0
59.983196,0.051960,0.006329,19.287,0.761,6,OK,1006,0,0.4692,472,100.00,0,173.21,853844,0
60.035389,0.052192,0.006409,19.282,0.770,7,OK,1007,0,0.4618,465,100.00,0,172.44,853844,0
60.087195,0.051806,0.006334,19.281,0.769,8,OK,1007,0,0.4409,444,100.00,0,173.73,840248,0
60.139097,0.051903,0.006368,19.278,0.764,9,OK,1004,0,0.4343,436,100.00,0,115.60,840280,0
60.190770,0.051673,0.008310,19.280,0.767,1,OK,1007,0,0.4439,447,100.00,0,154.82,840280,0
60.242762,0.051992,0.006673,19.287,0.729,2,OK,1007,0,0.4499,453,100.00,0,153.87,841528,0
60.294550,0.051788,0.007137,19.277,0.666,3,OK,1010,0,0.4564,461,100.00,0,193.09,842228,0
60.346540,0.051990,0.006878,19.278,0.664,4,OK,1008,0,0.4474,451,100.00,0,153.88,848504,0
60.398430,0.051890,0.007449,19.277,0.664,5,OK,1003,0,0.4387,440,100.00,0,192.72,848816,0
60.449740,0.051310,0.006639,19.290,0.675,6,OK,1008,0,0.4187,422,100.00,0,175.40,848816,0
60.502148,0.052408,0.006628,19.291,0.660,7,OK,1005,0,0.4189,421,100.00,0,171.73,847568,0
60.553655,0.051508,0.007541,19.291,0.656,8,OK,1007,0,0.4191,422,100.00,0,174.73,847568,0
60.605450,0.051795,0.007483,19.291,0.656,1,OK,1006,0,0.4085,411,100.00,0,193.07,841392,0
60.657671,0.052221,0.008679,19.285,0.669,2,OK,1008,0,0.4444,448,100.00,0,172.35,842664,0
60.709732,0.052061,0.007527,19.283,0.673,3,OK,1005,0,0.4199,422,100.00,0,172.87,844236,0
60.761091,0.051359,0.006514,19.283,0.674,4,OK,1003,0,0.3988,400,100.00,0,175.24,850756,0
60.813299,0.052208,0.006314,19.276,0.682,5,OK,1008,0,0.4077,411,100.00,0,172.39,850756,0
60.865386,0.052087,0.006998,19.272,0.683,6,OK,1007,0,0.4230,426,100.00,0,172.79,850756,0
60.918142,0.052756,0.005672,19.258,0.738,7,OK,1002,0,0.4052,406,100.00,0,189.55,849484,0
60.969368,0.051227,0.008062,19.267,0.776,8,OK,1009,0,0.4390,443,100.00,0,136.65,849524,0
61.021154,0.051786,0.006798,19.262,0.754,1,OK,1005,0,0.4119,414,100.00,0,173.79,849524,0
61.073167,0.052013,0.007120,19.262,0.754,2,OK,1001,0,0.4525,453,100.00,0,173.03,850388,0
61.125238,0.052071,0.006401,19.271,0.689,3,OK,1008,0,0.4385,442,100.00,0,153.64,850824,0
61.177009,0.051771,0.007509,19.264,0.646,4,OK,1006,0,0.4175,420,100.00,0,193.16,857852,0
61.228407,0.051398,0.006904,19.274,0.662,5,OK,1004,0,0.4084,410,100.00,0,175.10,857852,0
61.280096,0.051689,0.007426,19.276,0.666,6,OK,1005,0,0.4139,416,100.00,0,193.46,857852,0
61.332233,0.052137,0.006072,19.274,0.670,7,OK,1007,0,0.4181,421,100.00,0,172.62,857852,0
61.384050,0.051817,0.006398,19.281,0.649,8,OK,1008,0,0.4087,412,100.00,0,173.69,857852,0
61.436389,0.052339,0.005685,19.268,0.641,1,OK,1003,0,0.4088,410,100.00,0,171.96,857864,0
61.487713,0.051324,0.007879,19.274,0.671,2,OK,1008,0,0.4335,437,100.00,0,175.36,858220,0
61.539513,0.051800,0.006805,19.276,0.671,3,OK,1004,0,0.4223,424,100.00,0,173.75,858428,0
61.591562,0.052049,0.007197,19.278,0.664,4,OK,1003,0,0.4237,425,100.00,0,172.91,859736,0
61.643983,0.052422,0.006516,19.270,0.690,5,OK,1003,0,0.3968,398,100.00,0,171.68,859736,0
61.695313,0.051329,0.006948,19.278,0.717,6,OK,1009,0,0.3925,396,100.00,0,155.86,859780,0
61.747085,0.051772,0.008252,19.276,0.715,7,OK,1008,0,0.3909,394,100.00,0,173.84,859780,0
61.798653,0.051569,0.006491,19.282,0.721,8,OK,1005,0,0.3831,385,100.00,0,135.74,859804,0
61.850390,0.051737,0.005777,19.282,0.722,1,OK,1004,0,0.3755,377,100.00,0,173.96,859804,0
61.902358,0.051968,0.005156,19.282,0.722,2,OK,1006,0,0.3877,390,100.00,0,173.18,859824,0
61.954591,0.052233,0.005555,19.278,0.733,3,OK,1008,0,0.3621,365,100.00,0,172.30,860016,0
62.006405,0.051814,0.006241,19.272,0.705,4,OK,1008,0,0.3621,365,100.00,0,154.40,862496,0
62.058318,0.051913,0.007112,19.278,0.681,5,OK,1004,0,0.3416,343,100.00,0,192.63,862496,0
62.110163,0.051845,0.006719,19.274,0.668,6,OK,1005,0,0.3194,321,100.00,0,173.59,862496,0
62.161822,0.051658,0.008602,19.276,0.672,7,OK,1004,0,0.3277,329,100.00,0,174.22,862496,0
62.213348,0.051526,0.008388,19.284,0.672,8,OK,1005,0,0.3433,345,100.00,0,155.26,862496,0
62.265286,0.051938,0.006401,19.286,0.668,1,OK,1003,0,0.3480,349,100.00,0,154.03,862496,0
62.317296,0.052010,0.005764,19.278,0.646,2,OK,1003,0,0.3539,355,100.00,0,173.04,862516,0
62.369303,0.052008,0.006020,19.280,0.637,3,OK,1003,0,0.3480,349,100.00,0,153.82,862516,0
62.421194,0.051891,0.006480,19.283,0.632,4,OK,1005,0,0.3393,341,100.00,0,173.44,864096,0
62.473259,0.052065,0.006733,19.291,0.551,5,OK,1010,0,0.3485,352,100.00,0,172.86,864096,0
62.525419,0.052160,0.005416,19.280,0.516,6,OK,1008,0,0.3313,334,100.00,0,172.55,864096,0
62.577083,0.051664,0.005634,19.281,0.521,7,OK,1004,0,0.3257,327,100.00,0,193.56,864096,0
62.628383,0.051301,0.005942,19.290,0.553,8,OK,1003,0,0.3490,350,100.00,0,136.45,864100,0
62.680169,0.051785,0.005451,19.293,0.547,1,OK,1006,0,0.3479,350,100.00,0,154.48,864100,0
62.732028,0.051860,0.005041,19.292,0.547,2,OK,1003,0,0.3370,338,100.00,0,173.55,864832,0
62.783872,0.051844,0.005479,19.287,0.524,3,OK,1009,0,0.3330,336,100.00,0,173.60,864832,0
62.835981,0.052108,0.005491,19.282,0.528,4,OK,1006,0,0.3509,353,100.00,0,172.72,874944,0
62.887865,0.051885,0.006135,19.285,0.519,5,OK,1008,0,0.3333,336,100.00,0,173.46,874944,0
62.939497,0.051632,0.007247,19.287,0.525,6,OK,1002,0,0.3423,343,100.00,0,174.31,874944,0
62.991242,0.051745,0.005952,19.294,0.495,7,OK,1009,0,0.3518,355,100.00,0,193.25,874944,0
63.043091,0.051849,0.010046,19.288,0.461,8,OK,1007,0,0.3396,342,100.00,0,154.29,874944,0
63.095037,0.051946,0.005784,19.286,0.462,9,OK,1009,0,0.3310,334,100.00,0,96.25,874956,0
63.146196,0.051159,0.008399,19.297,0.515,1,OK,1007,0,0.3237,326,100.00,0,175.92,874956,0
63.198161,0.051965,0.004936,19.303,0.471,2,OK,1003,0,0.3420,343,100.00,0,153.95,875388,0
63.249915,0.051753,0.005477,19.298,0.440,3,OK,1006,0,0.3439,346,100.00,0,173.90,875704,0
63.301721,0.051806,0.005730,19.297,0.439,4,OK,1007,0,0.3426,345,100.00,0,173.72,871212,0
63.353365,0.051644,0.005914,19.296,0.435,5,OK,1005,0,0.3104,312,100.00,0,193.63,871212,0
63.405066,0.051701,0.006269,19.297,0.436,6,OK,1001,0,0.3087,309,100.00,0,154.74,871212,0
63.456764,0.051698,0.005825,19.300,0.435,7,OK,1007,0,0.3118,314,100.00,0,174.09,871212,0
63.508540,0.051776,0.004785,19.306,0.408,8,OK,1007,0,0.3237,326,100.00,0,96.57,871224,0
63.560709,0.052169,0.005691,19.301,0.428,1,OK,1006,0,0.3191,321,100.00,0,172.52,871228,0
63.612372,0.051664,0.005027,19.304,0.429,2,OK,1004,0,0.3506,352,100.00,0,174.20,871372,0
63.664476,0.052104,0.005345,19.301,0.442,3,OK,1002,0,0.3343,335,100.00,0,172.73,878356,0
63.719375,0.054899,0.006029,19.261,1.152,4,OK,1005,0,0.3323,334,100.00,0,163.94,871372,0
63.769509,0.050134,0.007649,19.278,1.303,5,OK,1005,0,0.3274,329,100.00,0,159.57,871372,0
63.820757,0.051248,0.011356,19.287,1.321,6,OK,1005,0,0.3095,311,100.00,0,195.13,871372,0
63.874130,0.053374,0.007240,19.270,1.421,7,OK,1005,0,0.3005,302,100.00,0,187.36,871372,0
63.924619,0.050488,0.004654,19.289,1.502,8,OK,1007,0,0.2949,297,100.00,0,99.03,871376,0
63.976563,0.051944,0.005787,19.288,1.503,1,OK,1005,0,0.2985,300,100.00,0,154.01,871376,0
64.028461,0.051898,0.005162,19.290,1.501,2,OK,1006,0,0.3191,321,100.00,0,173.42,871768,0
64.080293,0.051832,0.005305,19.294,1.497,3,OK,1003,0,0.3200,321,100.00,0,173.64,872792,0
64.132411,0.052118,0.005416,19.289,1.498,4,OK,1005,0,0.3174,319,100.00,0,172.68,872792,0
64.183769,0.051358,0.006042,19.288,1.496,5,OK,1007,0,0.3227,325,100.00,0,175.24,872792,0
64.235976,0.052207,0.005384,19.283,1.500,6,OK,1004,0,0.3118,313,100.00,0,191.54,872792,0
64.288976,0.052999,0.011576,19.268,1.550,7,OK,1007,0,0.2939,296,100.00,0,169.81,872792,0
64.339425,0.050449,0.004923,19.286,1.631,8,OK,1007,0,0.2840,286,100.00,0,118.93,872792,0
64.391216,0.051791,0.005366,19.290,1.629,1,OK,1005,0,0.2836,285,100.00,0,154.47,872804,0
64.443174,0.051959,0.005959,19.289,1.629,2,OK,1007,0,0.3217,324,100.00,0,153.97,872804,0
64.494734,0.051560,0.005599,19.290,1.630,3,OK,1006,0,0.3350,337,100.00,0,174.55,872804,0
64.546577,0.051843,0.006013,19.288,1.630,4,OK,1005,0,0.3154,317,100.00,0,173.60,872804,0
64.598177,0.051600,0.005802,19.292,1.632,5,OK,1009,0,0.2993,302,100.00,0,174.42,872804,0
64.652154,0.053978,0.004786,19.266,1.791,6,OK,1007,0,0.2810,283,100.00,0,185.26,872804,0
64.702534,0.050380,0.005717,19.276,1.851,7,OK,1006,0,0.2873,289,100.00,0,158.79,872804,0
64.753815,0.051281,0.008182,19.284,1.863,8,OK,1005,0,0.3025,304,100.00,0,156.00,872816,0
64.805691,0.051876,0.005178,19.283,1.862,1,OK,1006,0,0.2753,277,100.00,0,154.21,872816,0
64.857456,0.051765,0.004763,19.283,1.863,2,OK,1008,0,0.3234,326,100.00,0,173.86,872828,0
64.909715,0.052259,0.006306,19.276,1.865,3,OK,1004,0,0.2988,300,100.00,0,153.08,879680,0
64.960998,0.051283,0.007129,19.281,1.876,4,OK,1008,0,0.2798,282,100.00,0,175.50,872828,0
65.012979,0.051981,0.005864,19.278,1.876,5,OK,1006,0,0.2972,299,100.00,0,173.14,872828,0
65.065086,0.052107,0.005896,19.273,1.876,6,OK,1007,0,0.2790,281,100.00,0,191.91,872828,0
65.116681,0.051595,0.005905,19.281,1.877,7,OK,1003,0,0.2841,285,100.00,0,155.05,872828,0
65.168581,0.051899,0.005500,19.278,1.875,1,OK,1001,0,0.2617,262,100.00,0,154.14,872856,0
65.221025,0.052444,0.005223,19.273,1.884,2,OK,1007,0,0.3168,319,100.00,0,152.54,872856,0
65.272678,0.051654,0.008231,19.314,1.548,3,OK,1008,0,0.2837,286,100.00,0,193.60,872856,0
65.324554,0.051876,0.004951,19.292,1.430,4,OK,1003,0,0.3011,302,100.00,0,173.49,872856,0
65.376208,0.051654,0.006821,19.287,1.416,5,OK,1003,0,0.2901,291,100.00,0,174.24,872856,0
65.427865,0.051656,0.005177,19.308,1.309,6,OK,1006,0,0.2684,270,100.00,0,154.87,872856,0
65.479363,0.051499,0.005668,19.296,1.227,7,OK,1002,0,0.2665,267,100.00,0,194.18,872856,0
65.531621,0.052258,0.005051,19.292,1.235,8,OK,1005,0,0.2697,271,100.00,0,153.09,872724,0
65.583160,0.051539,0.009408,19.296,1.240,9,OK,1008,0,0.2629,265,100.00,0,174.63,872748,0
65.634846,0.051685,0.004628,19.298,1.241,1,OK,1007,0,0.2493,251,100.00,0,154.78,872760,0
65.686531,0.051685,0.004954,19.304,1.237,2,OK,1006,0,0.2893,291,100.00,0,154.78,872760,0
65.740115,0.053584,0.005038,19.276,1.369,3,OK,1004,0,0.2998,301,100.00,0,186.62,883892,0
65.791332,0.051217,0.005582,19.288,1.383,4,OK,1005,0,0.2925,294,100.00,0,175.72,872288,0
65.842792,0.051460,0.006032,19.307,1.326,5,OK,1005,0,0.2846,286,100.00,0,174.89,872288,0
65.894550,0.051758,0.005016,19.291,1.235,6,OK,1002,0,0.2745,275,100.00,0,154.57,872404,0
65.948198,0.053648,0.005989,19.268,1.383,7,OK,1006,0,0.2714,273,100.00,0,167.76,872404,0
65.999290,0.051092,0.005428,19.279,1.411,8,OK,1006,0,0.2386,240,100.00,0,195.73,872404,0
66.050772,0.051483,0.006130,19.280,1.414,9,OK,1007,0,0.2493,251,100.00,0,155.39,872440,0
66.102791,0.052019,0.004724,19.278,1.415,1,OK,1008,0,0.2391,241,100.00,0,173.01,872600,0
66.154770,0.051979,0.005647,19.273,1.411,2,OK,1005,0,0.2816,283,100.00,0,173.15,873128,0
66.205799,0.051029,0.006531,19.309,1.229,3,OK,1003,0,0.2652,266,100.00,0,176.37,879136,0
66.257846,0.052047,0.007967,19.289,1.122,4,OK,1001,0,0.2547,255,100.00,0,172.92,879136,0
66.309610,0.051764,0.005393,19.283,1.104,5,OK,1005,0,0.2527,254,100.00,0,173.87,879136,0
66.362488,0.052878,0.005136,19.270,1.158,6,OK,1003,0,0.2512,252,100.00,0,170.20,879128,0
66.413175,0.050687,0.004546,19.284,1.231,7,OK,1002,0,0.2675,268,100.00,0,138.10,879156,0
66.464993,0.051818,0.004463,19.289,1.223,1,OK,1006,0,0.2515,253,100.00,0,154.39,879272,0
66.517059,0.052067,0.004586,19.279,1.208,2,OK,1004,0,0.2988,300,100.00,0,192.06,879596,0
66.568588,0.051529,0.005447,19.285,1.213,3,OK,1003,0,0.2921,293,100.00,0,155.25,886500,0
66.620432,0.051844,0.005118,19.288,1.210,4,OK,1004,0,0.2819,283,100.00,0,154.31,886500,0
66.672087,0.051656,0.005042,19.288,1.209,5,OK,1002,0,0.2824,283,100.00,0,174.23,886500,0
66.723818,0.051731,0.008050,19.290,1.210,6,OK,1007,0,0.2751,277,100.00,0,173.98,886500,0
66.776077,0.052259,0.007011,19.292,1.200,7,OK,1001,0,0.2498,250,100.00,0,172.22,886500,0
66.827821,0.051744,0.005153,19.291,1.199,8,OK,1008,0,0.2639,266,100.00,0,173.93,875720,0
66.879606,0.051785,0.004641,19.292,1.199,9,OK,1002,0,0.2645,265,100.00,0,135.18,875824,0
66.931555,0.051949,0.004421,19.288,1.197,1,OK,1003,0,0.2512,252,100.00,0,154.00,875840,0
66.983293,0.051738,0.005178,19.287,1.196,2,OK,1004,0,0.3018,303,100.00,0,173.95,876088,0
67.035155,0.051862,0.004589,19.283,1.189,3,OK,1002,0,0.2904,291,100.00,0,173.54,882680,0
67.087379,0.052224,0.004638,19.283,1.188,4,OK,1007,0,0.2671,269,100.00,0,172.34,882680,0
67.139046,0.051667,0.004628,19.282,1.184,5,OK,1002,0,0.2555,256,100.00,0,174.19,882680,0
67.190724,0.051678,0.005881,19.282,1.184,6,OK,1006,0,0.2654,267,100.00,0,154.80,876024,0
67.242578,0.051854,0.005283,19.280,1.183,7,OK,1003,0,0.2522,253,100.00,0,154.28,876152,0
67.294410,0.051832,0.006196,19.301,1.012,1,OK,1003,0,0.2522,253,100.00,0,135.05,876168,0
67.346154,0.051743,0.005318,19.295,0.989,2,OK,1003,0,0.3131,314,100.00,0,193.26,876448,0
67.397928,0.051775,0.005829,19.291,0.980,3,OK,1005,0,0.3174,319,100.00,0,135.20,879528,0
67.450069,0.052141,0.005745,19.286,0.985,4,OK,1003,0,0.3101,311,100.00,0,172.61,879528,0
67.501682,0.051612,0.006785,19.311,0.750,5,OK,1001,0,0.3077,308,100.00,0,174.38,879528,0
67.553720,0.052038,0.007087,19.300,0.711,6,OK,1005,0,0.3174,319,100.00,0,172.95,879528,0
67.605512,0.051792,0.013503,19.296,0.701,7,OK,1005,0,0.3075,309,100.00,0,193.08,879520,0
67.657307,0.051795,0.004545,19.299,0.698,8,OK,1003,0,0.2961,297,100.00,0,135.15,879520,0
67.709495,0.052188,0.005576,19.296,0.708,1,OK,1005,0,0.2826,284,100.00,0,153.29,879888,0
67.761397,0.051902,0.005634,19.285,0.648,2,OK,1004,0,0.3167,318,100.00,0,173.41,879944,0
67.813082,0.051685,0.004682,19.290,0.646,3,OK,1005,0,0.2935,295,100.00,0,174.13,883136,0
67.864828,0.051746,0.004588,19.290,0.647,4,OK,1002,0,0.2884,289,100.00,0,173.93,883136,0
67.917416,0.052588,0.005214,19.294,0.595,5,OK,1004,0,0.2898,291,100.00,0,152.13,883136,0
67.969073,0.051658,0.005156,19.281,0.437,6,OK,1004,0,0.2878,289,100.00,0,174.22,876432,0
68.020453,0.051380,0.005701,19.287,0.468,7,OK,1004,0,0.2859,287,100.00,0,155.70,876452,0
68.072626,0.052172,0.005633,19.286,0.475,1,OK,1004,0,0.2928,294,100.00,0,153.34,876904,0
68.124460,0.051834,0.005285,19.282,0.461,2,OK,1002,0,0.3253,326,100.00,0,173.63,877740,0
68.176165,0.051705,0.006192,19.284,0.464,3,OK,1002,0,0.3094,310,100.00,0,174.06,882588,0
68.228259,0.052094,0.007064,19.278,0.465,4,OK,1004,0,0.3038,305,100.00,0,153.57,882588,0
68.279697,0.051438,0.006094,19.282,0.487,5,OK,1001,0,0.2817,282,100.00,0,174.97,882588,0
68.331611,0.051915,0.004785,19.286,0.467,6,OK,1003,0,0.2822,283,100.00,0,173.36,882580,0
68.382740,0.051128,0.005600,19.294,0.529,7,OK,1003,0,0.2792,280,100.00,0,156.47,882580,0
68.434286,0.051546,0.004718,19.297,0.538,1,OK,994,0,0.2726,271,100.00,0,174.60,882960,0
68.485862,0.051576,0.005247,19.301,0.543,2,OK,999,0,0.3283,328,100.00,0,174.50,883168,0
68.537836,0.051974,0.005774,19.298,0.545,3,OK,1000,0,0.3170,317,100.00,0,192.40,883172,0
68.589304,0.051468,0.007016,19.303,0.558,4,OK,1000,0,0.3100,310,100.00,0,155.44,883312,0
68.640920,0.051617,0.006392,19.311,0.541,5,OK,1003,0,0.2951,296,100.00,0,193.74,878084,0
68.692491,0.051571,0.005418,19.312,0.545,6,OK,996,0,0.2831,282,100.00,0,155.13,878084,0
68.745233,0.052742,0.004536,19.299,0.636,7,OK,995,0,0.3035,302,100.00,0,94.80,878420,0
68.796173,0.050940,0.005864,19.310,0.705,1,OK,988,0,0.2794,276,100.00,0,157.05,878440,0
68.847759,0.051586,0.004944,19.313,0.708,2,OK,992,0,0.3327,330,100.00,0,155.08,878872,0
68.899223,0.051464,0.005316,19.317,0.717,3,OK,989,0,0.3276,324,100.00,0,155.45,880904,0
68.951593,0.052370,0.004649,19.309,0.746,4,OK,986,0,0.3174,313,100.00,0,190.95,880904,0
69.002909,0.051315,0.004726,19.319,0.753,5,OK,989,0,0.3054,302,100.00,0,175.39,880904,0
69.054128,0.051219,0.009343,19.324,0.775,6,OK,982,0,0.2933,288,100.00,0,156.19,880896,0
69.105423,0.051295,0.005059,19.334,0.784,7,OK,989,0,0.2932,290,100.00,0,116.97,880920,0
69.156993,0.051570,0.006234,19.336,0.785,1,OK,985,0,0.2721,268,100.00,0,155.13,880932,0
69.208636,0.051643,0.005550,19.338,0.785,2,OK,988,0,0.3421,338,100.00,0,193.64,880932,0
69.260132,0.051497,0.005598,19.347,0.770,3,OK,987,0,0.3546,350,100.00,0,155.35,885020,0
69.311966,0.051834,0.005366,19.348,0.768,4,OK,991,0,0.3512,348,100.00,0,173.63,885020,0
69.363981,0.052015,0.006212,19.344,0.776,5,OK,990,0,0.3242,321,100.00,0,173.03,885020,0
69.415208,0.051228,0.010038,19.350,0.793,6,OK,998,0,0.3367,336,100.00,0,156.16,885020,0
69.467100,0.051891,0.004886,19.359,0.728,7,OK,990,0,0.3081,305,100.00,0,134.90,885052,0
69.518803,0.051704,0.004757,19.358,0.728,8,OK,995,0,0.3126,311,100.00,0,58.02,885052,0
69.570524,0.051721,0.006427,19.354,0.721,9,OK,992,0,0.3135,311,100.00,0,58.00,885052,0
69.622687,0.052163,0.006745,19.354,0.720,1,OK,1004,0,0.2988,300,100.00,0,172.54,885316,0
69.674216,0.051529,0.006985,19.358,0.719,2,OK,1003,0,0.3579,359,100.00,0,174.66,885968,0
69.726108,0.051892,0.005201,19.356,0.724,3,OK,1001,0,0.3556,356,100.00,0,173.44,885968,0
69.777886,0.051778,0.008905,19.359,0.709,4,OK,1002,0,0.3403,341,100.00,0,173.82,885968,0
69.829673,0.051788,0.005570,19.355,0.706,5,OK,1002,0,0.3333,334,100.00,0,154.48,885968,0
69.881006,0.051333,0.010392,19.362,0.709,6,OK,1001,0,0.3307,331,100.00,0,194.81,885956,0
69.932800,0.051794,0.005746,19.354,0.686,7,OK,1001,0,0.3317,332,100.00,0,115.84,885988,0
69.984005,0.051205,0.006910,19.358,0.703,8,OK,1002,0,0.3273,328,100.00,0,78.12,885988,0
70.035651,0.051646,0.006198,19.357,0.703,1,OK,1002,0,0.3134,314,100.00,0,154.90,886012,0
70.087247,0.051597,0.006365,19.362,0.694,2,OK,1002,0,0.3373,338,100.00,0,174.43,886168,0
70.138987,0.051740,0.005951,19.359,0.692,3,OK,1004,0,0.3247,326,100.00,0,154.62,886168,0
70.190523,0.051536,0.010592,19.360,0.693,4,OK,1003,0,0.3051,306,100.00,0,174.63,886168,0
70.242398,0.051875,0.007850,19.356,0.696,5,OK,1004,0,0.3028,304,100.00,0,192.77,886168,0
70.295183,0.052785,0.006461,19.355,0.704,6,OK,1002,0,0.2904,291,100.00,0,170.50,886156,0
70.345687,0.050505,0.005089,19.361,0.773,7,OK,1001,0,0.2777,278,100.00,0,178.20,886156,0
70.397378,0.051691,0.004836,19.360,0.773,1,OK,1005,0,0.2836,285,100.00,0,154.77,886216,0
70.449225,0.051847,0.004762,19.355,0.773,2,OK,1004,0,0.3227,324,100.00,0,173.59,886576,0
70.500479,0.051254,0.005093,19.369,0.743,3,OK,1002,0,0.3074,308,100.00,0,175.60,887732,0
70.552531,0.052051,0.005489,19.360,0.748,4,OK,1001,0,0.3077,308,100.00,0,172.91,890664,0
70.604780,0.052250,0.005229,19.347,0.758,5,OK,1003,0,0.2941,295,100.00,0,191.39,890664,0
70.656562,0.051781,0.005974,19.341,0.745,6,OK,1003,0,0.2901,291,100.00,0,154.50,890664,0
70.708031,0.051469,0.006637,19.342,0.748,7,OK,1001,0,0.2797,280,100.00,0,174.86,890648,0
70.759426,0.051396,0.006001,19.345,0.756,8,OK,1002,0,0.2715,272,100.00,0,97.28,890684,0
70.811120,0.051693,0.005678,19.343,0.752,1,OK,1003,0,0.2632,264,100.00,0,174.10,890924,0
70.862647,0.051527,0.006779,19.346,0.753,2,OK,1006,0,0.3042,306,100.00,0,155.26,891560,0
70.914141,0.051495,0.004875,19.353,0.747,3,OK,1005,0,0.3015,303,100.00,0,174.78,893244,0
70.965604,0.051463,0.005243,19.350,0.734,4,OK,1002,0,0.2774,278,100.00,0,194.31,893244,0
71.017284,0.051680,0.004539,19.353,0.730,5,OK,1005,0,0.2716,273,100.00,0,174.15,893244,0
71.069044,0.051760,0.004526,19.352,0.730,6,OK,1005,0,0.2617,263,100.00,0,173.88,891552,0
71.120607,0.051562,0.004885,19.354,0.731,7,OK,1001,0,0.2647,265,100.00,0,155.15,891580,0
71.172117,0.051510,0.005214,19.362,0.711,1,OK,1006,0,0.2684,270,100.00,0,174.72,891960,0
71.223772,0.051655,0.005520,19.360,0.710,2,OK,1003,0,0.3151,316,100.00,0,154.87,892616,0
71.275456,0.051684,0.005498,19.363,0.705,3,OK,1003,0,0.3011,302,100.00,0,174.14,894520,0
71.327126,0.051670,0.005853,19.364,0.704,4,OK,1003,0,0.3001,301,100.00,0,174.18,894520,0
71.378847,0.051722,0.005136,19.365,0.702,5,OK,1004,0,0.2958,297,100.00,0,154.67,894520,0
71.431099,0.052252,0.012654,19.354,0.724,6,OK,1002,0,0.2964,297,100.00,0,172.24,887240,0
71.482402,0.051303,0.005301,19.360,0.734,7,OK,1006,0,0.2913,293,100.00,0,116.95,887384,0
71.534258,0.051856,0.004631,19.352,0.719,1,OK,1007,0,0.2870,289,100.00,0,154.27,887744,0
71.586142,0.051884,0.005262,19.349,0.722,2,OK,1004,0,0.3536,355,100.00,0,192.74,888208,0
71.638187,0.052045,0.005505,19.343,0.732,3,OK,1007,0,0.3505,353,100.00,0,153.71,888520,0
71.689846,0.051659,0.007867,19.344,0.732,4,OK,1006,0,0.3300,332,100.00,0,193.58,888520,0
71.741292,0.051446,0.006035,19.345,0.735,5,OK,1003,0,0.3250,326,100.00,0,155.50,888508,0
71.794207,0.052915,0.006278,19.332,0.847,6,OK,1006,0,0.3231,325,100.00,0,132.29,888548,0
71.845318,0.051111,0.005853,19.353,0.784,7,OK,1005,0,0.3343,336,100.00,0,78.26,888884,0
71.897046,0.051728,0.005011,19.338,0.662,1,OK,1003,0,0.3270,328,100.00,0,154.65,888912,0
71.948977,0.051931,0.005116,19.335,0.666,2,OK,1002,0,0.3533,354,100.00,0,192.56,888912,0
72.001249,0.052272,0.005585,19.330,0.692,3,OK,1003,0,0.3480,349,100.00,0,153.04,888912,0
72.053569,0.052320,0.005822,19.316,0.698,4,OK,1005,0,0.3353,337,100.00,0,172.02,888912,0
72.105477,0.051907,0.006606,19.318,0.693,5,OK,1006,0,0.3390,341,100.00,0,173.39,889252,0
72.157271,0.051794,0.009669,19.324,0.671,6,OK,1009,0,0.3350,338,100.00,0,154.46,889272,0
72.209447,0.052176,0.005683,19.319,0.687,1,OK,1006,0,0.3221,324,100.00,0,134.16,889272,0
72.261304,0.051857,0.006336,19.314,0.679,2,OK,1002,0,0.3643,365,100.00,0,192.84,889884,0
72.313205,0.051902,0.006951,19.308,0.666,3,OK,1006,0,0.3618,364,100.00,0,173.41,890236,0
72.364778,0.051573,0.006343,19.309,0.670,4,OK,1004,0,0.3297,331,100.00,0,174.51,891868,0
72.416541,0.051763,0.006309,19.306,0.663,5,OK,1008,0,0.3234,326,100.00,0,193.19,891868,0
72.468520,0.051979,0.005852,19.300,0.657,6,OK,1005,0,0.3174,319,100.00,0,173.15,889852,0
72.520077,0.051557,0.006170,19.299,0.651,7,OK,1003,0,0.3410,342,100.00,0,155.17,889904,0
72.572128,0.052052,0.005990,19.295,0.654,1,OK,1004,0,0.3267,328,100.00,0,172.91,889928,0
72.624629,0.052500,0.005610,19.285,0.693,2,OK,1007,0,0.3575,360,100.00,0,152.38,890332,0
72.675712,0.051084,0.009596,19.291,0.737,3,OK,1004,0,0.3506,352,100.00,0,156.61,891344,0
72.727470,0.051758,0.008259,19.288,0.728,4,OK,1004,0,0.3526,354,100.00,0,193.21,891760,0
72.778648,0.051177,0.006263,19.294,0.762,5,OK,1007,0,0.3257,328,100.00,0,175.86,891760,0
72.830864,0.052217,0.006493,19.288,0.771,6,OK,1005,0,0.3254,327,100.00,0,172.36,890324,0
72.882558,0.051693,0.006768,19.287,0.771,7,OK,1006,0,0.3201,322,100.00,0,154.76,890352,0
72.934021,0.051463,0.005595,19.290,0.781,1,OK,1002,0,0.3024,303,100.00,0,174.88,890392,0
72.985809,0.051788,0.005151,19.296,0.767,2,OK,1001,0,0.3646,365,100.00,0,173.78,891324,0
73.037648,0.051839,0.006619,19.290,0.744,3,OK,1005,0,0.3552,357,100.00,0,173.62,891676,0
73.089352,0.051704,0.006496,19.291,0.746,4,OK,1005,0,0.3413,343,100.00,0,174.07,897104,0
73.141584,0.052232,0.006805,19.287,0.758,5,OK,1004,0,0.3436,345,100.00,0,172.31,897104,0
73.193317,0.051734,0.007592,19.291,0.756,6,OK,1003,0,0.3370,338,100.00,0,173.97,897104,0
73.244915,0.051598,0.006557,19.292,0.758,7,OK,1004,0,0.3068,308,100.00,0,155.04,897088,0
73.296466,0.051551,0.005995,19.290,0.752,8,OK,1002,0,0.3224,323,100.00,0,174.58,897088,0
73.348335,0.051868,0.007542,19.303,0.646,1,OK,1002,0,0.3114,312,100.00,0,173.52,897196,0
73.400331,0.051996,0.005074,19.292,0.599,2,OK,1001,0,0.3447,345,100.00,0,173.09,898424,0
73.452370,0.052040,0.005929,19.289,0.602,3,OK,1000,0,0.3260,326,100.00,0,153.73,898424,0
73.504061,0.051691,0.005499,19.292,0.604,4,OK,1002,0,0.3293,330,100.00,0,174.11,901052,0
73.555764,0.051703,0.005661,19.299,0.585,5,OK,1003,0,0.3001,301,100.00,0,193.41,901052,0
73.607476,0.051712,0.005633,19.306,0.557,6,OK,1005,0,0.3095,311,100.00,0,154.70,901052,0
73.659582,0.052106,0.007420,19.304,0.566,7,OK,1000,0,0.3050,305,100.00,0,191.92,898064,0
73.711277,0.051695,0.006521,19.305,0.568,8,OK,1007,0,0.2929,295,100.00,0,174.10,898064,0
73.763065,0.051787,0.004918,19.310,0.551,9,OK,1004,0,0.3028,304,100.00,0,135.17,898088,0
73.815627,0.052563,0.008026,19.301,0.613,1,OK,1003,0,0.2841,285,100.00,0,152.20,898088,0
73.866876,0.051249,0.004793,19.309,0.642,2,OK,1001,0,0.3167,317,100.00,0,136.59,899084,0
73.918762,0.051886,0.006014,19.305,0.638,3,OK,1000,0,0.3110,311,100.00,0,192.73,899084,0
73.970431,0.051669,0.006960,19.306,0.640,4,OK,997,0,0.3129,312,100.00,0,174.19,903464,0
74.022231,0.051800,0.005630,19.309,0.637,5,OK,999,0,0.3163,316,100.00,0,154.44,903464,0
74.074367,0.052135,0.006022,19.301,0.642,6,OK,999,0,0.3143,314,100.00,0,172.63,903464,0
74.126212,0.051845,0.006678,19.304,0.636,7,OK,999,0,0.2933,293,100.00,0,173.59,902952,0
74.177695,0.051483,0.012002,19.317,0.594,8,OK,998,0,0.3056,305,100.00,0,174.82,902952,0
74.229794,0.052099,0.005074,19.304,0.551,1,OK,993,0,0.3021,300,100.00,0,172.75,902984,0
74.281927,0.052134,0.005422,19.299,0.562,2,OK,995,0,0.3568,355,100.00,0,172.63,903516,0
74.333512,0.051585,0.005902,19.294,0.521,3,OK,986,0,0.3570,352,100.00,0,155.08,903516,0
74.385136,0.051624,0.005805,19.302,0.506,4,OK,989,0,0.3498,346,100.00,0,193.71,909096,0
74.437030,0.051894,0.005943,19.299,0.505,5,OK,987,0,0.3485,344,100.00,0,154.16,909096,0
74.488790,0.051760,0.006739,19.295,0.490,6,OK,970,0,0.3351,325,100.00,0,173.88,909096,0
74.540320,0.051530,0.006571,19.299,0.500,7,OK,971,0,0.3244,315,100.00,0,155.25,909096,0
74.593533,0.053212,0.006971,19.282,0.695,8,OK,976,0,0.3391,331,100.00,0,187.93,908568,0
74.644189,0.050656,0.009133,19.295,0.811,9,OK,958,0,0.3559,341,100.00,0,177.67,908568,0
74.696025,0.051836,0.005773,19.300,0.798,10,OK,963,0,0.3686,355,100.00,0,115.75,908596,0
74.747837,0.051812,0.005793,19.299,0.797,11,OK,957,0,0.3720,356,100.00,0,57.90,908596,0
74.799711,0.051874,0.006428,19.295,0.793,12,OK,964,0,0.3745,361,100.00,0,77.11,908592,0
74.851536,0.051825,0.006261,19.292,0.787,13,OK,972,0,0.3457,336,100.00,0,96.48,908592,0
74.902853,0.051317,0.005452,19.299,0.807,14,OK,963,0,0.3738,360,100.00,0,77.95,908592,0
74.954543,0.051690,0.005511,19.302,0.806,15,OK,970,0,0.3536,343,100.00,0,77.38,908592,0
75.006771,0.052228,0.006244,19.300,0.815,16,OK,962,0,0.4064,391,100.00,0,57.44,908592,0
75.058476,0.051705,0.007355,19.300,0.815,17,OK,969,0,0.3653,354,100.00,0,77.36,908592,0
75.110490,0.052014,0.005885,19.296,0.817,18,OK,975,0,0.3733,364,100.00,0,57.68,908592,0
75.162045,0.051555,0.006265,19.298,0.821,19,OK,972,0,0.3776,367,100.00,0,58.19,908592,0
75.213581,0.051536,0.006512,19.305,0.821,20,OK,981,0,0.3629,356,100.00,0,97.02,908592,0
75.265568,0.051987,0.005942,19.301,0.822,21,OK,993,0,0.3625,360,100.00,0,57.71,908592,0
75.317202,0.051634,0.006070,19.303,0.824,22,OK,995,0,0.3658,364,100.00,0,77.47,908592,0
75.368874,0.051672,0.006246,19.314,0.780,1,OK,1001,0,0.3636,364,100.00,0,154.82,908592,0
75.420898,0.052024,0.006249,19.305,0.760,2,OK,1004,0,0.4133,415,100.00,0,192.22,909628,0
75.472978,0.052080,0.006936,19.302,0.766,3,OK,1001,0,0.3896,390,100.00,0,172.81,909716,0
75.524238,0.051260,0.007615,19.307,0.788,4,OK,1006,0,0.3787,381,100.00,0,175.58,918688,0
75.576397,0.052159,0.007500,19.303,0.798,5,OK,1002,0,0.3852,386,100.00,0,172.55,903772,0
75.628551,0.052154,0.006306,19.303,0.799,6,OK,989,0,0.3852,381,100.00,0,191.74,903772,0
75.680600,0.052049,0.007054,19.300,0.803,7,OK,990,0,0.3636,360,100.00,0,153.70,903952,0
75.732504,0.051904,0.006296,19.295,0.795,8,OK,983,0,0.3774,371,100.00,0,154.13,903952,0
75.784213,0.051709,0.006917,19.300,0.790,9,OK,982,0,0.3656,359,100.00,0,174.05,903564,0
75.836111,0.051898,0.007150,19.303,0.782,10,OK,975,0,0.3949,385,100.00,0,173.42,903564,0
75.887891,0.051780,0.005942,19.300,0.778,11,OK,975,0,0.3846,375,100.00,0,135.19,903592,0
75.939806,0.051915,0.006514,19.297,0.776,1,OK,974,0,0.3717,362,100.00,0,173.36,903592,0
75.991834,0.052028,0.006384,19.295,0.779,2,OK,966,0,0.3923,379,100.00,0,153.76,904588,0
76.043730,0.051895,0.006973,19.293,0.778,3,OK,961,0,0.3965,381,100.00,0,173.43,904836,0
76.095933,0.052204,0.006509,19.285,0.781,4,OK,968,0,0.3616,350,100.00,0,191.56,914944,0
76.147295,0.051362,0.006610,19.308,0.631,5,OK,967,0,0.3599,348,100.00,0,175.23,914944,0
76.199171,0.051876,0.006446,19.293,0.481,6,OK,963,0,0.3728,359,100.00,0,173.49,914944,0
76.250920,0.051749,0.008198,19.294,0.482,7,OK,977,0,0.3501,342,100.00,0,173.92,914944,0
76.303370,0.052450,0.006404,19.286,0.527,8,OK,967,0,0.3454,334,100.00,0,152.53,903648,0
76.354586,0.051216,0.009470,19.294,0.572,9,OK,975,0,0.3774,368,100.00,0,156.20,903648,0
76.406812,0.052226,0.007620,19.289,0.588,1,OK,983,0,0.3601,354,100.00,0,172.33,903652,0
76.458771,0.051959,0.007543,19.281,0.558,2,OK,977,0,0.3900,381,100.00,0,173.21,904452,0
76.510770,0.051999,0.008720,19.277,0.556,3,OK,975,0,0.3815,372,100.00,0,192.31,904452,0
76.562689,0.051920,0.007129,19.281,0.542,4,OK,973,0,0.3947,384,100.00,0,192.61,916676,0
76.614682,0.051993,0.006974,19.278,0.540,5,OK,967,0,0.4033,390,100.00,0,173.10,916676,0
76.666444,0.051762,0.009247,19.281,0.539,6,OK,961,0,0.3850,370,100.00,0,173.87,916676,0
76.718260,0.051816,0.008229,19.278,0.528,7,OK,955,0,0.3958,378,100.00,0,192.99,916676,0
76.770109,0.051849,0.006489,19.274,0.514,8,OK,955,0,0.3613,345,100.00,0,154.29,916100,0
76.822603,0.052494,0.006352,19.267,0.555,9,OK,954,0,0.3721,355,100.00,0,190.50,916100,0
76.874206,0.051603,0.008847,19.268,0.557,10,OK,967,0,0.3713,359,100.00,0,116.27,916100,0
76.926253,0.052048,0.006499,19.263,0.553,1,OK,968,0,0.3461,335,100.00,0,153.70,916100,0
76.977795,0.051541,0.005949,19.269,0.566,2,OK,969,0,0.3808,369,100.00,0,155.22,917132,0
77.029818,0.052024,0.006502,19.270,0.564,3,OK,959,0,0.3785,363,100.00,0,192.22,917236,0
77.081275,0.051456,0.005970,19.267,0.540,4,OK,967,0,0.3485,337,100.00,0,155.47,917236,0
77.133074,0.051800,0.006454,19.272,0.533,5,OK,965,0,0.3451,333,100.00,0,173.75,921096,0
77.184806,0.051731,0.006020,19.277,0.528,6,OK,981,0,0.3394,333,100.00,0,193.31,921096,0
77.236788,0.051982,0.006344,19.278,0.525,7,OK,969,0,0.3148,305,100.00,0,173.14,921096,0
77.288483,0.051695,0.006647,19.280,0.529,8,OK,961,0,0.3122,300,100.00,0,174.10,921096,0
77.340215,0.051732,0.007187,19.280,0.528,9,OK,962,0,0.3087,297,100.00,0,173.97,919964,0
77.392057,0.051843,0.007081,19.281,0.528,10,OK,968,0,0.3120,302,100.00,0,173.60,919964,0
77.443915,0.051858,0.007267,19.280,0.527,1,OK,973,0,0.2857,278,100.00,0,173.55,919964,0
77.495844,0.051929,0.006633,19.280,0.527,2,OK,973,0,0.3309,322,100.00,0,173.31,920088,0
77.548296,0.052452,0.005605,19.274,0.562,3,OK,962,0,0.3150,303,100.00,0,152.52,920092,0
77.599707,0.051411,0.006203,19.280,0.585,4,OK,957,0,0.2936,281,100.00,0,175.06,922144,0
77.651283,0.051576,0.008565,19.288,0.581,5,OK,949,0,0.3383,321,100.00,0,174.50,922144,0
77.703362,0.052079,0.006531,19.279,0.560,6,OK,956,0,0.2918,279,100.00,0,192.02,922144,0
77.755197,0.051835,0.012827,19.280,0.560,7,OK,953,0,0.3075,293,100.00,0,173.63,908712,0
77.807305,0.052108,0.006852,19.275,0.564,8,OK,948,0,0.2975,282,100.00,0,134.34,908844,0
77.859101,0.051796,0.007218,19.284,0.526,1,OK,973,0,0.2898,282,100.00,0,154.45,908844,0
77.911560,0.052459,0.006182,19.268,0.514,2,OK,983,0,0.3286,323,100.00,0,190.63,909824,0
77.963294,0.051734,0.005963,19.274,0.503,3,OK,972,0,0.3385,329,100.00,0,154.64,917760,0
78.015035,0.051742,0.007232,19.277,0.505,4,OK,978,0,0.3395,332,100.00,0,193.27,917760,0
78.066795,0.051760,0.007430,19.280,0.504,5,OK,993,0,0.3384,336,100.00,0,173.88,917760,0
78.118989,0.052194,0.006314,19.276,0.517,6,OK,992,0,0.3044,302,100.00,0,172.43,916384,0
78.170594,0.051605,0.005228,19.281,0.523,7,OK,995,0,0.3266,325,100.00,0,96.89,916544,0
78.222624,0.052030,0.005838,19.278,0.525,8,OK,1000,0,0.3190,319,100.00,0,76.88,916544,0
78.274337,0.051713,0.006998,19.279,0.528,9,OK,1003,0,0.3260,327,100.00,0,77.35,916544,0
78.326401,0.052064,0.007744,19.277,0.532,10,OK,1003,0,0.3240,325,100.00,0,96.04,916576,0
78.378081,0.051680,0.006127,19.287,0.488,11,OK,1002,0,0.3154,316,100.00,0,77.40,916576,0
78.429995,0.051915,0.005836,19.283,0.480,12,OK,1004,0,0.3127,314,100.00,0,57.79,916816,0
78.481804,0.051809,0.005275,19.286,0.476,13,OK,1002,0,0.3244,325,100.00,0,96.51,916816,0
78.533858,0.052053,0.005416,19.279,0.467,14,OK,1004,0,0.3247,326,100.00,0,57.63,916816,0
78.585867,0.052009,0.005249,19.280,0.466,15,OK,1002,0,0.3174,318,100.00,0,96.14,916816,0
78.638703,0.052836,0.005767,19.263,0.551,16,OK,1008,0,0.3274,330,100.00,0,56.78,916816,0
78.690459,0.051757,0.006099,19.263,0.553,17,OK,1005,0,0.3343,336,100.00,0,96.61,916920,0
78.742369,0.051910,0.006373,19.261,0.549,1,OK,1002,0,0.3014,302,100.00,0,134.85,916920,0
78.794384,0.052015,0.005991,19.260,0.549,2,OK,1003,0,0.3480,349,100.00,0,192.25,917048,0
78.847548,0.053164,0.007711,19.242,0.691,3,OK,1006,0,0.3419,344,100.00,0,169.29,918788,0
78.898369,0.050821,0.005349,19.254,0.794,4,OK,1007,0,0.3426,345,100.00,0,137.74,918788,0
78.950599,0.052230,0.006017,19.249,0.799,5,OK,1002,0,0.3553,356,100.00,0,172.31,918824,0
79.002597,0.051999,0.006394,19.247,0.799,6,OK,1005,0,0.3522,354,100.00,0,192.31,917072,0
79.054296,0.051698,0.005863,19.250,0.804,7,OK,1003,0,0.3400,341,100.00,0,174.09,917072,0
79.106500,0.052204,0.005546,19.253,0.789,8,OK,1004,0,0.3546,356,100.00,0,57.47,917104,0
79.158363,0.051863,0.009930,19.247,0.767,9,OK,1000,0,0.3720,372,100.00,0,96.41,917104,0
79.210369,0.052006,0.006817,19.242,0.754,10,OK,1003,0,0.3549,356,100.00,0,76.91,917104,0
79.262341,0.051971,0.006338,19.243,0.753,11,OK,1002,0,0.3543,355,100.00,0,96.21,917280,0
79.314451,0.052110,0.005380,19.240,0.753,12,OK,1002,0,0.3553,356,100.00,0,57.57,917280,0
79.366600,0.052149,0.005391,19.239,0.754,13,OK,1002,0,0.3333,334,100.00,0,95.88,917280,0
79.418544,0.051944,0.005141,19.238,0.752,14,OK,1001,0,0.3477,348,100.00,0,77.01,917280,0
79.470550,0.052006,0.005520,19.243,0.733,15,OK,1006,0,0.3310,333,100.00,0,57.69,917280,0
79.522405,0.051855,0.005522,19.242,0.729,1,OK,1006,0,0.3360,338,100.00,0,173.56,917280,0
79.574183,0.051778,0.005731,19.241,0.728,2,OK,1004,0,0.3625,364,100.00,0,173.82,917432,0
79.627854,0.053671,0.006273,19.218,0.929,3,OK,1002,0,0.3882,389,100.00,0,167.69,920664,0
79.678452,0.050598,0.010281,19.237,1.052,4,OK,1002,0,0.3543,355,100.00,0,177.87,921016,0
79.730477,0.052025,0.008355,19.232,1.043,5,OK,1002,0,0.3393,340,100.00,0,153.77,921016,0
79.781998,0.051521,0.006612,19.238,1.056,6,OK,1005,0,0.3582,360,100.00,0,194.10,910032,0
79.833822,0.051824,0.006682,19.237,1.053,7,OK,1005,0,0.3761,378,100.00,0,173.67,910032,0
79.885563,0.051741,0.006430,19.241,1.056,8,OK,1008,0,0.3671,370,100.00,0,77.31,910048,0
79.937565,0.052002,0.006936,19.237,1.051,9,OK,1004,0,0.3665,368,100.00,0,76.92,910048,0
79.989151,0.051586,0.008294,19.241,1.060,1,OK,1004,0,0.3536,355,100.00,0,174.47,910048,0
80.041062,0.051911,0.005634,19.240,1.058,2,OK,1008,0,0.3591,362,100.00,0,173.37,910524,0
80.093104,0.052041,0.006663,19.240,1.058,3,OK,1006,0,0.3688,371,100.00,0,172.94,910524,0
80.145199,0.052095,0.006388,19.239,1.059,4,OK,1008,0,0.3571,360,100.00,0,191.96,910524,0
80.196572,0.051373,0.006153,19.257,1.034,5,OK,1008,0,0.3601,363,100.00,0,155.72,910524,0
80.248473,0.051902,0.007159,19.255,1.032,6,OK,1010,0,0.3574,361,100.00,0,173.40,910664,0
80.300148,0.051675,0.006710,19.258,1.036,7,OK,1006,0,0.3728,375,100.00,0,174.17,909928,0
80.352297,0.052148,0.006184,19.257,1.038,8,OK,1008,0,0.3601,363,100.00,0,95.88,910172,0
80.403818,0.051521,0.008130,19.277,0.949,1,OK,1005,0,0.3692,371,100.00,0,174.69,910172,0
80.455323,0.051505,0.006180,19.268,0.882,2,OK,1006,0,0.4006,403,100.00,0,155.33,910644,0
80.507228,0.051905,0.006654,19.272,0.874,3,OK,1007,0,0.3893,392,100.00,0,192.66,910996,0
80.559071,0.051844,0.006678,19.274,0.873,4,OK,1007,0,0.3893,392,100.00,0,173.60,910996,0
80.611007,0.051936,0.007165,19.271,0.871,5,OK,1004,0,0.3765,378,100.00,0,192.55,910996,0
80.662651,0.051645,0.005606,19.278,0.868,6,OK,1005,0,0.3791,381,100.00,0,174.27,910996,0
80.714813,0.052162,0.005582,19.275,0.873,7,OK,1005,0,0.3612,363,100.00,0,172.54,910196,0
80.766427,0.051614,0.005219,19.279,0.877,8,OK,1007,0,0.3714,374,100.00,0,116.25,910236,0
80.818295,0.051869,0.005472,19.281,0.877,1,OK,1008,0,0.3740,377,100.00,0,154.24,910236,0
80.870268,0.051973,0.005369,19.282,0.873,2,OK,1007,0,0.3843,387,100.00,0,153.93,911112,0
80.921988,0.051720,0.005782,19.288,0.868,3,OK,1003,0,0.3908,392,100.00,0,174.01,911112,0
80.973731,0.051742,0.006764,19.290,0.869,4,OK,1007,0,0.3635,366,100.00,0,173.94,917456,0
81.025915,0.052184,0.007115,19.288,0.875,5,OK,1005,0,0.3582,360,100.00,0,172.47,917456,0
81.078196,0.052281,0.005794,19.283,0.888,6,OK,1006,0,0.3449,347,100.00,0,172.15,917456,0
81.130091,0.051895,0.006776,19.281,0.887,7,OK,1006,0,0.3519,354,100.00,0,154.16,910488,0
81.182054,0.051963,0.004934,19.303,0.610,8,OK,1004,0,0.3556,357,100.00,0,153.96,910488,0
81.233680,0.051627,0.005193,19.290,0.436,1,OK,1005,0,0.3274,329,100.00,0,135.59,910488,0
81.285432,0.051751,0.005155,19.293,0.432,2,OK,1005,0,0.3453,347,100.00,0,173.91,910960,0
81.337497,0.052065,0.005305,19.286,0.424,3,OK,1004,0,0.3297,331,100.00,0,192.07,910960,0
81.389098,0.051602,0.007726,19.289,0.433,4,OK,1006,0,0.3250,327,100.00,0,155.03,913488,0
81.440860,0.051762,0.008594,19.289,0.432,5,OK,1003,0,0.3210,322,100.00,0,212.51,913488,0
81.492997,0.052137,0.006541,19.287,0.441,6,OK,1004,0,0.3357,337,100.00,0,153.44,913488,0
81.545070,0.052073,0.005993,19.281,0.437,7,OK,1004,0,0.3317,333,100.00,0,172.83,913488,0
81.596637,0.051567,0.005222,19.285,0.449,8,OK,1005,0,0.3284,330,100.00,0,155.14,913488,0
81.648495,0.051858,0.005297,19.288,0.444,1,OK,1007,0,0.3227,325,100.00,0,173.55,913512,0
81.700165,0.051670,0.006220,19.293,0.439,2,OK,1005,0,0.3612,363,100.00,0,174.18,913752,0
81.752163,0.051998,0.006419,19.285,0.410,3,OK,1004,0,0.3307,332,100.00,0,173.08,921708,0
81.804011,0.051848,0.005823,19.286,0.409,4,OK,1003,0,0.3509,352,100.00,0,173.58,921708,0
81.855731,0.051721,0.005351,19.285,0.407,5,OK,1004,0,0.3566,358,100.00,0,174.01,921708,0
81.907104,0.051372,0.006238,19.295,0.426,6,OK,1006,0,0.3221,324,100.00,0,155.73,921712,0
81.958991,0.051887,0.005242,19.290,0.412,7,OK,1005,0,0.3383,340,100.00,0,154.18,921712,0
82.010744,0.051753,0.005458,19.287,0.395,8,OK,1004,0,0.3317,333,100.00,0,135.26,921744,0
82.062651,0.051907,0.005425,19.287,0.395,1,OK,1004,0,0.3436,345,100.00,0,154.12,921744,0
82.115052,0.052401,0.005858,19.280,0.439,2,OK,1003,0,0.3539,355,100.00,0,171.75,923192,0
82.166331,0.051279,0.006456,19.289,0.483,3,OK,1010,0,0.3337,337,100.00,0,175.51,923380,0
82.218201,0.051870,0.006172,19.286,0.478,4,OK,1003,0,0.3529,354,100.00,0,173.51,923380,0
82.269866,0.051665,0.007368,19.292,0.469,5,OK,1004,0,0.3386,340,100.00,0,174.20,923380,0
82.321923,0.052057,0.006562,19.286,0.468,6,OK,1006,0,0.3370,339,100.00,0,153.68,923380,0
82.373155,0.051232,0.006921,19.294,0.514,7,OK,1005,0,0.3493,351,100.00,0,156.15,923408,0
82.425136,0.051981,0.006941,19.294,0.515,1,OK,1005,0,0.3413,343,100.00,0,134.66,923408,0
82.476861,0.051725,0.009062,19.294,0.515,2,OK,1004,0,0.3855,387,100.00,0,174.00,923420,0
82.528861,0.052001,0.006763,19.291,0.517,3,OK,1005,0,0.3851,387,100.00,0,173.07,923424,0
82.580548,0.051686,0.006558,19.297,0.504,4,OK,1005,0,0.3662,368,100.00,0,174.13,923424,0
82.632133,0.051586,0.005515,19.306,0.483,5,OK,1003,0,0.3490,350,100.00,0,174.47,923424,0
82.683627,0.051494,0.005911,19.311,0.493,6,OK,1006,0,0.3549,357,100.00,0,194.20,923424,0
82.735296,0.051669,0.007304,19.314,0.490,7,OK,1005,0,0.3483,350,100.00,0,154.83,923456,0
82.786876,0.051580,0.005160,19.315,0.492,1,OK,1007,0,0.3386,341,100.00,0,155.10,923476,0
82.838587,0.051711,0.006508,19.316,0.493,2,OK,1003,0,0.3898,391,100.00,0,174.04,923476,0
82.890673,0.052086,0.005731,19.315,0.494,3,OK,1003,0,0.3858,387,100.00,0,172.79,923476,0
82.941916,0.051243,0.005749,19.320,0.524,4,OK,1007,0,0.3913,394,100.00,0,156.12,923476,0
82.993735,0.051819,0.005577,19.319,0.525,5,OK,1003,0,0.3729,374,100.00,0,173.68,923476,0
83.045305,0.051571,0.005956,19.326,0.511,6,OK,1004,0,0.3466,348,100.00,0,155.13,923476,0
83.096967,0.051662,0.008022,19.331,0.498,7,OK,1004,0,0.3546,356,100.00,0,154.85,923504,0
83.148515,0.051548,0.006072,19.331,0.499,1,OK,1000,0,0.3550,355,100.00,0,155.20,923504,0
83.200247,0.051732,0.006610,19.333,0.497,2,OK,1005,0,0.3821,384,100.00,0,173.97,923524,0
83.251790,0.051543,0.006211,19.335,0.501,3,OK,1002,0,0.4022,403,100.00,0,174.61,923524,0
83.303483,0.051694,0.005608,19.338,0.491,4,OK,1006,0,0.3907,393,100.00,0,174.10,923524,0
83.355034,0.051550,0.006074,19.342,0.491,5,OK,1004,0,0.3815,383,100.00,0,155.19,923524,0
83.407002,0.051969,0.005740,19.339,0.500,6,OK,1003,0,0.3719,373,100.00,0,173.18,923524,0
83.458295,0.051293,0.005925,19.340,0.507,7,OK,1005,0,0.3831,385,100.00,0,175.46,923524,0
83.509884,0.051589,0.005671,19.344,0.505,1,OK,1003,0,0.3779,379,100.00,0,155.07,923524,0
83.562132,0.052248,0.006311,19.338,0.540,2,OK,1002,0,0.4152,416,100.00,0,172.26,923544,0
83.613300,0.051168,0.006395,19.347,0.567,3,OK,1004,0,0.4293,431,100.00,0,156.35,923544,0
83.665066,0.051767,0.006922,19.355,0.507,4,OK,1001,0,0.4066,407,100.00,0,193.17,923544,0
83.716755,0.051688,0.005854,19.350,0.488,5,OK,1004,0,0.4004,402,100.00,0,154.77,923544,0
83.768458,0.051703,0.007901,19.352,0.483,6,OK,1004,0,0.3974,399,100.00,0,193.41,923544,0
83.820016,0.051558,0.005584,19.353,0.485,7,OK,1003,0,0.3908,392,100.00,0,135.77,923544,0
83.871689,0.051673,0.006218,19.358,0.465,8,OK,1004,0,0.4213,423,100.00,0,96.76,923544,0
83.923553,0.051864,0.005678,19.350,0.444,1,OK,1004,0,0.3835,385,100.00,0,134.97,923544,0
83.975219,0.051665,0.005539,19.354,0.430,2,OK,1006,0,0.4284,431,100.00,0,174.20,923556,0
84.026869,0.051650,0.005851,19.355,0.430,3,OK,1002,0,0.4132,414,100.00,0,174.25,923604,0
84.078689,0.051821,0.006004,19.357,0.417,4,OK,1005,0,0.4010,403,100.00,0,173.68,923604,0
84.130817,0.052128,0.005943,19.351,0.447,5,OK,1007,0,0.4310,434,100.00,0,191.84,923604,0
84.182209,0.051392,0.005723,19.354,0.457,6,OK,1007,0,0.4181,421,100.00,0,155.67,923604,0
84.233953,0.051744,0.008843,19.351,0.453,7,OK,1009,0,0.4163,420,100.00,0,173.93,923616,0
84.285359,0.051405,0.005693,19.354,0.463,8,OK,1003,0,0.4108,412,100.00,0,58.36,923616,0
84.337068,0.051710,0.006174,19.352,0.462,1,OK,1006,0,0.4056,408,100.00,0,135.37,923616,0
84.388799,0.051731,0.007061,19.352,0.462,2,OK,1005,0,0.4537,456,100.00,0,173.98,923636,0
84.440571,0.051772,0.008628,19.356,0.440,3,OK,1006,0,0.4354,438,100.00,0,193.16,923636,0
84.492285,0.051714,0.006167,19.350,0.413,4,OK,1004,0,0.4124,414,100.00,0,174.03,923636,0
84.543631,0.051346,0.006099,19.356,0.426,5,OK,1006,0,0.4225,425,100.00,0,155.81,923636,0
84.595095,0.051464,0.006034,19.357,0.430,6,OK,1003,0,0.4128,414,100.00,0,174.88,923636,0
84.647262,0.052167,0.006015,19.351,0.465,7,OK,1006,0,0.4245,427,100.00,0,172.52,923636,0
84.698391,0.051129,0.005927,19.356,0.501,1,OK,1002,0,0.4072,408,100.00,0,176.03,923636,0
84.749665,0.051274,0.005184,19.362,0.518,2,OK,1002,0,0.4401,441,100.00,0,156.02,923652,0
84.801473,0.051807,0.005702,19.359,0.520,3,OK,1005,0,0.3950,397,100.00,0,173.72,923652,0
84.853199,0.051726,0.006331,19.358,0.520,4,OK,996,0,0.3635,362,100.00,0,193.33,923652,0
84.905283,0.052085,0.005383,19.352,0.539,5,OK,1002,0,0.3463,347,100.00,0,153.60,923652,0
84.956372,0.051089,0.005696,19.363,0.565,6,OK,1000,0,0.3640,364,100.00,0,156.59,923652,0
85.008046,0.051674,0.008237,19.358,0.551,7,OK,989,0,0.3589,355,100.00,0,174.17,923652,0
85.059246,0.051200,0.004973,19.363,0.573,1,OK,977,0,0.3429,335,100.00,0,156.25,923664,0
85.110755,0.051509,0.004770,19.372,0.532,2,OK,970,0,0.3423,332,100.00,0,174.73,923664,0
85.162151,0.051396,0.005092,19.369,0.514,3,OK,957,0,0.3292,315,100.00,0,155.65,923668,0
85.213596,0.051445,0.005648,19.373,0.515,4,OK,945,0,0.3101,293,100.00,0,174.94,923668,0
85.265256,0.051660,0.006472,19.374,0.515,5,OK,944,0,0.3051,288,100.00,0,174.22,923668,0
85.316481,0.051225,0.005599,19.380,0.531,6,OK,927,0,0.3258,302,100.00,0,195.22,923668,0
85.367803,0.051322,0.004174,19.383,0.540,7,OK,918,0,0.3170,291,100.00,0,136.39,923668,0
85.419566,0.051763,0.004336,19.381,0.543,1,OK,920,0,0.2978,274,100.00,0,154.55,924132,0
85.471003,0.051437,0.004295,19.387,0.537,2,OK,909,0,0.3058,278,100.00,0,155.53,924516,0
85.522496,0.051493,0.005765,19.389,0.537,3,OK,916,0,0.2904,266,100.00,0,155.36,924516,0
85.574129,0.051633,0.005282,19.389,0.537,4,OK,919,0,0.2873,264,100.00,0,174.31,924596,0
85.625914,0.051785,0.004767,19.390,0.535,5,OK,919,0,0.2786,256,100.00,0,154.49,925368,0
85.677206,0.051292,0.004941,19.400,0.505,1,OK,921,0,0.2682,247,100.00,0,155.97,925380,0
85.728937,0.051731,0.005623,19.396,0.506,2,OK,910,0,0.3231,294,100.00,0,173.98,925420,0
85.780323,0.051387,0.005963,19.400,0.504,3,OK,923,0,0.3153,291,100.00,0,175.14,925420,0
85.832608,0.052285,0.006181,19.389,0.563,4,OK,906,0,0.3068,278,100.00,0,172.13,925420,0
85.884505,0.051897,0.005016,19.387,0.572,5,OK,910,0,0.3055,278,100.00,0,154.15,925420,0
85.935810,0.051305,0.004743,19.392,0.577,1,OK,905,0,0.3017,273,100.00,0,175.42,925464,0
85.987703,0.051893,0.005116,19.391,0.584,2,OK,902,0,0.3625,327,100.00,0,173.43,925464,0
86.039227,0.051524,0.005261,19.393,0.582,3,OK,906,0,0.3488,316,100.00,0,155.27,925464,0
86.090811,0.051584,0.005161,19.390,0.577,4,OK,905,0,0.3470,314,100.00,0,174.47,925464,0
86.142148,0.051336,0.004981,19.392,0.582,5,OK,906,0,0.3609,327,100.00,0,155.84,925464,0
86.193555,0.051407,0.005834,19.401,0.543,1,OK,893,0,0.3583,320,100.00,0,155.62,925584,0
86.245000,0.051445,0.006324,19.397,0.523,2,OK,910,0,0.3802,346,100.00,0,174.94,925584,0
86.296762,0.051762,0.004776,19.391,0.518,3,OK,895,0,0.3911,350,100.00,0,173.87,925992,0
86.348287,0.051525,0.006686,19.395,0.511,4,OK,893,0,0.3763,336,100.00,0,174.67,926140,0
86.399973,0.051686,0.004896,19.395,0.509,5,OK,906,0,0.3687,334,100.00,0,154.78,926140,0
86.451248,0.051275,0.004929,19.405,0.482,6,OK,900,0,0.3578,322,100.00,0,117.02,926152,0
86.502718,0.051470,0.004591,19.401,0.456,1,OK,897,0,0.3478,312,100.00,0,136.00,926276,0
86.554166,0.051447,0.004657,19.403,0.455,2,OK,888,0,0.3975,353,100.00,0,194.37,926276,0
86.605741,0.051575,0.005074,19.399,0.438,3,OK,893,0,0.3707,331,100.00,0,155.11,926276,0
86.657126,0.051386,0.005747,19.400,0.442,4,OK,875,0,0.3646,319,100.00,0,175.15,926276,0
86.708587,0.051461,0.004570,19.399,0.439,5,OK,874,0,0.3478,304,100.00,0,136.03,926304,0
86.760045,0.051458,0.005894,19.399,0.439,1,OK,860,0,0.3326,286,100.00,0,136.03,926316,0
86.812355,0.052310,0.004050,19.391,0.512,2,OK,887,0,0.3405,302,100.00,0,172.05,926664,0
86.864188,0.051834,0.006350,19.384,0.504,3,OK,895,0,0.3095,277,100.00,0,173.63,926664,0
86.916196,0.052008,0.004130,19.375,0.514,4,OK,896,0,0.2980,267,100.00,0,173.05,926664,0
86.967867,0.051671,0.003703,19.376,0.512,5,OK,878,0,0.3098,272,100.00,0,116.12,926688,0
87.019510,0.051643,0.003820,19.373,0.508,1,OK,910,0,0.3077,280,100.00,0,154.91,926768,0
87.071277,0.051767,0.004096,19.370,0.509,2,OK,925,0,0.3168,293,100.00,0,154.54,926768,0
87.123084,0.051807,0.004554,19.368,0.513,3,OK,904,0,0.3208,290,100.00,0,173.72,926768,0
87.175423,0.052339,0.004184,19.361,0.566,4,OK,889,0,0.3105,276,100.00,0,152.85,926768,0
87.226493,0.051071,0.004865,19.364,0.589,5,OK,898,0,0.3085,277,100.00,0,156.65,926800,0
87.278135,0.051642,0.004204,19.365,0.588,1,OK,902,0,0.2960,267,100.00,0,154.91,926800,0
87.330681,0.052546,0.004016,19.350,0.659,2,OK,919,0,0.3449,317,100.00,0,171.28,926800,0
87.381896,0.051215,0.004283,19.364,0.641,3,OK,905,0,0.3569,323,100.00,0,156.20,926800,0
87.433504,0.051608,0.004268,19.367,0.635,4,OK,906,0,0.3355,304,100.00,0,135.64,926800,0
87.484974,0.051470,0.005054,19.365,0.626,5,OK,909,0,0.3366,306,100.00,0,155.43,926804,0
87.536768,0.051794,0.003811,19.367,0.622,1,OK,908,0,0.3150,286,100.00,0,154.46,926804,0
87.588580,0.051812,0.004018,19.363,0.624,2,OK,907,0,0.3528,320,100.00,0,154.40,926804,0
87.641367,0.052787,0.004009,19.348,0.738,3,OK,896,0,0.3627,325,100.00,0,170.50,926804,0
87.691934,0.050567,0.004146,19.358,0.827,4,OK,896,0,0.3538,317,100.00,0,177.98,926804,0
87.743460,0.051526,0.003782,19.356,0.823,5,OK,903,0,0.3632,328,100.00,0,77.63,926824,0
87.795294,0.051834,0.003903,19.351,0.821,1,OK,928,0,0.3297,306,100.00,0,154.34,926824,0
87.846988,0.051694,0.004118,19.352,0.821,2,OK,889,0,0.3870,344,100.00,0,193.45,926824,0
87.898664,0.051677,0.005543,19.350,0.819,3,OK,921,0,0.3659,337,100.00,0,154.81,926824,0
87.950713,0.052048,0.004637,19.346,0.829,4,OK,925,0,0.3589,332,100.00,0,153.70,926824,0
88.002188,0.051475,0.003868,19.343,0.819,5,OK,919,0,0.3667,337,100.00,0,97.13,926864,0
88.053612,0.051425,0.003879,19.344,0.821,1,OK,895,0,0.3654,327,100.00,0,136.12,926864,0
88.105172,0.051560,0.004185,19.342,0.817,2,OK,869,0,0.4016,349,100.00,0,155.16,926864,0
88.157050,0.051878,0.005065,19.339,0.818,3,OK,894,0,0.3859,345,100.00,0,173.49,926864,0
88.207969,0.050919,0.004275,19.344,0.857,4,OK,869,0,0.3913,340,100.00,0,176.75,926864,0
88.259330,0.051360,0.003742,19.346,0.861,5,OK,869,0,0.3843,334,100.00,0,77.88,926884,0
88.311017,0.051687,0.004071,19.343,0.857,1,OK,869,0,0.3671,319,100.00,0,154.78,926888,0
88.362785,0.051768,0.004229,19.349,0.829,2,OK,847,0,0.3955,335,100.00,0,173.85,926888,0
88.414405,0.051620,0.004115,19.352,0.827,3,OK,880,0,0.3557,313,100.00,0,154.98,926888,0
88.465834,0.051429,0.004124,19.359,0.823,4,OK,848,0,0.3408,289,100.00,0,175.00,926888,0
88.517446,0.051612,0.003591,19.360,0.823,5,OK,889,0,0.2688,239,100.00,0,96.88,926892,0
88.569147,0.051701,0.003872,19.359,0.823,1,OK,901,0,0.2597,234,100.00,0,174.08,926984,0
88.621140,0.051993,0.004640,19.357,0.831,2,OK,896,0,0.3136,281,100.00,0,173.10,926984,0
88.672951,0.051811,0.005094,19.356,0.831,3,OK,887,0,0.3145,279,100.00,0,154.41,926984,0
88.724471,0.051520,0.004586,19.367,0.796,4,OK,905,0,0.2972,269,100.00,0,135.87,927004,0
88.776564,0.052093,0.004095,19.354,0.784,1,OK,912,0,0.2884,263,100.00,0,172.77,927008,0
88.828141,0.051577,0.004618,19.355,0.785,2,OK,891,0,0.3423,305,100.00,0,174.50,927004,0
88.880057,0.051917,0.004007,19.363,0.725,3,OK,907,0,0.3264,296,100.00,0,154.09,927004,0
88.931610,0.051553,0.003626,19.358,0.709,4,OK,929,0,0.3111,289,100.00,0,155.18,927032,0
88.983442,0.051832,0.003590,19.356,0.711,1,OK,908,0,0.3216,292,100.00,0,135.05,927036,0
89.034895,0.051453,0.003594,19.356,0.712,2,OK,901,0,0.3452,311,100.00,0,174.92,927036,0
89.086514,0.051620,0.003701,19.358,0.711,3,OK,877,0,0.3364,295,100.00,0,154.98,927036,0
89.138610,0.052096,0.003762,19.354,0.725,4,OK,891,0,0.3109,277,100.00,0,153.56,927064,0
89.190450,0.051840,0.003817,19.366,0.608,1,OK,867,0,0.3195,277,100.00,0,135.03,927072,0
89.242025,0.051575,0.003696,19.354,0.472,2,OK,843,0,0.3784,319,100.00,0,174.50,927072,0
89.293596,0.051571,0.003771,19.353,0.470,3,OK,846,0,0.3487,295,100.00,0,174.52,927072,0
89.344868,0.051272,0.004137,19.360,0.487,4,OK,851,0,0.3267,278,100.00,0,156.03,927080,0
89.396647,0.051780,0.003400,19.359,0.488,1,OK,861,0,0.3357,289,100.00,0,154.50,927120,0
89.447998,0.051351,0.003788,19.363,0.500,2,OK,774,0,0.4160,322,100.00,0,155.79,927120,0
89.499646,0.051648,0.004712,19.368,0.478,3,OK,814,0,0.3821,311,100.00,0,154.89,927120,0
89.551340,0.051694,0.005555,19.365,0.475,4,OK,794,0,0.3829,304,100.00,0,154.76,927120,0
89.602994,0.051653,0.004359,19.363,0.469,1,OK,812,0,0.3670,298,100.00,0,174.24,927136,0
89.655128,0.052135,0.003690,19.355,0.497,2,OK,810,0,0.3840,311,100.00,0,153.45,927136,0
89.709630,0.054502,0.004314,19.323,1.102,3,OK,839,0,0.3361,282,100.00,0,146.78,927136,0
89.759688,0.050058,0.009510,19.333,1.218,4,OK,805,0,0.3466,279,100.00,0,199.77,927136,0
89.811036,0.051349,0.013573,19.334,1.218,5,OK,862,0,0.3063,264,100.00,0,136.32,927136,0
89.863062,0.052026,0.004680,19.329,1.223,1,OK,832,0,0.3125,260,100.00,0,153.77,927140,0
89.914068,0.051006,0.004022,19.339,1.249,2,OK,844,0,0.3033,256,100.00,0,156.84,927140,0
89.965925,0.051857,0.004150,19.336,1.249,3,OK,854,0,0.2845,243,100.00,0,173.55,927140,0
90.017859,0.051934,0.004269,19.330,1.247,4,OK,863,0,0.2885,249,100.00,0,154.04,927140,0
90.069475,0.051617,0.003478,19.330,1.247,1,OK,890,0,0.2562,228,100.00,0,135.62,927176,0
90.121094,0.051618,0.003693,19.331,1.247,2,OK,898,0,0.3107,279,100.00,0,174.36,927176,0
90.172378,0.051284,0.006479,19.339,1.254,3,OK,904,0,0.2987,270,100.00,0,175.49,927176,0
90.224370,0.051992,0.003455,19.337,1.257,1,OK,908,0,0.2930,266,100.00,0,134.64,927180,0
90.276036,0.051666,0.003744,19.335,1.255,2,OK,894,0,0.3423,306,100.00,0,174.19,927180,0
90.328464,0.052428,0.003741,19.331,1.272,3,OK,879,0,0.3333,293,100.00,0,152.59,927180,0
90.379382,0.050918,0.003647,19.339,1.303,1,OK,876,0,0.3174,278,100.00,0,196.39,927228,0
90.431307,0.051925,0.003911,19.339,1.303,2,OK,873,0,0.3826,334,100.00,0,154.07,927228,0
90.482690,0.051383,0.004340,19.341,1.307,3,OK,859,0,0.3714,319,100.00,0,155.69,927228,0
90.534228,0.051539,0.003572,19.345,1.308,4,OK,843,0,0.3440,290,100.00,0,97.01,927248,0
90.585753,0.051524,0.004514,19.344,1.306,1,OK,810,0,0.3531,286,100.00,0,174.68,927252,0
90.637506,0.051753,0.003844,19.342,1.306,2,OK,771,0,0.4306,332,100.00,0,173.90,927252,0
90.689091,0.051585,0.004753,19.349,1.299,3,OK,774,0,0.3734,289,100.00,0,135.70,927252,0
90.740409,0.051318,0.007106,19.355,1.304,4,OK,769,0,0.3940,303,100.00,0,136.40,927252,0
90.791809,0.051400,0.005356,19.358,1.307,1,OK,749,0,0.3899,292,100.00,0,155.64,927260,0
90.843620,0.051811,0.003715,19.355,1.308,2,OK,816,0,0.3676,300,100.00,0,173.71,927260,0
90.895054,0.051434,0.004105,19.353,1.303,3,OK,788,0,0.3921,309,100.00,0,174.98,927260,0
90.946838,0.051784,0.009686,19.352,1.303,4,OK,833,0,0.3721,310,100.00,0,115.87,927260,0
90.998518,0.051680,0.003752,19.348,1.297,1,OK,789,0,0.3992,315,100.00,0,154.80,927264,0
91.050045,0.051527,0.003636,19.350,1.299,2,OK,817,0,0.3574,292,100.00,0,155.26,927264,0
91.101616,0.051570,0.003793,19.351,1.299,3,OK,783,0,0.3793,297,100.00,0,155.13,927264,0
91.153247,0.051631,0.007823,19.352,1.299,4,OK,805,0,0.3404,274,100.00,0,154.95,927272,0
91.204790,0.051544,0.003690,19.359,1.290,1,OK,850,0,0.3176,270,100.00,0,174.61,927288,0
91.256706,0.051915,0.003859,19.391,0.796,2,OK,825,0,0.3236,267,100.00,0,154.10,927288,0
91.307977,0.051271,0.005130,19.376,0.594,3,OK,862,0,0.2274,196,100.00,0,195.04,927288,0
91.359348,0.051371,0.004974,19.376,0.592,4,OK,835,0,0.2192,183,100.00,0,136.26,927288,0
91.410628,0.051279,0.004733,19.385,0.584,5,OK,815,0,0.2049,167,100.00,0,156.01,927288,0
91.462147,0.051520,0.004727,19.379,0.546,1,OK,828,0,0.2379,197,100.00,0,155.28,927316,0
91.513747,0.051600,0.004370,19.382,0.539,2,OK,818,0,0.2359,193,100.00,0,174.42,927316,0
91.565022,0.051275,0.004576,19.390,0.536,3,OK,806,0,0.2481,200,100.00,0,156.02,927316,0
91.616290,0.051267,0.004140,19.395,0.546,4,OK,799,0,0.2178,174,100.00,0,136.54,927344,0
91.667771,0.051481,0.003691,19.396,0.546,1,OK,766,0,0.2324,178,100.00,0,174.82,927352,0
91.719340,0.051569,0.003524,19.393,0.537,2,OK,785,0,0.2395,188,100.00,0,155.13,927352,0
91.770826,0.051486,0.003753,19.399,0.515,3,OK,751,0,0.2357,177,100.00,0,155.38,927352,0
91.822066,0.051239,0.003767,19.405,0.525,4,OK,774,0,0.2339,181,100.00,0,156.13,927364,0
91.873858,0.051792,0.003415,19.413,0.426,1,OK,758,0,0.2322,176,100.00,0,135.15,927364,0
91.925424,0.051566,0.003479,19.404,0.368,2,OK,765,0,0.2784,213,100.00,0,174.53,927364,0
91.977930,0.052505,0.003875,19.397,0.483,3,OK,712,0,0.3160,225,100.00,0,171.41,927364,0
92.028229,0.050299,0.006661,19.411,0.650,4,OK,729,0,0.2840,207,100.00,0,119.29,927392,0
92.079795,0.051566,0.005146,19.410,0.650,1,OK,733,0,0.2701,198,100.00,0,155.14,927400,0
92.131467,0.051672,0.005288,19.408,0.652,2,OK,682,0,0.3475,237,100.00,0,174.18,927400,0
92.183247,0.051779,0.004451,19.408,0.654,3,OK,733,0,0.2810,206,100.00,0,154.50,927400,0
92.234498,0.051251,0.003544,19.412,0.660,4,OK,728,0,0.2926,213,100.00,0,156.09,927400,0
92.285923,0.051425,0.003344,19.411,0.657,5,OK,704,0,0.2955,208,100.00,0,136.12,927400,0
92.337511,0.051588,0.003508,19.409,0.656,1,OK,689,0,0.2917,201,100.00,0,135.69,927412,0
92.389156,0.051644,0.003526,19.411,0.650,2,OK,737,0,0.3039,224,100.00,0,154.91,927412,0
92.440605,0.051449,0.004003,19.411,0.649,3,OK,729,0,0.3182,232,100.00,0,174.93,927412,0
92.492027,0.051422,0.003637,19.415,0.643,4,OK,779,0,0.2567,200,100.00,0,175.02,927412,0
92.543563,0.051536,0.004312,19.417,0.640,5,OK,823,0,0.2467,203,100.00,0,116.42,927412,0
92.595225,0.051662,0.003931,19.415,0.643,1,OK,815,0,0.2466,201,100.00,0,154.85,927424,0
92.646625,0.051401,0.003776,19.417,0.643,2,OK,843,0,0.2788,235,100.00,0,136.19,927440,0
92.698114,0.051489,0.005070,19.419,0.642,3,OK,844,0,0.2820,238,100.00,0,174.80,927440,0
92.749729,0.051616,0.005605,19.418,0.643,4,OK,847,0,0.2786,236,100.00,0,154.99,927440,0
92.801082,0.051353,0.010042,19.425,0.627,5,OK,899,0,0.2703,243,100.00,0,155.79,927456,0
92.852988,0.051907,0.003965,19.417,0.639,1,OK,900,0,0.2656,239,100.00,0,154.12,927556,0
92.904515,0.051526,0.004517,19.415,0.637,2,OK,906,0,0.3079,279,100.00,0,155.26,927768,0
92.956401,0.051886,0.004730,19.408,0.645,3,OK,916,0,0.2926,268,100.00,0,173.46,927768,0
93.009287,0.052886,0.004993,19.391,0.800,4,OK,926,0,0.2808,260,100.00,0,170.18,927768,0
93.059627,0.050340,0.004875,19.406,0.908,5,OK,938,0,0.3006,282,100.00,0,158.92,927768,0
93.111968,0.052341,0.004705,19.393,0.945,6,OK,956,0,0.3201,306,100.00,0,133.74,927800,0
93.163798,0.051829,0.006012,19.386,0.943,1,OK,934,0,0.2880,269,100.00,0,154.35,927836,0
93.215026,0.051229,0.006763,19.389,0.950,2,OK,952,0,0.3393,323,100.00,0,156.16,928236,0
93.268261,0.053235,0.004993,19.368,1.111,3,OK,961,0,0.3403,327,100.00,0,169.06,928236,0
93.318648,0.050386,0.008066,19.382,1.192,4,OK,975,0,0.3313,323,100.00,0,178.62,928236,0
93.370658,0.052010,0.005611,19.372,1.193,5,OK,955,0,0.3288,314,100.00,0,153.82,928292,0
93.422210,0.051552,0.006000,19.375,1.192,6,OK,979,0,0.3044,298,100.00,0,193.98,925684,0
93.473711,0.051500,0.004782,19.376,1.193,7,OK,965,0,0.3565,344,100.00,0,135.92,925684,0
93.525644,0.051933,0.005109,19.383,1.155,1,OK,976,0,0.3197,312,100.00,0,134.79,925684,0
93.577452,0.051807,0.004633,19.365,1.058,2,OK,970,0,0.3392,329,100.00,0,173.72,926112,0
93.628922,0.051470,0.005045,19.366,1.060,3,OK,964,0,0.3371,325,100.00,0,174.86,926444,0
93.680471,0.051549,0.005110,19.367,1.060,4,OK,967,0,0.3289,318,100.00,0,174.59,933140,0
93.732708,0.052237,0.006383,19.362,1.080,5,OK,933,0,0.3355,313,100.00,0,172.29,933140,0
93.783740,0.051032,0.005435,19.364,1.092,6,OK,922,0,0.3536,326,100.00,0,156.76,933140,0
93.835705,0.051965,0.005108,19.358,1.095,7,OK,933,0,0.3215,300,100.00,0,173.19,926992,0
93.887047,0.051342,0.007443,19.361,1.100,8,OK,949,0,0.3151,299,100.00,0,155.82,927004,0
93.939102,0.052055,0.005195,19.356,1.109,1,OK,952,0,0.3288,313,100.00,0,192.10,927296,0
93.990437,0.051335,0.005237,19.357,1.112,2,OK,965,0,0.3762,363,100.00,0,155.84,927552,0
94.041937,0.051501,0.005459,19.356,1.111,3,OK,929,0,0.3552,330,100.00,0,174.75,927552,0
94.093485,0.051548,0.005210,19.356,1.110,4,OK,939,0,0.3259,306,100.00,0,155.20,927608,0
94.145198,0.051713,0.005529,19.355,1.111,5,OK,945,0,0.3280,310,100.00,0,193.38,927756,0
94.196971,0.051773,0.007340,19.351,1.107,6,OK,963,0,0.3032,292,100.00,0,154.52,927740,0
94.248366,0.051395,0.005620,19.352,1.109,7,OK,952,0,0.3204,305,100.00,0,116.74,927768,0
94.301001,0.052635,0.005818,19.339,1.157,1,OK,971,0,0.3326,323,100.00,0,151.99,927828,0
94.351807,0.050806,0.006665,19.346,1.194,2,OK,957,0,0.4138,396,100.00,0,177.14,929032,0
94.403484,0.051677,0.006984,19.349,1.191,3,OK,952,0,0.3908,372,100.00,0,174.16,929092,0
94.455150,0.051666,0.007051,19.347,1.190,4,OK,962,0,0.3960,381,100.00,0,154.84,929092,0
94.507088,0.051938,0.008230,19.346,1.191,5,OK,960,0,0.3927,377,100.00,0,173.28,929092,0
94.558652,0.051564,0.008889,19.363,1.112,6,OK,952,0,0.4118,392,100.00,0,174.54,928724,0
94.610468,0.051817,0.006954,19.344,1.008,7,OK,967,0,0.4012,388,100.00,0,173.69,928724,0
94.661943,0.051475,0.006383,19.355,0.984,8,OK,965,0,0.3948,381,100.00,0,97.13,928748,0
94.713537,0.051594,0.006737,19.358,0.983,9,OK,951,0,0.3870,368,100.00,0,77.53,928748,0
94.765248,0.051711,0.006626,19.352,0.970,1,OK,960,0,0.3583,344,100.00,0,154.71,928748,0
94.816894,0.051646,0.006873,19.372,0.793,2,OK,964,0,0.4180,403,100.00,0,193.62,929820,0
94.868728,0.051834,0.006545,19.354,0.658,3,OK,972,0,0.3858,375,100.00,0,154.34,929820,0
94.920376,0.051648,0.006927,19.358,0.647,4,OK,978,0,0.3824,374,100.00,0,174.26,938108,0
94.972133,0.051757,0.006532,19.356,0.647,5,OK,996,0,0.3635,362,100.00,0,193.21,938108,0
95.024212,0.052079,0.008896,19.349,0.659,6,OK,986,0,0.4097,404,100.00,0,153.61,938108,0
95.075961,0.051749,0.006745,19.351,0.654,7,OK,990,0,0.3929,389,100.00,0,173.91,937040,0
95.127491,0.051530,0.008927,19.354,0.654,8,OK,991,0,0.3835,380,100.00,0,174.66,937040,0
95.179628,0.052138,0.006460,19.346,0.670,1,OK,995,0,0.3950,393,100.00,0,172.62,937080,0
95.231055,0.051427,0.006600,19.348,0.674,2,OK,992,0,0.4042,401,100.00,0,155.56,938324,0
95.283026,0.051971,0.006737,19.351,0.653,3,OK,999,0,0.3864,386,100.00,0,173.17,938348,0
95.334893,0.051867,0.007444,19.340,0.613,4,OK,1001,0,0.3946,395,100.00,0,173.52,969012,0
95.386460,0.051566,0.006800,19.345,0.608,5,OK,1001,0,0.3786,379,100.00,0,193.93,969012,0
95.438139,0.051679,0.006761,19.341,0.594,6,OK,1002,0,0.3643,365,100.00,0,193.50,969012,0
95.489880,0.051741,0.006629,19.345,0.581,7,OK,1005,0,0.3512,353,100.00,0,173.94,969012,0
95.541727,0.051848,0.006691,19.339,0.569,8,OK,1003,0,0.3549,356,100.00,0,173.59,969012,0
95.593685,0.051958,0.006611,19.333,0.570,9,OK,1007,0,0.3535,356,100.00,0,153.97,967744,0
95.645215,0.051530,0.007544,19.333,0.571,10,OK,1005,0,0.3522,354,100.00,0,174.66,967744,0
95.697197,0.051982,0.007224,19.330,0.577,1,OK,1002,0,0.3513,352,100.00,0,173.14,967776,0
95.749085,0.051888,0.008598,19.328,0.580,2,OK,1006,0,0.3658,368,100.00,0,192.72,968864,0
95.800780,0.051695,0.006879,19.325,0.567,3,OK,1003,0,0.3609,362,100.00,0,154.75,969128,0
95.852486,0.051706,0.007125,19.336,0.469,4,OK,1004,0,0.3576,359,100.00,0,193.40,969600,0
95.904120,0.051633,0.007199,19.326,0.339,5,OK,1008,0,0.3760,379,100.00,0,174.31,991600,0
95.956018,0.051898,0.007142,19.323,0.342,6,OK,1005,0,0.3672,369,100.00,0,173.42,991600,0
96.007852,0.051834,0.006931,19.321,0.342,7,OK,1004,0,0.3566,358,100.00,0,173.63,991600,0
96.059493,0.051641,0.007222,19.325,0.338,8,OK,1006,0,0.3579,360,100.00,0,174.28,991600,0
96.111213,0.051721,0.007879,19.323,0.331,9,OK,1009,0,0.3697,373,100.00,0,193.35,991600,0
96.163421,0.052208,0.007006,19.318,0.367,10,OK,1009,0,0.3538,357,100.00,0,172.39,991600,0
96.215156,0.051734,0.007462,19.315,0.352,11,OK,1006,0,0.3390,341,100.00,0,173.97,991600,0
96.266991,0.051836,0.007926,19.312,0.346,12,OK,1004,0,0.3277,329,100.00,0,173.63,945612,0
96.318616,0.051625,0.008653,19.313,0.350,13,OK,1006,0,0.3549,357,100.00,0,193.70,945612,0
96.370360,0.051744,0.006898,19.312,0.347,1,OK,1004,0,0.3526,354,100.00,0,173.93,945660,0
96.422172,0.051811,0.006919,19.312,0.346,2,OK,1004,0,0.4084,410,100.00,0,173.71,946892,0
96.473904,0.051733,0.007380,19.311,0.344,3,OK,1003,0,0.3769,378,100.00,0,173.97,947024,0
96.525708,0.051804,0.007825,19.310,0.343,4,OK,1006,0,0.3738,376,100.00,0,193.04,955632,0
96.577369,0.051661,0.007715,19.315,0.329,5,OK,1008,0,0.3730,376,100.00,0,174.21,976084,0
96.629245,0.051876,0.007900,19.314,0.331,6,OK,1011,0,0.3848,389,100.00,0,173.49,976084,0
96.680932,0.051686,0.007459,19.312,0.321,7,OK,1007,0,0.3774,380,100.00,0,193.47,976084,0
96.733089,0.052158,0.007872,19.312,0.324,8,OK,1006,0,0.3598,362,100.00,0,172.55,976084,0
96.784967,0.051878,0.009201,19.306,0.299,9,OK,1005,0,0.3731,375,100.00,0,173.48,976084,0
96.836482,0.051515,0.008294,19.312,0.308,10,OK,1008,0,0.3671,370,100.00,0,174.71,976084,0
96.888240,0.051758,0.008820,19.313,0.306,11,OK,1008,0,0.3472,350,100.00,0,193.21,947116,0
96.940014,0.051774,0.009503,19.311,0.297,12,OK,1010,0,0.3554,359,100.00,0,173.83,945768,0
96.991757,0.051743,0.007035,19.310,0.295,13,OK,1009,0,0.3548,358,100.00,0,135.28,945768,0
97.043398,0.051641,0.007020,19.311,0.299,1,OK,1006,0,0.3489,351,100.00,0,154.92,945768,0
97.095329,0.051931,0.006742,19.310,0.302,2,OK,1006,0,0.3956,398,100.00,0,192.56,947000,0
97.147142,0.051813,0.007784,19.312,0.296,3,OK,1005,0,0.3602,362,100.00,0,173.70,947228,0
97.198773,0.051631,0.008154,19.311,0.287,4,OK,1008,0,0.3690,372,100.00,0,174.31,955968,0
97.250284,0.051511,0.008025,19.316,0.294,5,OK,1010,0,0.3515,355,100.00,0,194.13,976820,0
97.302142,0.051857,0.008379,19.317,0.292,6,OK,1005,0,0.3602,362,100.00,0,173.55,976820,0
97.353875,0.051733,0.007336,19.316,0.292,7,OK,1008,0,0.3462,349,100.00,0,193.30,976820,0
97.405991,0.052117,0.007657,19.311,0.314,8,OK,1008,0,0.3393,342,100.00,0,153.50,976820,0
97.457457,0.051466,0.007864,19.313,0.329,9,OK,1007,0,0.3426,345,100.00,0,174.87,976820,0
97.509180,0.051723,0.007812,19.315,0.327,10,OK,1007,0,0.3486,351,100.00,0,193.34,976820,0
97.561084,0.051904,0.007441,19.315,0.329,11,OK,1005,0,0.3403,342,100.00,0,173.40,947212,0
97.612816,0.051732,0.007523,19.313,0.326,12,OK,1007,0,0.3496,352,100.00,0,173.97,945880,0
97.664541,0.051725,0.007038,19.313,0.326,13,OK,1007,0,0.3406,343,100.00,0,135.33,945888,0
97.716433,0.051892,0.007864,19.317,0.291,1,OK,1007,0,0.3327,335,100.00,0,173.44,945888,0
97.768402,0.051969,0.007779,19.314,0.299,2,OK,1005,0,0.3801,382,100.00,0,192.42,946644,0
97.820158,0.051756,0.008919,19.315,0.298,3,OK,1011,0,0.3689,373,100.00,0,173.89,947240,0
97.871934,0.051776,0.009104,19.313,0.293,4,OK,1008,0,0.3671,370,100.00,0,173.82,947240,0
97.923802,0.051868,0.008426,19.312,0.295,5,OK,1004,0,0.3725,374,100.00,0,173.52,976868,0
97.975476,0.051674,0.007512,19.314,0.297,6,OK,1006,0,0.3559,358,100.00,0,154.82,976868,0
98.027496,0.052019,0.007501,19.310,0.308,7,OK,1007,0,0.3615,364,100.00,0,192.24,976868,0
98.079017,0.051521,0.012723,19.314,0.321,8,OK,1003,0,0.3699,371,100.00,0,194.10,976868,0
98.130862,0.051846,0.007504,19.311,0.319,9,OK,1004,0,0.3506,352,100.00,0,173.59,976868,0
98.182868,0.052006,0.007616,19.310,0.327,10,OK,1009,0,0.3598,363,100.00,0,173.06,976868,0
98.234735,0.051867,0.007476,19.307,0.326,11,OK,1004,0,0.3337,335,100.00,0,173.52,947232,0
98.286354,0.051620,0.007950,19.314,0.304,12,OK,1006,0,0.3598,362,100.00,0,174.35,945888,0
98.338183,0.051829,0.007007,19.315,0.303,13,OK,1003,0,0.3838,385,100.00,0,96.47,945888,0
98.390102,0.051919,0.007389,19.310,0.292,14,OK,1010,0,0.3782,382,100.00,0,77.04,945888,0
98.442210,0.052108,0.007137,19.305,0.312,15,OK,1004,0,0.3944,396,100.00,0,95.95,945888,0
98.494048,0.051838,0.007122,19.305,0.312,16,OK,1003,0,0.3789,380,100.00,0,77.16,945888,0
98.546115,0.052066,0.006899,19.301,0.324,17,OK,1005,0,0.3672,369,100.00,0,57.62,945888,0
98.598082,0.051967,0.006751,19.297,0.323,1,OK,1007,0,0.3357,338,100.00,0,153.94,945888,0
98.650031,0.051950,0.006903,19.296,0.323,2,OK,1006,0,0.3777,380,100.00,0,173.24,947508,0
98.701894,0.051863,0.008182,19.296,0.324,3,OK,1005,0,0.3851,387,100.00,0,173.53,947928,0
98.753497,0.051602,0.009671,19.296,0.326,4,OK,1008,0,0.3760,379,100.00,0,193.79,947928,0
98.805442,0.051946,0.010975,19.291,0.308,5,OK,1010,0,0.3693,373,100.00,0,173.26,974676,0
98.857514,0.052072,0.009471,19.288,0.319,6,OK,1003,0,0.3659,367,100.00,0,172.84,974676,0
98.909358,0.051844,0.009814,19.287,0.316,7,OK,1005,0,0.3662,368,100.00,0,192.89,974676,0
98.961446,0.052088,0.008399,19.287,0.313,8,OK,1009,0,0.3538,357,100.00,0,191.98,974676,0
99.013837,0.052391,0.007665,19.275,0.336,9,OK,1003,0,0.3579,359,100.00,0,171.79,974676,0
99.065435,0.051597,0.007764,19.277,0.346,10,OK,1001,0,0.3417,342,100.00,0,174.43,974676,0
99.117216,0.051781,0.007260,19.279,0.347,11,OK,1005,0,0.3552,357,100.00,0,193.12,974676,0
99.168983,0.051768,0.007238,19.278,0.346,12,OK,1004,0,0.3406,342,100.00,0,173.85,974676,0
99.220912,0.051928,0.008920,19.276,0.342,13,OK,1004,0,0.3386,340,100.00,0,173.32,972640,0
99.272471,0.051559,0.007922,19.280,0.359,14,OK,1007,0,0.3515,354,100.00,0,174.56,972640,0
99.324313,0.051841,0.009663,19.281,0.358,15,OK,1005,0,0.3473,349,100.00,0,96.45,972640,0
99.376432,0.052119,0.010480,19.277,0.366,1,OK,1002,0,0.3523,353,100.00,0,172.68,972640,0
99.428534,0.052102,0.007724,19.273,0.372,2,OK,1006,0,0.3807,383,100.00,0,172.74,973072,0
99.479877,0.051343,0.007655,19.279,0.417,3,OK,1008,0,0.3661,369,100.00,0,194.77,973300,0
99.531901,0.052024,0.007488,19.275,0.414,4,OK,1005,0,0.3652,367,100.00,0,192.22,973300,0
99.586111,0.054210,0.008367,19.248,0.905,5,OK,1005,0,0.3542,356,100.00,0,166.02,1004768,0
99.635893,0.049782,0.012320,19.269,1.170,6,OK,1010,0,0.3624,366,100.00,0,200.88,1004768,0
99.687860,0.051967,0.008624,19.268,1.170,7,OK,1003,0,0.3649,366,100.00,0,173.19,1004768,0
99.740021,0.052161,0.010586,19.266,1.173,8,OK,1007,0,0.3674,370,100.00,0,191.71,1004768,0
99.791609,0.051588,0.008706,19.269,1.178,9,OK,1007,0,0.3565,359,100.00,0,174.46,1004768,0
99.843400,0.051791,0.007780,19.267,1.175,10,OK,1008,0,0.3641,367,100.00,0,173.78,1004768,0
99.895424,0.052025,0.007902,19.265,1.175,11,OK,1006,0,0.3787,381,100.00,0,173.00,1004768,0
99.947242,0.051817,0.009632,19.266,1.175,12,OK,1006,0,0.3718,374,100.00,0,154.39,973512,0
99.998999,0.051757,0.008135,19.270,1.174,13,OK,1005,0,0.3811,383,100.00,0,193.21,949748,0
100.050730,0.051731,0.007065,19.272,1.176,1,OK,1005,0,0.3781,380,100.00,0,173.98,949748,0
100.102663,0.051933,0.007128,19.273,1.174,2,OK,1003,0,0.4078,409,100.00,0,173.30,950732,0
100.154333,0.051670,0.008369,19.277,1.176,3,OK,1002,0,0.3902,391,100.00,0,193.54,951668,0
100.206187,0.051854,0.009499,19.278,1.176,4,OK,1003,0,0.3968,398,100.00,0,192.85,951668,0
100.258098,0.051911,0.008994,19.278,1.176,5,OK,1005,0,0.3881,390,100.00,0,173.37,975112,0
100.310034,0.051937,0.007752,19.274,1.172,6,OK,1004,0,0.3914,393,100.00,0,173.29,975112,0
100.361614,0.051580,0.008930,19.278,1.177,7,OK,1006,0,0.3907,393,100.00,0,155.10,975112,0
100.413725,0.052111,0.007979,19.278,1.178,8,OK,1008,0,0.3988,402,100.00,0,191.90,975112,0
100.465308,0.051583,0.007958,19.281,1.182,9,OK,1003,0,0.3819,383,100.00,0,174.48,975112,0
100.517145,0.051837,0.008869,19.284,1.180,10,OK,1009,0,0.3855,389,100.00,0,173.62,975112,0
100.569187,0.052042,0.007485,19.288,1.166,11,OK,1008,0,0.3899,393,100.00,0,172.94,975112,0
100.621049,0.051862,0.008487,19.285,1.163,12,OK,1003,0,0.3838,385,100.00,0,212.10,975112,0
100.672780,0.051731,0.007719,19.286,1.163,13,OK,1002,0,0.3752,376,100.00,0,173.98,951720,0
100.724511,0.051730,0.007843,19.286,1.164,14,OK,1008,0,0.3869,390,100.00,0,173.98,949812,0
100.776252,0.051742,0.007210,19.288,1.164,15,OK,1006,0,0.3956,398,100.00,0,135.29,949812,0
100.827888,0.051635,0.007540,19.287,1.162,1,OK,1004,0,0.3735,375,100.00,0,154.93,949812,0
100.880005,0.052117,0.007111,19.284,1.166,2,OK,1001,0,0.4436,444,100.00,0,172.69,950584,0
100.932066,0.052061,0.008242,19.285,1.164,3,OK,1006,0,0.4453,448,100.00,0,192.08,951152,0
100.983984,0.051918,0.009046,19.287,1.161,4,OK,1009,0,0.4361,440,100.00,0,154.09,951152,0
101.035591,0.051607,0.011036,19.284,1.150,5,OK,1006,0,0.4314,434,100.00,0,193.77,986972,0
101.087515,0.051924,0.009723,19.285,1.149,6,OK,1007,0,0.4528,456,100.00,0,192.59,986972,0
101.139518,0.052003,0.009183,19.312,0.785,7,OK,1006,0,0.4344,437,100.00,0,173.07,986972,0
101.191899,0.052380,0.009501,19.280,0.370,8,OK,1007,0,0.4250,428,100.00,0,190.91,986972,0
101.243985,0.052086,0.008346,19.279,0.376,9,OK,1005,0,0.4259,428,100.00,0,172.79,986972,0
101.295816,0.051832,0.009162,19.283,0.362,10,OK,1004,0,0.4193,421,100.00,0,173.64,986972,0
101.347733,0.051917,0.007869,19.279,0.349,11,OK,1005,0,0.4060,408,100.00,0,192.62,986972,0
101.399547,0.051814,0.008010,19.278,0.348,12,OK,1010,0,0.4257,430,100.00,0,173.70,986972,0
101.451535,0.051988,0.009029,19.279,0.346,13,OK,1007,0,0.4121,415,100.00,0,192.35,951144,0
101.503247,0.051713,0.008744,19.280,0.350,14,OK,1007,0,0.4171,420,100.00,0,174.04,949812,0
101.554837,0.051590,0.007312,19.282,0.361,15,OK,1006,0,0.4195,422,100.00,0,77.53,949812,0
101.606601,0.051764,0.007725,19.282,0.360,16,OK,1005,0,0.4149,417,100.00,0,77.27,949812,0
101.658938,0.052337,0.008647,19.277,0.395,1,OK,1005,0,0.3940,396,100.00,0,152.86,949812,0
101.710762,0.051824,0.007066,19.275,0.389,2,OK,1007,0,0.4419,445,100.00,0,192.96,950568,0
101.762678,0.051916,0.007851,19.274,0.389,3,OK,1005,0,0.4458,448,100.00,0,192.62,951120,0
101.814519,0.051841,0.008406,19.275,0.389,4,OK,1007,0,0.4379,441,100.00,0,154.32,951120,0
101.866253,0.051734,0.008667,19.277,0.392,5,OK,1007,0,0.4280,431,100.00,0,193.30,986424,0
101.918219,0.051966,0.008136,19.273,0.378,6,OK,1005,0,0.4328,435,100.00,0,192.43,986424,0
101.969949,0.051730,0.008399,19.277,0.373,7,OK,1004,0,0.4402,442,100.00,0,193.31,986424,0
102.021838,0.051889,0.008746,19.274,0.358,8,OK,1005,0,0.4468,449,100.00,0,173.45,986424,0
102.073927,0.052089,0.007549,19.271,0.365,9,OK,1008,0,0.4494,453,100.00,0,172.78,986424,0
102.125839,0.051911,0.008116,19.272,0.361,10,OK,1004,0,0.4502,452,100.00,0,192.64,986424,0
102.177817,0.051978,0.007443,19.271,0.362,11,OK,1006,0,0.4235,426,100.00,0,153.91,986424,0
102.229511,0.051694,0.007658,19.271,0.364,12,OK,1005,0,0.4378,440,100.00,0,174.10,986424,0
102.281253,0.051742,0.014860,19.271,0.364,13,OK,1007,0,0.4350,438,100.00,0,173.94,958608,0
102.332971,0.051718,0.006779,19.271,0.365,14,OK,1006,0,0.4165,419,100.00,0,174.02,958608,0
102.384793,0.051822,0.006890,19.269,0.355,1,OK,1005,0,0.4279,430,100.00,0,135.08,958608,0
102.436678,0.051885,0.006672,19.272,0.346,2,OK,1006,0,0.4732,476,100.00,0,173.46,959432,0
102.488555,0.051877,0.007432,19.274,0.340,3,OK,1007,0,0.4489,452,100.00,0,192.76,959832,0
102.540310,0.051755,0.007618,19.276,0.343,4,OK,1006,0,0.4483,451,100.00,0,173.89,959832,0
102.592188,0.051878,0.009039,19.273,0.329,5,OK,1006,0,0.4354,438,100.00,0,192.76,985356,0
102.644171,0.051983,0.007210,19.272,0.330,6,OK,1006,0,0.4304,433,100.00,0,173.13,985356,0
102.696009,0.051838,0.007329,19.274,0.328,7,OK,1001,0,0.4286,429,100.00,0,173.62,985356,0
102.747757,0.051747,0.007832,19.282,0.279,8,OK,1005,0,0.4458,448,100.00,0,193.25,985356,0
102.799931,0.052175,0.007041,19.281,0.289,9,OK,1008,0,0.4306,434,100.00,0,172.50,985356,0
102.852206,0.052275,0.007070,19.275,0.322,10,OK,1005,0,0.4179,420,100.00,0,172.17,985356,0
102.903924,0.051718,0.007913,19.278,0.326,11,OK,1003,0,0.4307,432,100.00,0,174.02,985356,0
102.955849,0.051924,0.007739,19.276,0.326,12,OK,1003,0,0.4377,439,100.00,0,115.55,985356,0
103.008640,0.052791,0.007021,19.267,0.453,13,OK,1006,0,0.4453,448,100.00,0,75.77,985356,0
103.059929,0.051290,0.007008,19.272,0.497,1,OK,1002,0,0.4311,432,100.00,0,175.47,985356,0
103.111701,0.051772,0.006705,19.270,0.487,2,OK,1007,0,0.4578,461,100.00,0,173.84,986268,0
103.163780,0.052079,0.007369,19.266,0.489,3,OK,1003,0,0.4516,453,100.00,0,192.02,986444,0
103.215362,0.051581,0.007724,19.275,0.476,4,OK,1005,0,0.4249,427,100.00,0,174.48,988260,0
103.267129,0.051767,0.008213,19.276,0.477,5,OK,1001,0,0.4306,431,100.00,0,154.54,990464,0
103.318914,0.051785,0.009145,19.277,0.478,6,OK,1002,0,0.4291,430,100.00,0,193.11,990464,0
103.370801,0.051887,0.007884,19.277,0.478,7,OK,1001,0,0.4166,417,100.00,0,192.73,990464,0
103.422977,0.052176,0.007778,19.271,0.486,8,OK,1000,0,0.4230,423,100.00,0,153.33,990464,0
103.474721,0.051743,0.007449,19.274,0.488,9,OK,1002,0,0.4212,422,100.00,0,173.94,990464,0
103.526691,0.051970,0.008241,19.271,0.486,10,OK,1001,0,0.4226,423,100.00,0,173.18,990464,0
103.578503,0.051813,0.007803,19.272,0.486,11,OK,1000,0,0.4090,409,100.00,0,173.70,990464,0
103.630022,0.051519,0.010359,19.279,0.497,12,OK,999,0,0.4224,422,100.00,0,174.69,990464,0
103.683597,0.053575,0.006610,19.258,0.771,13,OK,1002,0,0.4232,424,100.00,0,111.99,990464,0
103.734173,0.050576,0.007891,19.276,0.901,1,OK,1001,0,0.4226,423,100.00,0,158.18,990468,0
103.785718,0.051545,0.008927,19.278,0.907,2,OK,1001,0,0.4615,462,100.00,0,174.60,990716,0
103.837381,0.051663,0.008806,19.279,0.909,3,OK,1004,0,0.4313,433,100.00,0,193.56,990716,0
103.889261,0.051880,0.008486,19.277,0.907,4,OK,1002,0,0.4421,443,100.00,0,192.75,990716,0
103.940936,0.051674,0.009250,19.278,0.910,5,OK,996,0,0.4167,415,100.00,0,174.17,991152,0
103.993225,0.052290,0.008123,19.273,0.921,6,OK,1002,0,0.4281,429,100.00,0,172.12,991152,0
104.045494,0.052269,0.008090,19.269,0.930,7,OK,1003,0,0.4018,403,100.00,0,172.19,991152,0
104.096985,0.051491,0.008389,19.272,0.940,8,OK,989,0,0.4135,409,100.00,0,174.79,991152,0
104.148926,0.051942,0.006765,19.271,0.940,9,OK,987,0,0.4022,397,100.00,0,173.27,991152,0
104.200841,0.051914,0.008981,19.272,0.939,10,OK,987,0,0.3759,371,100.00,0,173.36,991152,0
104.252582,0.051741,0.006643,19.273,0.941,11,OK,981,0,0.3751,368,100.00,0,173.94,991152,0
104.304382,0.051801,0.008180,19.272,0.940,12,OK,980,0,0.3980,390,100.00,0,193.05,991152,0
104.356275,0.051893,0.007573,19.276,0.934,13,OK,981,0,0.3874,380,100.00,0,173.43,991152,0
104.408622,0.052347,0.007102,19.275,0.938,14,OK,977,0,0.3879,379,100.00,0,191.03,991152,0
104.460399,0.051777,0.006945,19.274,0.937,15,OK,977,0,0.3593,351,100.00,0,115.88,991152,0
104.512392,0.051994,0.007186,19.273,0.938,1,OK,975,0,0.3856,376,100.00,0,153.87,991152,0
104.564971,0.052578,0.007244,19.276,0.915,2,OK,977,0,0.4084,399,100.00,0,190.19,991700,0
104.616516,0.051546,0.007310,19.273,0.899,3,OK,976,0,0.3975,388,100.00,0,155.20,991828,0
104.669261,0.052744,0.008715,19.261,0.945,4,OK,971,0,0.4253,413,100.00,0,170.63,991828,0
104.720673,0.051412,0.009271,19.269,0.959,5,OK,983,0,0.4039,397,100.00,0,175.06,993120,0
104.772845,0.052172,0.007321,19.262,0.957,6,OK,989,0,0.4085,404,100.00,0,210.84,993120,0
104.824891,0.052045,0.007764,19.258,0.956,7,OK,988,0,0.4130,408,100.00,0,153.71,993120,0
104.876615,0.051724,0.008982,19.259,0.957,8,OK,979,0,0.4096,401,100.00,0,174.00,993120,0
104.928714,0.052099,0.008754,19.257,0.959,9,OK,989,0,0.4024,398,100.00,0,191.94,993120,0
104.980642,0.051928,0.007662,19.260,0.955,10,OK,995,0,0.4080,406,100.00,0,173.32,993120,0
105.032328,0.051685,0.007909,19.260,0.957,11,OK,989,0,0.4146,410,100.00,0,174.13,972808,0
105.084537,0.052210,0.006564,19.257,0.962,12,OK,991,0,0.4279,424,100.00,0,95.77,972808,0
105.136263,0.051726,0.006667,19.258,0.963,1,OK,980,0,0.4071,399,100.00,0,154.66,972808,0
105.187962,0.051699,0.008766,19.256,0.956,2,OK,973,0,0.4419,430,100.00,0,174.08,973028,0
105.240382,0.052420,0.008419,19.270,0.778,3,OK,988,0,0.4372,432,100.00,0,190.77,973464,0
105.291960,0.051578,0.007922,19.258,0.631,4,OK,976,0,0.4385,428,100.00,0,174.49,973464,0
105.345266,0.053306,0.009764,19.236,0.775,5,OK,972,0,0.4393,427,100.00,0,187.60,981452,0
105.397083,0.051817,0.012696,19.234,0.769,6,OK,971,0,0.4222,410,100.00,0,192.99,983516,0
105.448701,0.051618,0.012888,19.238,0.779,7,OK,961,0,0.4048,389,100.00,0,193.73,983516,0
105.501223,0.052522,0.010117,19.227,0.792,8,OK,958,0,0.3956,379,100.00,0,209.44,983516,0
105.553099,0.051876,0.011312,19.232,0.787,9,OK,958,0,0.3841,368,100.00,0,154.21,983516,0
105.604918,0.051819,0.013519,19.238,0.784,10,OK,947,0,0.3622,343,100.00,0,192.98,983516,0
105.657756,0.052838,0.014166,19.221,0.816,11,OK,952,0,0.3634,346,100.00,0,189.26,983516,0
105.708913,0.051157,0.012090,19.231,0.870,12,OK,926,0,0.3942,365,100.00,0,195.48,983516,0
105.761047,0.052135,0.011738,19.228,0.870,13,OK,944,0,0.3612,341,100.00,0,210.99,983516,0
105.812923,0.051875,0.029283,19.227,0.866,14,OK,944,0,0.3623,342,100.00,0,192.77,983516,0
105.865406,0.052483,0.009798,19.218,0.878,15,OK,946,0,0.3414,323,100.00,0,171.49,983516,0
105.917325,0.051920,0.009953,19.218,0.877,16,OK,935,0,0.3422,320,100.00,0,173.34,983516,0
105.969490,0.052164,0.011738,19.220,0.871,17,OK,900,0,0.3511,316,100.00,0,172.53,983520,0
106.021423,0.051934,0.009939,19.218,0.867,1,OK,929,0,0.3380,314,100.00,0,173.30,983520,0
106.072926,0.051502,0.009002,19.224,0.887,2,OK,925,0,0.3719,344,100.00,0,194.17,983864,0
106.124333,0.051408,0.010828,19.239,0.888,3,OK,920,0,0.3663,337,100.00,0,194.52,984552,0
106.176867,0.052534,0.010706,19.226,0.894,4,OK,890,0,0.3629,323,100.00,0,171.32,984608,0
106.228072,0.051205,0.009791,19.245,0.897,5,OK,901,0,0.3629,327,100.00,0,175.76,984608,0
106.280101,0.052029,0.013873,19.238,0.875,6,OK,896,0,0.3717,333,100.00,0,172.98,989220,0
106.332079,0.051979,0.013776,19.240,0.873,7,OK,864,0,0.3808,329,100.00,0,211.62,989220,0
106.383677,0.051598,0.009603,19.246,0.882,8,OK,831,0,0.3562,296,100.00,0,193.81,989220,0
106.434580,0.050902,0.005943,19.256,0.953,9,OK,877,0,0.3170,278,100.00,0,157.16,989220,0
106.486055,0.051475,0.005308,19.264,0.964,10,OK,835,0,0.3473,290,100.00,0,174.84,989220,0
106.538113,0.052058,0.006347,19.262,0.965,11,OK,845,0,0.3231,273,100.00,0,172.89,989220,0
106.589768,0.051656,0.006093,19.262,0.966,12,OK,830,0,0.3434,285,100.00,0,96.79,989220,0
106.640705,0.050937,0.006116,19.278,1.018,1,OK,786,0,0.3244,255,100.00,0,176.69,989344,0
106.692080,0.051375,0.008711,19.282,1.031,2,OK,802,0,0.3217,258,100.00,0,155.72,990048,0
106.745234,0.053154,0.006281,19.264,1.121,3,OK,786,0,0.3142,247,100.00,0,188.13,990048,0
106.795962,0.050728,0.005058,19.285,1.178,4,OK,806,0,0.2792,225,100.00,0,177.42,990048,0
106.847592,0.051630,0.006931,19.285,1.177,5,OK,789,0,0.3169,250,100.00,0,154.95,990048,0
106.898987,0.051395,0.005833,19.308,1.067,6,OK,814,0,0.3010,245,100.00,0,175.11,990048,0
106.951743,0.052756,0.005071,19.297,1.117,7,OK,793,0,0.3279,260,100.00,0,151.64,990052,0
107.002317,0.050574,0.006091,19.310,1.198,1,OK,775,0,0.3277,254,100.00,0,138.41,990208,0
107.054133,0.051816,0.008305,19.319,1.169,2,OK,817,0,0.3317,271,100.00,0,192.99,990624,0
107.105499,0.051366,0.005968,19.325,1.177,3,OK,818,0,0.3166,259,100.00,0,155.74,990624,0
107.156720,0.051221,0.005061,19.332,1.191,4,OK,785,0,0.3287,258,100.00,0,136.66,990624,0
107.208498,0.051777,0.005110,19.346,1.123,5,OK,802,0,0.3155,253,100.00,0,154.51,990624,0
107.260279,0.051781,0.007764,19.338,1.106,6,OK,747,0,0.3240,242,100.00,0,135.19,990624,0
107.311603,0.051324,0.005556,19.348,1.104,1,OK,808,0,0.3069,248,100.00,0,155.87,990924,0
107.362730,0.051127,0.005202,19.357,1.119,2,OK,791,0,0.3565,282,100.00,0,156.47,991220,0
107.414399,0.051669,0.004912,19.367,1.080,3,OK,771,0,0.3541,273,100.00,0,193.54,991540,0
107.465756,0.051357,0.004373,19.374,1.079,4,OK,780,0,0.2833,221,100.00,0,136.30,991540,0
107.517251,0.051495,0.005008,19.383,1.062,5,OK,783,0,0.2874,225,100.00,0,174.77,991540,0
107.568769,0.051518,0.003959,19.388,1.056,6,OK,771,0,0.2763,213,100.00,0,97.05,991540,0
107.620627,0.051858,0.004063,19.384,1.059,1,OK,766,0,0.3055,234,100.00,0,134.98,991564,0
107.672314,0.051687,0.004382,19.380,1.058,2,OK,765,0,0.3281,251,100.00,0,174.12,991860,0
107.724167,0.051852,0.004625,19.389,1.008,3,OK,781,0,0.3393,265,100.00,0,154.28,992544,0
107.775746,0.051579,0.005454,19.384,0.999,4,OK,761,0,0.3035,231,100.00,0,193.88,992544,0
107.827411,0.051665,0.004963,19.388,0.987,5,OK,787,0,0.3177,250,100.00,0,154.84,992544,0
107.878878,0.051467,0.004787,19.395,0.977,1,OK,782,0,0.2980,233,100.00,0,155.44,992772,0
107.930603,0.051724,0.004712,19.393,0.979,2,OK,799,0,0.3592,287,100.00,0,154.67,992980,0
107.982637,0.052034,0.004918,19.379,0.961,3,OK,814,0,0.3514,286,100.00,0,153.74,993284,0
108.034034,0.051397,0.004763,19.380,0.963,4,OK,823,0,0.3038,250,100.00,0,175.11,993284,0
108.086201,0.052167,0.007566,19.379,0.970,5,OK,814,0,0.3243,264,100.00,0,172.52,993284,0
108.137875,0.051674,0.006577,19.379,0.970,6,OK,848,0,0.2866,243,100.00,0,174.17,993284,0
108.189260,0.051384,0.005063,19.373,0.944,7,OK,858,0,0.2867,246,100.00,0,155.69,993284,0
108.241053,0.051794,0.004912,19.368,0.941,1,OK,894,0,0.2819,252,100.00,0,154.46,993284,0
108.292657,0.051603,0.004824,19.387,0.767,2,OK,886,0,0.3138,278,100.00,0,174.41,994432,0
108.344428,0.051772,0.005225,19.374,0.704,3,OK,923,0,0.3164,292,100.00,0,173.84,994432,0
108.396111,0.051682,0.006142,19.373,0.704,4,OK,928,0,0.2942,273,100.00,0,154.79,1000152,0
108.447890,0.051780,0.005750,19.369,0.702,5,OK,936,0,0.3034,284,100.00,0,193.13,1000152,0
108.499564,0.051673,0.005315,19.382,0.574,6,OK,954,0,0.2925,279,100.00,0,154.82,1000152,0
108.551414,0.051850,0.005190,19.366,0.448,7,OK,961,0,0.2695,259,100.00,0,192.86,1000152,0
108.603203,0.051789,0.006187,19.366,0.446,8,OK,940,0,0.2713,255,100.00,0,135.16,1000152,0
108.654957,0.051755,0.005565,19.362,0.437,9,OK,941,0,0.2933,276,100.00,0,135.25,1000168,0
108.706529,0.051572,0.007251,19.357,0.411,1,OK,946,0,0.2727,258,100.00,0,174.51,1000168,0
108.758321,0.051791,0.007195,19.357,0.411,2,OK,947,0,0.3273,310,100.00,0,173.77,1001028,0
108.810135,0.051814,0.006606,19.357,0.413,3,OK,956,0,0.3232,309,100.00,0,154.40,1001028,0
108.862123,0.051988,0.006687,19.348,0.409,4,OK,949,0,0.3361,319,100.00,0,173.12,1001028,0
108.914169,0.052046,0.007011,19.337,0.376,5,OK,956,0,0.3159,302,100.00,0,192.14,1001028,0
108.965992,0.051823,0.006666,19.335,0.377,6,OK,960,0,0.3240,311,100.00,0,173.67,1001028,0
109.017718,0.051726,0.005932,19.330,0.354,7,OK,968,0,0.3110,301,100.00,0,193.33,1001028,0
109.069453,0.051735,0.006002,19.327,0.344,8,OK,958,0,0.3142,301,100.00,0,173.96,1001028,0
109.121174,0.051721,0.006446,19.325,0.334,9,OK,971,0,0.3151,306,100.00,0,174.01,1001028,0
109.172742,0.051568,0.005628,19.328,0.337,10,OK,967,0,0.3485,337,100.00,0,96.96,1001068,0
109.224935,0.052194,0.005648,19.322,0.372,1,OK,970,0,0.3351,325,100.00,0,153.28,1001068,0
109.276592,0.051657,0.005813,19.325,0.372,2,OK,975,0,0.3908,381,100.00,0,154.87,1001640,0
109.328330,0.051738,0.006446,19.323,0.367,3,OK,973,0,0.3803,370,100.00,0,173.95,1001668,0
109.380035,0.051706,0.006522,19.322,0.366,4,OK,982,0,0.3747,368,100.00,0,174.06,1001668,0
109.431812,0.051777,0.007793,19.318,0.351,5,OK,991,0,0.3602,357,100.00,0,193.14,1001668,0
109.483992,0.052179,0.008384,19.313,0.379,6,OK,980,0,0.3653,358,100.00,0,172.48,1001668,0
109.535555,0.051564,0.006943,19.318,0.375,7,OK,989,0,0.3478,344,100.00,0,174.54,1001668,0
109.587210,0.051655,0.007022,19.315,0.353,8,OK,988,0,0.3796,375,100.00,0,174.23,1001668,0
109.639260,0.052050,0.008372,19.317,0.339,9,OK,982,0,0.3941,387,100.00,0,192.12,1001668,0
109.690850,0.051589,0.006326,19.318,0.343,10,OK,986,0,0.3712,366,100.00,0,135.69,1001684,0
109.742795,0.051945,0.007069,19.311,0.320,1,OK,981,0,0.3507,344,100.00,0,154.01,1001684,0
109.795376,0.052581,0.007370,19.301,0.422,2,OK,985,0,0.4030,397,100.00,0,171.17,1001932,0
109.847195,0.051819,0.007323,19.298,0.416,3,OK,985,0,0.4102,404,100.00,0,192.98,1002112,0
109.899000,0.051806,0.007154,19.298,0.415,4,OK,988,0,0.3988,394,100.00,0,154.42,1002112,0
109.950832,0.051832,0.008507,19.296,0.412,5,OK,989,0,0.3802,376,100.00,0,192.93,1002112,0
110.002469,0.051636,0.008309,19.298,0.417,6,OK,985,0,0.3827,377,100.00,0,154.93,1002112,0
110.054225,0.051756,0.006522,19.297,0.415,7,OK,976,0,0.3914,382,100.00,0,193.21,1002112,0
110.105893,0.051668,0.006627,19.299,0.418,8,OK,984,0,0.3780,372,100.00,0,174.19,1002112,0
110.157739,0.051847,0.006459,19.298,0.418,9,OK,980,0,0.3714,364,100.00,0,173.59,1002112,0
110.209386,0.051647,0.007002,19.300,0.422,10,OK,984,0,0.3750,369,100.00,0,174.26,1002112,0
110.261163,0.051777,0.005995,19.297,0.413,11,OK,985,0,0.3695,364,100.00,0,115.88,1002116,0
110.312889,0.051726,0.006248,19.298,0.414,1,OK,990,0,0.3535,350,100.00,0,154.66,1002116,0
110.364751,0.051862,0.005835,19.297,0.414,2,OK,989,0,0.3994,395,100.00,0,192.82,1002140,0
110.416517,0.051766,0.007283,19.300,0.410,3,OK,982,0,0.3819,375,100.00,0,154.54,1002140,0
110.468243,0.051726,0.006500,19.304,0.403,4,OK,982,0,0.3686,362,100.00,0,173.99,1002140,0
110.519827,0.051584,0.006445,19.307,0.410,5,OK,973,0,0.3515,342,100.00,0,174.47,1002140,0
110.571517,0.051690,0.006779,19.308,0.411,6,OK,984,0,0.3364,331,100.00,0,174.12,1002140,0
110.623387,0.051871,0.008642,19.306,0.411,7,OK,980,0,0.3367,330,100.00,0,192.79,1002140,0
110.675295,0.051908,0.007080,19.304,0.412,8,OK,966,0,0.3333,322,100.00,0,173.38,1002140,0
110.726973,0.051678,0.006525,19.302,0.406,9,OK,966,0,0.3282,317,100.00,0,174.16,1002140,0
110.778746,0.051774,0.007309,19.307,0.382,10,OK,959,0,0.3285,315,100.00,0,154.52,1002152,0
110.830479,0.051733,0.006662,19.306,0.379,1,OK,949,0,0.3351,318,100.00,0,173.97,1002172,0
110.882131,0.051651,0.006037,19.307,0.382,2,OK,946,0,0.3805,360,100.00,0,174.24,1002896,0
110.933889,0.051758,0.006251,19.307,0.381,3,OK,943,0,0.3499,330,100.00,0,173.89,1003164,0
110.985617,0.051728,0.007170,19.307,0.381,4,OK,947,0,0.3569,338,100.00,0,193.32,1014720,0
111.037549,0.051932,0.006657,19.311,0.359,5,OK,955,0,0.3550,339,100.00,0,154.05,1014720,0
111.089408,0.051860,0.006825,19.307,0.351,6,OK,959,0,0.3316,318,100.00,0,173.54,1014720,0
111.141063,0.051655,0.007409,19.307,0.351,7,OK,961,0,0.3413,328,100.00,0,174.23,1014720,0
111.192861,0.051798,0.007929,19.310,0.339,8,OK,952,0,0.3361,320,100.00,0,173.75,1014720,0
111.244718,0.051857,0.006469,19.307,0.332,9,OK,955,0,0.3466,331,100.00,0,173.55,1014720,0
111.296271,0.051553,0.006320,19.312,0.338,10,OK,951,0,0.3565,339,100.00,0,135.78,1014720,0
111.348162,0.051891,0.005912,19.320,0.187,1,OK,956,0,0.3295,315,100.00,0,154.17,1014720,0
111.400026,0.051863,0.005887,19.320,0.189,2,OK,954,0,0.3700,353,100.00,0,173.53,1015312,0
111.453452,0.053426,0.006329,19.299,0.607,3,OK,963,0,0.3531,340,100.00,0,168.46,1015328,0
111.504206,0.050754,0.007120,19.313,0.710,4,OK,948,0,0.3829,363,100.00,0,177.33,1015768,0
111.556417,0.052211,0.009639,19.306,0.723,5,OK,963,0,0.3406,328,100.00,0,191.53,1015768,0
111.608475,0.052058,0.009358,19.302,0.729,6,OK,962,0,0.3347,322,100.00,0,153.67,1015768,0
111.660079,0.051604,0.006969,19.303,0.731,7,OK,957,0,0.3302,316,100.00,0,174.40,1015768,0
111.711703,0.051624,0.013154,19.305,0.733,8,OK,965,0,0.3430,331,100.00,0,174.34,1015768,0
111.763470,0.051767,0.005466,19.304,0.731,9,OK,957,0,0.3386,324,100.00,0,154.54,1015776,0
111.815188,0.051719,0.005646,19.305,0.732,1,OK,962,0,0.3254,313,100.00,0,154.68,1015776,0
111.866959,0.051771,0.005242,19.304,0.731,2,OK,956,0,0.3672,351,100.00,0,173.84,1015788,0
111.918778,0.051818,0.006002,19.305,0.731,3,OK,963,0,0.3634,350,100.00,0,173.68,1015788,0
111.970493,0.051715,0.006370,19.305,0.732,4,OK,964,0,0.3485,336,100.00,0,174.03,1015788,0
112.022446,0.051953,0.006162,19.303,0.733,5,OK,966,0,0.3458,334,100.00,0,173.23,1015788,0
112.074061,0.051616,0.006228,19.302,0.732,6,OK,967,0,0.3320,321,100.00,0,174.37,1015788,0
112.125877,0.051816,0.006735,19.301,0.730,7,OK,957,0,0.3187,305,100.00,0,173.69,1015788,0
112.177591,0.051714,0.005588,19.302,0.731,8,OK,970,0,0.3247,315,100.00,0,135.36,1015788,0
112.229688,0.052097,0.005709,19.300,0.737,1,OK,970,0,0.3392,329,100.00,0,153.56,1015788,0
112.280941,0.051253,0.005590,19.305,0.761,2,OK,958,0,0.3883,372,100.00,0,175.60,1015800,0
112.332870,0.051929,0.006239,19.303,0.763,3,OK,961,0,0.3798,365,100.00,0,173.31,1015800,0
112.384559,0.051690,0.006978,19.304,0.763,4,OK,964,0,0.3766,363,100.00,0,154.77,1015800,0
112.436434,0.051875,0.006381,19.301,0.761,5,OK,972,0,0.3940,383,100.00,0,173.49,1015800,0
112.488281,0.051847,0.007398,19.300,0.761,6,OK,956,0,0.3902,373,100.00,0,192.88,1015800,0
112.539677,0.051395,0.007232,19.304,0.775,7,OK,962,0,0.3836,369,100.00,0,175.11,1015800,0
112.591544,0.051868,0.005878,19.305,0.774,8,OK,970,0,0.3876,376,100.00,0,115.68,1015800,0
112.643131,0.051586,0.006439,19.308,0.777,9,OK,976,0,0.3934,384,100.00,0,77.54,1015800,0
112.694919,0.051789,0.006073,19.307,0.775,10,OK,965,0,0.3927,379,100.00,0,77.24,1015800,0
112.747145,0.052226,0.005954,19.301,0.789,11,OK,980,0,0.3827,375,100.00,0,76.59,1015800,0
112.798749,0.051604,0.006451,19.305,0.793,12,OK,971,0,0.3893,378,100.00,0,96.89,1015800,0
112.850333,0.051584,0.006219,19.304,0.791,13,OK,980,0,0.3857,378,100.00,0,58.16,1015800,0
112.902162,0.051828,0.006024,19.305,0.791,14,OK,978,0,0.4080,399,100.00,0,77.18,1015800,0
112.953969,0.051808,0.006789,19.306,0.791,1,OK,973,0,0.3751,365,100.00,0,154.42,1015800,0
113.005730,0.051761,0.007519,19.326,0.534,2,OK,970,0,0.4021,390,100.00,0,154.56,1016532,0
113.057282,0.051552,0.009788,19.317,0.406,3,OK,971,0,0.3913,380,100.00,0,193.98,1016744,0
113.109012,0.051729,0.008902,19.322,0.374,4,OK,962,0,0.4283,412,100.00,0,173.98,1018856,0
113.160727,0.051715,0.007185,19.327,0.358,5,OK,954,0,0.4099,391,100.00,0,193.37,1018856,0
113.212836,0.052109,0.006545,19.320,0.376,6,OK,955,0,0.3812,364,100.00,0,172.71,1018856,0
113.264642,0.051806,0.007654,19.318,0.373,7,OK,971,0,0.3831,372,100.00,0,173.73,1018856,0
113.316190,0.051548,0.006839,19.321,0.381,8,OK,980,0,0.4031,395,100.00,0,174.59,1018856,0
113.368359,0.052169,0.006929,19.315,0.406,9,OK,978,0,0.4070,398,100.00,0,191.68,1018856,0
113.420157,0.051797,0.006432,19.315,0.406,10,OK,978,0,0.3947,386,100.00,0,96.53,1018860,0
113.471889,0.051733,0.006527,19.316,0.406,1,OK,974,0,0.3850,375,100.00,0,135.31,1018860,0
113.523868,0.051978,0.006384,19.313,0.412,2,OK,973,0,0.4101,399,100.00,0,192.39,1019304,0
113.575483,0.051615,0.007587,19.317,0.411,3,OK,976,0,0.4293,419,100.00,0,174.37,1019304,0
113.627183,0.051700,0.007068,19.316,0.408,4,OK,975,0,0.4041,394,100.00,0,154.74,1019304,0
113.678954,0.051771,0.007651,19.316,0.408,5,OK,985,0,0.4020,396,100.00,0,173.84,1019304,0
113.731455,0.052500,0.008623,19.307,0.479,6,OK,984,0,0.3974,391,100.00,0,171.43,1019304,0
113.782736,0.051282,0.009953,19.317,0.499,7,OK,979,0,0.4106,402,100.00,0,195.00,1019304,0
113.834516,0.051779,0.013298,19.310,0.463,8,OK,987,0,0.3901,385,100.00,0,173.81,1019304,0
113.886282,0.051766,0.006747,19.312,0.460,9,OK,983,0,0.3876,381,100.00,0,135.22,1019304,0
113.937940,0.051658,0.006991,19.313,0.461,1,OK,984,0,0.3892,383,100.00,0,154.86,1019304,0
113.989686,0.051746,0.006966,19.314,0.460,2,OK,986,0,0.4331,427,100.00,0,173.93,1019316,0
114.041529,0.051843,0.007723,19.314,0.460,3,OK,979,0,0.4188,410,100.00,0,173.60,1019316,0
114.093047,0.051518,0.008282,19.313,0.449,4,OK,975,0,0.4205,410,100.00,0,194.11,1019316,0
114.144666,0.051620,0.008000,19.316,0.451,5,OK,978,0,0.4049,396,100.00,0,174.35,1019316,0
114.197508,0.052842,0.008725,19.300,0.579,6,OK,989,0,0.4075,403,100.00,0,170.32,1019316,0
114.248688,0.051180,0.008283,19.308,0.619,7,OK,960,0,0.4115,395,100.00,0,156.31,1019316,0
114.300309,0.051621,0.009432,19.315,0.602,8,OK,959,0,0.3796,364,100.00,0,174.35,1019316,0
114.352198,0.051888,0.008024,19.312,0.600,9,OK,953,0,0.3715,354,100.00,0,192.72,1019316,0
114.404004,0.051806,0.007925,19.309,0.596,10,OK,969,0,0.3736,362,100.00,0,154.42,1019328,0
114.455728,0.051724,0.006743,19.310,0.596,1,OK,968,0,0.3688,357,100.00,0,174.00,1019328,0
114.507472,0.051744,0.007347,19.311,0.596,2,OK,972,0,0.4218,410,100.00,0,193.26,1019580,0
114.559214,0.051742,0.007533,19.311,0.596,3,OK,981,0,0.4067,399,100.00,0,173.94,1019580,0
114.610988,0.051773,0.007015,19.309,0.591,4,OK,982,0,0.3941,387,100.00,0,193.15,1019580,0
114.662758,0.051770,0.006775,19.308,0.590,5,OK,992,0,0.3800,377,100.00,0,154.53,1019580,0
114.714519,0.051761,0.006861,19.308,0.590,6,OK,998,0,0.3988,398,100.00,0,193.20,1019580,0
114.766371,0.051852,0.008043,19.311,0.579,7,OK,987,0,0.3951,390,100.00,0,173.57,1019580,0
114.818019,0.051647,0.011068,19.313,0.581,8,OK,993,0,0.4089,406,100.00,0,174.26,1019580,0
114.869720,0.051702,0.006734,19.311,0.576,9,OK,993,0,0.3988,396,100.00,0,135.39,1019604,0
114.921543,0.051822,0.007924,19.315,0.560,1,OK,1004,0,0.3845,386,100.00,0,154.37,1019604,0
114.973250,0.051708,0.008825,19.316,0.560,2,OK,1001,0,0.3996,400,100.00,0,193.39,1019948,0
115.025212,0.051962,0.008298,19.313,0.564,3,OK,1002,0,0.4172,418,100.00,0,173.20,1020504,0
115.076962,0.051750,0.009252,19.316,0.559,4,OK,1010,0,0.4109,415,100.00,0,193.24,1020504,0
115.128543,0.051581,0.009409,19.317,0.561,5,OK,1001,0,0.4216,422,100.00,0,174.48,1029744,0
115.180405,0.051862,0.007638,19.315,0.561,6,OK,1005,0,0.4229,425,100.00,0,192.82,1029744,0
115.232196,0.051791,0.007331,19.314,0.561,7,OK,1008,0,0.4097,413,100.00,0,193.08,1029744,0
115.284212,0.052016,0.007729,19.320,0.506,8,OK,1003,0,0.4307,432,100.00,0,173.02,1029744,0
115.335782,0.051570,0.008538,19.317,0.481,9,OK,1007,0,0.4230,426,100.00,0,174.52,1029744,0
115.387528,0.051746,0.008943,19.317,0.481,10,OK,1005,0,0.4229,425,100.00,0,154.60,1029744,0
115.439391,0.051863,0.007774,19.316,0.482,11,OK,1005,0,0.4279,430,100.00,0,192.82,1029744,0
115.491024,0.051634,0.009816,19.316,0.483,12,OK,1003,0,0.4187,420,100.00,0,174.30,1029744,0
115.542696,0.051672,0.008646,19.317,0.484,13,OK,1002,0,0.4251,426,100.00,0,116.12,1029744,0
115.594851,0.052155,0.007584,19.313,0.502,1,OK,1008,0,0.4196,423,100.00,0,153.39,1029744,0
115.646314,0.051463,0.007476,19.314,0.506,2,OK,1006,0,0.4423,445,100.00,0,174.88,1030624,0
115.698256,0.051942,0.007711,19.310,0.506,3,OK,1007,0,0.4419,445,100.00,0,192.52,1031352,0
115.750348,0.052092,0.007730,19.319,0.355,4,OK,1006,0,0.4423,445,100.00,0,172.77,1031352,0
115.801928,0.051580,0.007685,19.314,0.296,5,OK,1010,0,0.4347,439,100.00,0,174.49,1031352,0
115.853683,0.051755,0.007782,19.313,0.291,6,OK,1003,0,0.4277,429,100.00,0,193.22,1031352,0
115.905574,0.051891,0.007865,19.313,0.291,7,OK,1010,0,0.4347,439,100.00,0,173.44,1031352,0
115.957201,0.051627,0.008652,19.315,0.296,8,OK,1008,0,0.4425,446,100.00,0,174.33,1031352,0
116.009077,0.051876,0.007540,19.313,0.297,9,OK,1009,0,0.4480,452,100.00,0,154.21,1031352,0
116.060812,0.051735,0.007656,19.313,0.297,10,OK,1009,0,0.4559,460,100.00,0,193.29,1031352,0
116.112453,0.051640,0.009455,19.314,0.301,11,OK,1007,0,0.4489,452,100.00,0,174.28,1031352,0
116.164111,0.051658,0.008578,19.316,0.304,12,OK,1005,0,0.4418,444,100.00,0,193.58,1031352,0
116.215830,0.051719,0.008267,19.317,0.304,13,OK,1008,0,0.4385,442,100.00,0,174.02,1031352,0
116.267561,0.051732,0.007079,19.317,0.305,14,OK,1005,0,0.4458,448,100.00,0,115.98,1031352,0
116.319228,0.051667,0.007024,19.319,0.305,15,OK,1006,0,0.4473,450,100.00,0,77.42,1031352,0
116.371156,0.051927,0.007331,19.316,0.307,1,OK,1004,0,0.4363,438,100.00,0,154.06,1031352,0
116.422845,0.051689,0.007297,19.316,0.308,2,OK,1005,0,0.4428,445,100.00,0,174.12,1032104,0
116.474358,0.051513,0.008873,19.320,0.320,3,OK,1012,0,0.4407,446,100.00,0,174.71,1032608,0
116.526063,0.051705,0.008776,19.320,0.320,4,OK,1009,0,0.4450,449,100.00,0,174.07,1032608,0
116.577878,0.051815,0.009285,19.322,0.312,5,OK,1008,0,0.4405,444,100.00,0,173.70,1032608,0
116.629688,0.051811,0.008457,19.321,0.313,6,OK,1010,0,0.4317,436,100.00,0,154.41,1032608,0
116.681089,0.051401,0.008679,19.323,0.331,7,OK,1008,0,0.4315,435,100.00,0,194.55,1032620,0
116.732757,0.051668,0.008979,19.326,0.330,8,OK,1008,0,0.4206,424,100.00,0,174.19,1032620,0
116.784835,0.052078,0.009390,19.322,0.349,9,OK,1006,0,0.4095,412,100.00,0,172.82,1032620,0
116.836517,0.051682,0.008259,19.326,0.337,10,OK,1010,0,0.4109,415,100.00,0,174.14,1032620,0
116.888635,0.052118,0.007569,19.319,0.355,11,OK,1006,0,0.4165,419,100.00,0,211.06,1032608,0
116.940280,0.051645,0.008731,19.321,0.357,12,OK,1006,0,0.4165,419,100.00,0,174.27,1032608,0
116.991760,0.051480,0.006699,19.325,0.368,13,OK,1008,0,0.3978,401,100.00,0,116.55,1032608,0
117.043610,0.051851,0.007614,19.323,0.368,1,OK,1006,0,0.4105,413,100.00,0,154.29,1032608,0
117.095249,0.051638,0.006520,19.323,0.369,2,OK,1007,0,0.4340,437,100.00,0,174.29,1032984,0
117.146750,0.051501,0.007536,19.331,0.349,3,OK,1005,0,0.4458,448,100.00,0,194.17,1032984,0
117.198888,0.052138,0.007346,19.323,0.363,4,OK,1007,0,0.4330,436,100.00,0,172.62,1032984,0
117.250164,0.051276,0.007747,19.331,0.392,5,OK,1006,0,0.4175,420,100.00,0,175.52,1032984,0
117.301897,0.051733,0.008763,19.336,0.370,6,OK,1003,0,0.4078,409,100.00,0,173.97,1032984,0
117.353421,0.051524,0.009352,19.336,0.373,7,OK,1003,0,0.4257,427,100.00,0,194.08,1032984,0
117.405119,0.051698,0.007213,19.337,0.373,8,OK,1005,0,0.4259,428,100.00,0,174.09,1032984,0
117.457013,0.051893,0.007578,19.337,0.373,9,OK,1005,0,0.4080,410,100.00,0,173.43,1032984,0
117.508630,0.051617,0.008506,19.337,0.374,10,OK,1004,0,0.4074,409,100.00,0,193.74,1032984,0
117.560463,0.051834,0.007389,19.338,0.372,11,OK,1005,0,0.4090,411,100.00,0,173.63,1032984,0
117.612309,0.051845,0.007313,19.336,0.374,12,OK,1007,0,0.4379,441,100.00,0,173.59,1032984,0
117.663819,0.051511,0.007075,19.338,0.380,13,OK,1004,0,0.4363,438,100.00,0,135.89,1032984,0
117.715732,0.051913,0.006848,19.335,0.386,14,OK,1004,0,0.4273,429,100.00,0,77.05,1032984,0
117.767564,0.051831,0.006878,19.333,0.388,1,OK,1003,0,0.4118,413,100.00,0,135.05,1032984,0
117.819266,0.051702,0.006667,19.334,0.388,2,OK,1006,0,0.4314,434,100.00,0,193.41,1033000,0
117.870922,0.051656,0.008284,19.334,0.388,3,OK,1004,0,0.4612,463,100.00,0,154.87,1033000,0
117.922941,0.052020,0.008932,19.333,0.395,4,OK,1002,0,0.4411,442,100.00,0,192.24,1033000,0
117.974404,0.051462,0.007951,19.335,0.406,5,OK,1003,0,0.4447,446,100.00,0,174.89,1040680,0
118.026188,0.051784,0.008951,19.332,0.400,6,OK,1004,0,0.4373,439,100.00,0,173.80,1040680,0
118.078016,0.051828,0.007470,19.330,0.401,7,OK,1009,0,0.4460,450,100.00,0,192.95,1040680,0
118.129494,0.051479,0.007585,19.335,0.409,8,OK,1003,0,0.4237,425,100.00,0,174.83,1040680,0
118.181404,0.051909,0.007645,19.333,0.413,9,OK,1008,0,0.4117,415,100.00,0,192.64,1040680,0
118.233166,0.051762,0.008234,19.329,0.397,10,OK,1004,0,0.4253,427,100.00,0,173.87,1040680,0
118.284742,0.051576,0.008691,19.330,0.400,11,OK,1003,0,0.4217,423,100.00,0,174.50,1040680,0
118.336345,0.051603,0.008089,19.336,0.383,12,OK,1004,0,0.4273,429,100.00,0,174.41,1040680,0
118.388093,0.051748,0.007111,19.335,0.383,1,OK,1006,0,0.4135,416,100.00,0,154.59,1040680,0
118.439936,0.051842,0.006950,19.339,0.358,2,OK,1006,0,0.4563,459,100.00,0,173.60,1040696,0
118.491624,0.051688,0.009075,19.338,0.357,3,OK,1007,0,0.4220,425,100.00,0,174.12,1040816,0
118.543329,0.051706,0.008935,19.335,0.348,4,OK,1007,0,0.4310,434,100.00,0,174.06,1040816,0
118.595074,0.051745,0.007689,19.337,0.345,5,OK,1008,0,0.4236,427,100.00,0,173.93,1045856,0
118.646807,0.051733,0.007518,19.335,0.343,6,OK,1003,0,0.4128,414,100.00,0,173.97,1045856,0
118.698580,0.051773,0.007629,19.332,0.335,7,OK,1008,0,0.4187,422,100.00,0,173.84,1045856,0
118.750165,0.051585,0.009006,19.339,0.304,8,OK,1003,0,0.4457,447,100.00,0,193.85,1045856,0
118.801934,0.051769,0.008535,19.333,0.262,9,OK,1008,0,0.4226,426,100.00,0,173.85,1045856,0
118.853707,0.051773,0.007932,19.332,0.262,10,OK,1005,0,0.4328,435,100.00,0,173.84,1045856,0
118.905439,0.051732,0.009738,19.330,0.252,11,OK,1010,0,0.4396,444,100.00,0,193.30,1045856,0
118.957497,0.052059,0.007685,19.325,0.275,12,OK,1004,0,0.4233,425,100.00,0,172.88,1045856,0
119.009106,0.051608,0.008140,19.329,0.274,13,OK,1007,0,0.4429,446,100.00,0,155.01,1045856,0
119.061207,0.052101,0.009881,19.323,0.298,14,OK,1008,0,0.4216,425,100.00,0,172.74,1045856,0
119.113027,0.051821,0.009108,19.323,0.298,15,OK,1006,0,0.4334,436,100.00,0,173.68,1045856,0
119.164505,0.051478,0.010078,19.327,0.310,16,OK,1009,0,0.4242,428,100.00,0,174.83,1045856,0
119.216610,0.052105,0.008517,19.320,0.324,17,OK,1008,0,0.4385,442,100.00,0,191.92,1045856,0
119.268480,0.051870,0.008846,19.321,0.322,18,OK,1008,0,0.4246,428,100.00,0,192.79,1045856,0
119.319906,0.051426,0.009623,19.326,0.341,19,OK,1005,0,0.4299,432,100.00,0,175.01,1045856,0
119.371897,0.051992,0.008071,19.322,0.351,20,OK,1007,0,0.4151,418,100.00,0,192.34,1045856,0
119.423466,0.051569,0.008344,19.323,0.355,21,OK,1005,0,0.4040,406,100.00,0,135.74,1045884,0
119.475482,0.052016,0.007215,19.323,0.355,1,OK,1007,0,0.4211,424,100.00,0,134.57,1045884,0
119.527046,0.051564,0.007404,19.322,0.346,2,OK,1008,0,0.4345,438,100.00,0,193.93,1045892,0
119.579062,0.052017,0.007638,19.319,0.357,3,OK,1006,0,0.4354,438,100.00,0,173.02,1045932,0
119.630853,0.051790,0.007553,19.319,0.357,4,OK,1002,0,0.4371,438,100.00,0,173.78,1045932,0
119.682482,0.051629,0.008846,19.318,0.346,5,OK,1007,0,0.4220,425,100.00,0,174.32,1051872,0
119.734469,0.051987,0.008020,19.317,0.351,6,OK,1004,0,0.4114,413,100.00,0,192.36,1051872,0
119.786138,0.051669,0.010627,19.318,0.352,7,OK,1006,0,0.4115,414,100.00,0,174.18,1051872,0
119.838270,0.052132,0.007834,19.311,0.367,8,OK,1007,0,0.4121,415,100.00,0,191.82,1051872,0
119.889773,0.051502,0.009248,19.312,0.375,9,OK,1003,0,0.3898,391,100.00,0,174.75,1051872,0
119.941805,0.052032,0.007660,19.309,0.385,10,OK,1005,0,0.3940,396,100.00,0,172.97,1051872,0
119.993942,0.052137,0.008791,19.305,0.403,11,OK,1005,0,0.3821,384,100.00,0,172.62,1051872,0
120.045786,0.051845,0.007980,19.303,0.401,12,OK,1004,0,0.3954,397,100.00,0,173.60,1051872,0
120.097251,0.051465,0.013694,19.306,0.417,13,OK,1009,0,0.4133,417,100.00,0,174.88,1029740,0
120.149082,0.051831,0.008285,19.305,0.417,14,OK,1007,0,0.4032,406,100.00,0,173.64,1029740,0
120.201236,0.052153,0.008004,19.300,0.433,1,OK,1008,0,0.3819,385,100.00,0,153.39,1029740,0
120.252782,0.051547,0.007745,19.302,0.443,2,OK,1005,0,0.4289,431,100.00,0,174.60,1029860,0
120.304701,0.051919,0.008218,19.298,0.437,3,OK,1004,0,0.4203,422,100.00,0,173.35,1029860,0
120.357226,0.052525,0.009373,19.289,0.500,4,OK,1006,0,0.4115,414,100.00,0,190.39,1029860,0
120.408088,0.050862,0.011477,19.300,0.605,5,OK,1007,0,0.4071,410,100.00,0,176.95,1035968,0
120.459987,0.051900,0.007873,19.298,0.605,6,OK,1005,0,0.4090,411,100.00,0,192.68,1035968,0
120.511854,0.051866,0.009326,19.301,0.599,7,OK,1009,0,0.4093,413,100.00,0,173.52,1035968,0
120.563632,0.051778,0.008481,19.298,0.595,8,OK,1005,0,0.4159,418,100.00,0,173.82,1035968,0
120.615386,0.051754,0.009679,19.303,0.586,9,OK,1009,0,0.4113,415,100.00,0,173.90,1035968,0
120.667235,0.051850,0.008559,19.302,0.587,10,OK,1006,0,0.4056,408,100.00,0,173.58,1035968,0
120.719091,0.051856,0.009835,19.298,0.575,11,OK,1004,0,0.4074,409,100.00,0,192.84,1035968,0
120.771160,0.052070,0.008227,19.298,0.573,12,OK,1008,0,0.3958,399,100.00,0,153.64,1035968,0
120.823086,0.051926,0.008436,19.297,0.574,13,OK,1009,0,0.3984,402,100.00,0,192.58,1029852,0
120.875047,0.051961,0.008148,19.291,0.557,14,OK,1006,0,0.3926,395,100.00,0,173.21,1029852,0
120.927072,0.052025,0.007794,19.290,0.559,15,OK,1006,0,0.4205,423,100.00,0,57.67,1029852,0
120.978704,0.051632,0.008733,19.290,0.555,1,OK,1007,0,0.4022,405,100.00,0,154.94,1029852,0
121.030649,0.051945,0.007952,19.291,0.553,2,OK,1006,0,0.4503,453,100.00,0,192.51,1030188,0
121.082361,0.051712,0.007726,19.289,0.546,3,OK,1003,0,0.4207,422,100.00,0,193.38,1030524,0
121.134322,0.051961,0.007681,19.289,0.544,4,OK,1008,0,0.4435,447,100.00,0,173.21,1030524,0
121.186034,0.051711,0.008542,19.290,0.546,5,OK,1006,0,0.4404,443,100.00,0,174.04,1034164,0
121.237833,0.051800,0.007994,19.288,0.541,6,OK,1005,0,0.4338,436,100.00,0,173.75,1034164,0
121.289798,0.051964,0.007871,19.289,0.540,7,OK,1008,0,0.4345,438,100.00,0,173.20,1034164,0
121.341484,0.051686,0.007993,19.288,0.540,8,OK,1005,0,0.4269,429,100.00,0,193.48,1034164,0
121.393366,0.051882,0.007712,19.291,0.530,9,OK,1007,0,0.4042,407,100.00,0,192.74,1034164,0
121.445486,0.052120,0.007958,19.284,0.525,10,OK,1005,0,0.4189,421,100.00,0,172.68,1034164,0
121.497187,0.051701,0.007565,19.288,0.524,11,OK,1007,0,0.4052,408,100.00,0,174.08,1034164,0
121.548764,0.051577,0.008180,19.295,0.521,12,OK,1007,0,0.4250,428,100.00,0,174.50,1034164,0
121.600668,0.051904,0.007987,19.294,0.522,13,OK,1004,0,0.4114,413,100.00,0,173.40,1034164,0
121.652366,0.051698,0.008554,19.291,0.508,14,OK,1005,0,0.4219,424,100.00,0,174.09,1034164,0
121.704575,0.052209,0.009596,19.286,0.523,15,OK,1008,0,0.4137,417,100.00,0,172.38,1034152,0
121.756092,0.051517,0.007815,19.294,0.524,16,OK,1008,0,0.4077,411,100.00,0,194.11,1034152,0
121.807947,0.051856,0.007134,19.291,0.514,17,OK,1006,0,0.4225,425,100.00,0,134.99,1034152,0
121.859962,0.052015,0.007345,19.289,0.517,1,OK,1005,0,0.4189,421,100.00,0,173.03,1034152,0
121.912058,0.052096,0.008029,19.295,0.466,2,OK,1010,0,0.4752,480,100.00,0,153.56,1034172,0
121.963806,0.051749,0.008043,19.284,0.314,3,OK,1007,0,0.4568,460,100.00,0,193.24,1034272,0
122.015505,0.051699,0.008080,19.286,0.318,4,OK,1003,0,0.4506,452,100.00,0,174.09,1034292,0
122.067603,0.052098,0.008525,19.283,0.330,5,OK,1004,0,0.4442,446,100.00,0,191.95,1034292,0
122.119207,0.051604,0.007905,19.285,0.340,6,OK,1005,0,0.4478,450,100.00,0,155.03,1046692,0
122.171240,0.052033,0.008070,19.282,0.344,7,OK,1004,0,0.4373,439,100.00,0,192.19,1046692,0
122.223145,0.051905,0.008224,19.281,0.344,8,OK,1006,0,0.4245,427,100.00,0,173.39,1046692,0
122.274864,0.051719,0.008410,19.283,0.348,9,OK,1006,0,0.4274,430,100.00,0,174.02,1046692,0
122.326484,0.051620,0.007979,19.289,0.349,10,OK,1006,0,0.4195,422,100.00,0,174.35,1046692,0
122.378747,0.052263,0.007475,19.284,0.377,11,OK,1003,0,0.4407,442,100.00,0,191.34,1046692,0
122.430263,0.051516,0.008354,19.290,0.393,12,OK,1005,0,0.4378,440,100.00,0,174.70,1046692,0
122.482277,0.052014,0.008546,19.290,0.392,13,OK,1003,0,0.4287,430,100.00,0,192.26,1046692,0
122.534068,0.051791,0.008044,19.288,0.386,14,OK,1008,0,0.4226,426,100.00,0,173.78,1046692,0
122.585956,0.051888,0.007160,19.289,0.384,1,OK,1004,0,0.4183,420,100.00,0,173.45,1046692,0
122.637655,0.051699,0.007015,19.289,0.385,2,OK,1003,0,0.4766,478,100.00,0,174.08,1046708,0
122.689714,0.052059,0.007861,19.288,0.390,3,OK,1009,0,0.4579,462,100.00,0,192.09,1046708,0
122.741863,0.052149,0.007460,19.282,0.401,4,OK,1006,0,0.4523,455,100.00,0,172.58,1046708,0
122.793464,0.051601,0.008326,19.285,0.410,5,OK,1006,0,0.4483,451,100.00,0,155.04,1046880,0
122.845302,0.051838,0.008147,19.286,0.408,6,OK,1005,0,0.4587,461,100.00,0,173.62,1046880,0
122.897730,0.052427,0.009861,19.277,0.450,7,OK,1008,0,0.4593,463,100.00,0,190.74,1046880,0
122.949904,0.052175,0.008709,19.274,0.461,8,OK,1004,0,0.4462,448,100.00,0,172.50,1046880,0
123.001558,0.051653,0.008282,19.279,0.460,9,OK,1007,0,0.4479,451,100.00,0,193.60,1046880,0
123.053599,0.052041,0.007582,19.275,0.460,10,OK,1007,0,0.4409,444,100.00,0,172.94,1046880,0
123.105367,0.051768,0.007457,19.273,0.449,11,OK,1003,0,0.4337,435,100.00,0,173.85,1046880,0
123.157337,0.051970,0.007340,19.272,0.450,12,OK,1003,0,0.4267,428,100.00,0,192.42,1046880,0
123.209716,0.052380,0.007944,19.263,0.475,13,OK,1008,0,0.4365,440,100.00,0,152.73,1046880,0
123.261204,0.051488,0.006892,19.272,0.484,14,OK,1003,0,0.4267,428,100.00,0,155.38,1046880,0
123.313096,0.051892,0.006654,19.268,0.466,1,OK,1004,0,0.4143,416,100.00,0,134.90,1046880,0
123.364692,0.051596,0.006405,19.271,0.478,2,OK,1001,0,0.4386,439,100.00,0,193.81,1047100,0
123.416537,0.051845,0.007299,19.273,0.476,3,OK,990,0,0.4343,430,100.00,0,135.02,1047168,0
123.468969,0.052432,0.008197,19.269,0.507,4,OK,989,0,0.4388,434,100.00,0,209.80,1047168,0
123.521681,0.052712,0.008733,19.257,0.577,5,OK,982,0,0.4053,398,100.00,0,151.77,1061512,0
123.572583,0.050902,0.007059,19.267,0.674,6,OK,983,0,0.4079,401,100.00,0,196.46,1061512,0
123.624272,0.051689,0.007441,19.272,0.674,7,OK,974,0,0.4230,412,100.00,0,174.12,1061512,0
123.676249,0.051977,0.006590,19.267,0.667,8,OK,983,0,0.4018,395,100.00,0,173.15,1061512,0
123.728200,0.051952,0.006679,19.268,0.666,9,OK,974,0,0.4076,397,100.00,0,173.24,1061512,0
123.779903,0.051703,0.007700,19.271,0.669,10,OK,972,0,0.3858,375,100.00,0,174.07,1061512,0
123.831935,0.052031,0.006378,19.267,0.668,11,OK,972,0,0.3786,368,100.00,0,172.97,1061512,0
123.883991,0.052056,0.006851,19.262,0.662,12,OK,981,0,0.3904,383,100.00,0,192.10,1061512,0
123.935790,0.051800,0.006458,19.267,0.651,13,OK,974,0,0.3984,388,100.00,0,173.75,1061512,0
123.988006,0.052216,0.007275,19.259,0.645,14,OK,994,0,0.3984,396,100.00,0,172.36,1061512,0
124.040250,0.052244,0.006598,19.256,0.653,15,OK,983,0,0.4069,400,100.00,0,95.70,1061512,0
124.091507,0.051257,0.006623,19.262,0.693,16,OK,974,0,0.4055,395,100.00,0,58.53,1061512,0
124.143318,0.051811,0.006888,19.263,0.694,17,OK,984,0,0.3953,389,100.00,0,96.50,1061512,0
124.195078,0.051760,0.008487,19.263,0.692,18,OK,987,0,0.4083,403,100.00,0,57.96,1061512,0
124.246938,0.051860,0.006764,19.265,0.690,1,OK,966,0,0.4048,391,100.00,0,154.26,1061512,0
124.298860,0.051922,0.006478,19.268,0.685,2,OK,997,0,0.4213,420,100.00,0,173.34,1061524,0
124.350569,0.051709,0.007003,19.267,0.680,3,OK,999,0,0.4084,408,100.00,0,193.39,1061524,0
124.402618,0.052049,0.006928,19.264,0.681,4,OK,994,0,0.3924,390,100.00,0,153.70,1061524,0
124.454281,0.051663,0.007489,19.273,0.661,5,OK,997,0,0.4062,405,100.00,0,174.21,1061524,0
124.506367,0.052086,0.006572,19.274,0.657,6,OK,991,0,0.3986,395,100.00,0,191.99,1061524,0
124.558497,0.052130,0.007122,19.269,0.657,7,OK,996,0,0.3976,396,100.00,0,172.65,1061524,0
124.610331,0.051834,0.007218,19.271,0.655,8,OK,995,0,0.3920,390,100.00,0,192.92,1061524,0
124.662194,0.051863,0.007958,19.270,0.654,9,OK,1000,0,0.4030,403,100.00,0,154.25,1061524,0
124.714277,0.052083,0.006750,19.269,0.656,10,OK,999,0,0.3984,398,100.00,0,172.80,1061524,0
124.765614,0.051337,0.007743,19.281,0.661,11,OK,1003,0,0.3799,381,100.00,0,155.83,1061524,0
124.817446,0.051832,0.007877,19.277,0.647,12,OK,1002,0,0.3842,385,100.00,0,135.05,1061524,0
124.870116,0.052670,0.006618,19.268,0.703,1,OK,1002,0,0.3643,365,100.00,0,151.89,1061524,0
124.921434,0.051317,0.006379,19.271,0.724,2,OK,1001,0,0.4096,410,100.00,0,175.38,1061920,0
124.973339,0.051906,0.007996,19.270,0.724,3,OK,1004,0,0.4452,447,100.00,0,173.39,1061964,0
125.025133,0.051794,0.007348,19.278,0.699,4,OK,1005,0,0.4269,429,100.00,0,173.77,1061964,0
125.077006,0.051872,0.008250,19.289,0.632,5,OK,1005,0,0.4119,414,100.00,0,192.78,1061964,0
125.128409,0.051403,0.009254,19.282,0.558,6,OK,1003,0,0.4098,411,100.00,0,155.63,1061964,0
125.180405,0.051996,0.007936,19.279,0.556,7,OK,998,0,0.4148,414,100.00,0,192.32,1061964,0
125.231900,0.051495,0.007881,19.285,0.570,8,OK,1001,0,0.3806,381,100.00,0,194.19,1061964,0
125.283640,0.051740,0.008266,19.287,0.570,9,OK,1003,0,0.3809,382,100.00,0,154.62,1061964,0
125.335585,0.051945,0.006935,19.284,0.569,10,OK,1001,0,0.3956,396,100.00,0,173.26,1061964,0
125.387448,0.051863,0.007464,19.286,0.565,11,OK,1000,0,0.3820,382,100.00,0,173.54,1061964,0
125.438986,0.051538,0.006820,19.293,0.571,12,OK,1002,0,0.3992,400,100.00,0,97.02,1061984,0
125.490899,0.051913,0.008154,19.291,0.571,1,OK,1003,0,0.3759,377,100.00,0,154.10,1061984,0
125.543723,0.052824,0.006437,19.284,0.654,2,OK,1001,0,0.3776,378,100.00,0,189.31,1061996,0
125.594489,0.050766,0.007485,19.302,0.741,3,OK,1004,0,0.3705,372,100.00,0,196.98,1061996,0
125.646536,0.052046,0.006971,19.292,0.717,4,OK,1001,0,0.3866,387,100.00,0,153.71,1061996,0
125.698468,0.051932,0.006669,19.291,0.718,5,OK,1003,0,0.3898,391,100.00,0,173.30,1061996,0
125.750455,0.051987,0.006837,19.288,0.719,6,OK,1007,0,0.3942,397,100.00,0,192.36,1061996,0
125.802124,0.051668,0.008351,19.290,0.722,7,OK,1005,0,0.3701,372,100.00,0,154.83,1061996,0
125.853913,0.051789,0.006081,19.292,0.722,8,OK,1006,0,0.3579,360,100.00,0,193.09,1061996,0
125.906548,0.052635,0.006060,19.280,0.771,9,OK,1008,0,0.3512,354,100.00,0,170.99,1061996,0
125.958426,0.051878,0.006677,19.283,0.768,10,OK,1002,0,0.3433,344,100.00,0,154.21,1061996,0
126.010243,0.051817,0.006415,19.281,0.765,11,OK,1005,0,0.3662,368,100.00,0,173.69,1061996,0
126.062405,0.052162,0.007861,19.280,0.768,12,OK,1005,0,0.3572,359,100.00,0,134.20,1061996,0
126.114401,0.051997,0.006696,19.281,0.764,1,OK,1007,0,0.3595,362,100.00,0,173.09,1061996,0
126.166050,0.051649,0.006634,19.284,0.767,2,OK,1007,0,0.3744,377,100.00,0,174.25,1062428,0
126.218304,0.052254,0.007169,19.279,0.779,3,OK,1003,0,0.3709,372,100.00,0,191.37,1062508,0
126.269713,0.051409,0.007188,19.287,0.792,4,OK,1004,0,0.3725,374,100.00,0,175.07,1062508,0
126.321694,0.051981,0.006964,19.279,0.771,5,OK,1010,0,0.3752,379,100.00,0,173.14,1062508,0
126.373874,0.052180,0.006461,19.275,0.778,6,OK,1005,0,0.3662,368,100.00,0,172.48,1062508,0
126.425514,0.051639,0.006045,19.288,0.729,7,OK,1006,0,0.3519,354,100.00,0,174.29,1062508,0
126.477600,0.052086,0.006300,19.278,0.708,8,OK,1005,0,0.3493,351,100.00,0,191.99,1062508,0
126.529527,0.051927,0.005953,19.278,0.708,9,OK,1002,0,0.3323,333,100.00,0,173.32,1062508,0
126.581328,0.051801,0.005731,19.278,0.708,10,OK,1004,0,0.3317,333,100.00,0,154.44,1062508,0
126.633292,0.051964,0.005284,19.277,0.709,11,OK,1007,0,0.3237,326,100.00,0,153.95,1062508,0
126.685266,0.051974,0.005191,19.270,0.689,1,OK,1005,0,0.3333,335,100.00,0,153.92,1062516,0
126.737109,0.051843,0.005238,19.271,0.688,2,OK,1006,0,0.3529,355,100.00,0,154.31,1062516,0
126.788836,0.051727,0.005550,19.269,0.676,3,OK,1006,0,0.3290,331,100.00,0,173.99,1062516,0
126.840749,0.051913,0.006444,19.266,0.674,4,OK,1006,0,0.3330,335,100.00,0,173.37,1062516,0
126.892550,0.051801,0.006739,19.268,0.674,5,OK,1007,0,0.3287,331,100.00,0,173.74,1062516,0
126.944178,0.051627,0.005311,19.271,0.681,6,OK,1002,0,0.3054,306,100.00,0,174.33,1062516,0
126.996226,0.052049,0.005052,19.265,0.671,7,OK,1003,0,0.3161,317,100.00,0,172.92,1062516,0
127.047863,0.051636,0.009344,19.268,0.677,8,OK,1006,0,0.3151,317,100.00,0,154.93,1062544,0
127.099910,0.052048,0.004624,19.278,0.595,1,OK,1009,0,0.3102,313,100.00,0,134.49,1062736,0
127.152281,0.052371,0.005245,19.258,0.471,2,OK,1005,0,0.3582,360,100.00,0,190.95,1062988,0
127.203699,0.051418,0.005730,19.266,0.500,3,OK,1007,0,0.3337,336,100.00,0,175.04,1063632,0
127.255608,0.051909,0.005668,19.266,0.500,4,OK,1006,0,0.3330,335,100.00,0,173.38,1063632,0
127.307451,0.051843,0.004957,19.268,0.500,5,OK,1008,0,0.3304,333,100.00,0,173.60,1063632,0
127.359322,0.051871,0.004903,19.265,0.493,6,OK,1007,0,0.3158,318,100.00,0,134.95,1063632,0
127.411274,0.051953,0.004652,19.263,0.491,1,OK,1004,0,0.3217,323,100.00,0,153.99,1063844,0
127.463265,0.051991,0.006035,19.271,0.419,2,OK,1010,0,0.3604,364,100.00,0,173.11,1064020,0
127.515259,0.051994,0.006306,19.270,0.421,3,OK,1005,0,0.3592,361,100.00,0,153.86,1064020,0
127.566978,0.051719,0.006434,19.271,0.425,4,OK,1006,0,0.3499,352,100.00,0,193.35,1064020,0
127.618827,0.051849,0.006866,19.275,0.414,5,OK,1006,0,0.3579,360,100.00,0,154.29,1064020,0
127.670970,0.052143,0.005716,19.273,0.422,1,OK,1006,0,0.3569,359,100.00,0,153.42,1064184,0
127.723080,0.052110,0.006102,19.267,0.420,2,OK,1004,0,0.3655,367,100.00,0,172.71,1064380,0
127.775279,0.052199,0.006557,19.268,0.414,3,OK,1008,0,0.3700,373,100.00,0,191.58,1064380,0
127.828962,0.053682,0.007091,19.240,0.716,4,OK,1010,0,0.3455,349,100.00,0,167.65,1064380,0
127.879250,0.050288,0.006124,19.261,0.924,5,OK,1006,0,0.3191,321,100.00,0,178.97,1064380,0
127.930693,0.051444,0.005235,19.270,0.934,6,OK,1004,0,0.3237,325,100.00,0,136.07,1064396,0
127.982549,0.051856,0.005063,19.267,0.929,1,OK,1009,0,0.3449,348,100.00,0,154.27,1064532,0
128.034285,0.051736,0.004915,19.272,0.929,2,OK,1005,0,0.3831,385,100.00,0,193.29,1064576,0
128.086239,0.051954,0.005341,19.271,0.929,3,OK,1007,0,0.3565,359,100.00,0,153.98,1064576,0
128.138095,0.051856,0.004910,19.271,0.928,4,OK,1003,0,0.3519,353,100.00,0,154.27,1064576,0
128.189827,0.051732,0.009888,19.274,0.930,5,OK,1003,0,0.3320,333,100.00,0,193.30,1064576,0
128.241811,0.051983,0.007050,19.273,0.930,6,OK,1008,0,0.3423,345,100.00,0,115.42,1064628,0
128.294437,0.052627,0.006047,19.264,0.964,1,OK,1004,0,0.3367,338,100.00,0,152.01,1064780,0
128.345914,0.051477,0.005546,19.267,0.974,2,OK,1007,0,0.3684,371,100.00,0,174.84,1064968,0
128.397808,0.051894,0.005578,19.267,0.974,3,OK,1006,0,0.3917,394,100.00,0,173.43,1064968,0
128.449204,0.051396,0.005436,19.272,0.989,4,OK,1009,0,0.3657,369,100.00,0,155.65,1064968,0
128.500968,0.051764,0.004699,19.270,0.986,5,OK,1005,0,0.3701,372,100.00,0,173.87,1064976,0
128.552917,0.051949,0.005021,19.272,0.985,1,OK,1003,0,0.3569,358,100.00,0,134.75,1065132,0
128.605027,0.052110,0.004962,19.266,0.983,2,OK,1007,0,0.4111,414,100.00,0,191.90,1065284,0
128.656877,0.051850,0.006207,19.268,0.982,3,OK,1005,0,0.4000,402,100.00,0,173.58,1065284,0
128.709044,0.052167,0.006517,19.271,0.972,4,OK,1007,0,0.3873,390,100.00,0,172.52,1065284,0
128.762986,0.053942,0.005488,19.240,1.186,5,OK,1002,0,0.3882,389,100.00,0,111.23,1065284,0
128.813273,0.050287,0.008629,19.260,1.323,1,OK,1007,0,0.3992,402,100.00,0,139.20,1065284,0
128.864953,0.051680,0.005133,19.262,1.326,2,OK,1008,0,0.4266,430,100.00,0,193.50,1065608,0
128.917316,0.052363,0.005591,19.256,1.334,3,OK,1004,0,0.4323,434,100.00,0,171.88,1065608,0
128.968674,0.051357,0.005352,19.263,1.349,4,OK,1007,0,0.4091,412,100.00,0,175.24,1065608,0
129.020596,0.051922,0.005487,19.264,1.349,5,OK,1006,0,0.4254,428,100.00,0,173.34,1065608,0
129.072547,0.051951,0.005219,19.264,1.349,1,OK,1005,0,0.4119,414,100.00,0,173.24,1065672,0
129.124568,0.052021,0.005752,19.261,1.347,2,OK,1010,0,0.4366,441,100.00,0,173.01,1065672,0
129.176256,0.051688,0.006781,19.263,1.350,3,OK,1003,0,0.4197,421,100.00,0,193.47,1065672,0
129.228545,0.052289,0.006222,19.261,1.354,4,OK,1006,0,0.4076,410,100.00,0,153.00,1065672,0
129.280384,0.051839,0.005360,19.264,1.352,5,OK,1008,0,0.4206,424,100.00,0,135.03,1065676,0
129.331982,0.051598,0.005900,19.271,1.353,1,OK,1003,0,0.4197,421,100.00,0,155.04,1065700,0
129.383930,0.051948,0.006736,19.293,1.193,2,OK,1010,0,0.4277,432,100.00,0,173.25,1065700,0
129.435810,0.051880,0.005897,19.273,1.056,3,OK,1005,0,0.4229,425,100.00,0,173.48,1065700,0
129.487679,0.051869,0.006284,19.268,1.044,4,OK,1005,0,0.4070,409,100.00,0,173.51,1065700,0
129.539376,0.051697,0.011357,19.270,1.047,5,OK,1009,0,0.4420,446,100.00,0,174.09,1065728,0
129.591263,0.051887,0.005733,19.268,1.045,1,OK,1008,0,0.4236,427,100.00,0,154.18,1065744,0
129.643305,0.052042,0.006241,19.267,1.046,2,OK,1003,0,0.4417,443,100.00,0,172.94,1065804,0
129.695830,0.052525,0.006341,19.259,1.067,3,OK,1007,0,0.4220,425,100.00,0,171.35,1065804,0
129.747999,0.052169,0.006054,19.253,1.068,4,OK,1010,0,0.4040,408,100.00,0,191.68,1065804,0
129.799800,0.051800,0.018125,19.256,1.069,5,OK,1007,0,0.4320,435,100.00,0,154.44,1065804,0
129.851627,0.051828,0.016335,19.265,1.041,6,OK,1006,0,0.4145,417,100.00,0,192.95,1065804,0
129.903460,0.051832,0.007743,19.261,1.029,1,OK,1009,0,0.3944,398,100.00,0,192.93,1065804,0
129.955625,0.052165,0.008121,19.258,1.033,2,OK,1006,0,0.4225,425,100.00,0,191.70,1065856,0
130.007606,0.051981,0.009714,19.250,1.015,3,OK,1007,0,0.4151,418,100.00,0,192.38,1065856,0
130.059755,0.052149,0.010436,19.246,1.015,4,OK,1005,0,0.4139,416,100.00,0,191.76,1065856,0
130.112495,0.052740,0.010272,19.236,1.049,5,OK,1008,0,0.4038,407,100.00,0,170.65,1065856,0
130.163899,0.051404,0.010577,19.245,1.068,6,OK,1008,0,0.3790,382,100.00,0,175.08,1065856,0
130.215816,0.051917,0.020527,19.244,1.067,7,OK,1007,0,0.3873,390,100.00,0,173.35,1065856,0
130.267209,0.051393,0.008745,19.253,1.083,8,OK,1004,0,0.3815,383,100.00,0,116.75,1065856,0
130.319381,0.052173,0.005815,19.275,0.820,1,OK,1004,0,0.4024,404,100.00,0,153.34,1065864,0
130.371422,0.052041,0.005969,19.254,0.589,2,OK,1009,0,0.4252,429,100.00,0,192.16,1065908,0
130.423394,0.051973,0.007221,19.250,0.582,3,OK,1006,0,0.4404,443,100.00,0,173.17,1065908,0
130.475227,0.051833,0.006670,19.257,0.564,4,OK,1008,0,0.4335,437,100.00,0,173.64,1065908,0
130.527365,0.052138,0.006370,19.247,0.529,5,OK,1007,0,0.4201,423,100.00,0,191.80,1065908,0
130.579038,0.051673,0.006325,19.250,0.538,6,OK,1004,0,0.4293,431,100.00,0,77.41,1065908,0
130.630719,0.051681,0.006075,19.253,0.546,7,OK,1008,0,0.4196,423,100.00,0,77.40,1065908,0
130.682552,0.051833,0.007728,19.256,0.547,8,OK,1007,0,0.4280,431,100.00,0,77.17,1065908,0
130.734341,0.051788,0.005563,19.254,0.542,9,OK,1006,0,0.4354,438,100.00,0,77.24,1065908,0
130.786196,0.051855,0.005553,19.260,0.528,10,OK,1004,0,0.4313,433,100.00,0,77.14,1065908,0
130.838227,0.052031,0.005583,19.257,0.528,11,OK,1002,0,0.4202,421,100.00,0,76.88,1065908,0
130.890295,0.052067,0.006076,19.252,0.517,1,OK,1006,0,0.4185,421,100.00,0,153.65,1065920,0
130.942672,0.052378,0.006355,19.246,0.538,2,OK,1006,0,0.4394,442,100.00,0,171.83,1065920,0
130.994784,0.052111,0.006585,19.243,0.540,3,OK,1008,0,0.4355,439,100.00,0,172.71,1065920,0
131.046501,0.051717,0.006394,19.245,0.546,4,OK,1005,0,0.4318,434,100.00,0,193.36,1065920,0
131.098638,0.052137,0.006329,19.240,0.540,5,OK,1006,0,0.4274,430,100.00,0,172.62,1065920,0
131.150278,0.051639,0.005336,19.243,0.552,6,OK,1010,0,0.4238,428,100.00,0,96.83,1065964,0
131.202067,0.051789,0.006095,19.246,0.555,1,OK,1004,0,0.4223,424,100.00,0,154.47,1065980,0
131.255720,0.053653,0.007386,19.232,0.785,2,OK,1005,0,0.4627,465,100.00,0,186.38,1065980,0
131.305819,0.050099,0.007231,19.258,1.021,3,OK,1009,0,0.4371,441,100.00,0,199.60,1065980,0
131.357565,0.051746,0.007369,19.258,1.022,4,OK,1003,0,0.4427,444,100.00,0,173.93,1065980,0
131.409232,0.051667,0.006352,19.260,1.025,5,OK,1007,0,0.4330,436,100.00,0,135.48,1065980,0
131.461381,0.052149,0.006941,19.256,1.028,1,OK,1005,0,0.4348,437,100.00,0,153.41,1065992,0
131.512980,0.051599,0.006547,19.263,1.031,2,OK,1007,0,0.4330,436,100.00,0,193.80,1065992,0
131.565077,0.052097,0.005724,19.262,1.032,3,OK,1009,0,0.4272,431,100.00,0,153.56,1065992,0
131.617508,0.052431,0.005858,19.259,1.045,4,OK,1004,0,0.4163,418,100.00,0,190.73,1065992,0
131.669034,0.051526,0.005465,19.274,1.012,5,OK,1008,0,0.3859,389,100.00,0,155.26,1065992,0
131.722033,0.052998,0.005552,19.254,1.066,6,OK,1004,0,0.3875,389,100.00,0,113.21,1066008,0
131.774765,0.052732,0.007797,19.244,1.100,1,OK,1009,0,0.3855,389,100.00,0,170.67,1066012,0
131.827055,0.052290,0.009154,19.233,1.086,2,OK,1011,0,0.3630,367,100.00,0,152.99,1066164,0
131.879805,0.052750,0.008375,19.226,1.115,3,OK,1007,0,0.3724,375,100.00,0,208.53,1066164,0
131.932526,0.052720,0.008078,19.217,1.141,4,OK,1007,0,0.3505,353,100.00,0,170.71,1066164,0
131.985440,0.052915,0.008753,19.206,1.179,5,OK,1005,0,0.3393,341,100.00,0,207.88,1066164,0
132.037344,0.051904,0.007778,19.205,1.177,6,OK,1007,0,0.3208,323,100.00,0,173.40,1066164,0
132.089659,0.052315,0.006581,19.203,1.180,7,OK,1005,0,0.3184,320,100.00,0,152.92,1066164,0
132.142618,0.052959,0.006248,19.187,1.208,8,OK,1003,0,0.2841,285,100.00,0,132.18,1066212,0
132.195175,0.052557,0.009760,19.176,1.206,1,OK,1002,0,0.2824,283,100.00,0,152.22,1066212,0
132.247939,0.052764,0.010928,19.165,1.218,2,OK,1009,0,0.2884,291,100.00,0,189.52,1066736,0
132.300096,0.052157,0.011015,19.160,1.210,3,OK,1008,0,0.2837,286,100.00,0,172.56,1066868,0
132.352665,0.052568,0.007938,19.151,1.210,4,OK,1003,0,0.2652,266,100.00,0,190.23,1066868,0
132.404939,0.052274,0.011611,19.148,1.208,5,OK,1008,0,0.2649,267,100.00,0,191.30,1066868,0
132.457274,0.052336,0.011975,19.145,1.207,6,OK,1005,0,0.2537,255,100.00,0,191.07,1066868,0
132.509744,0.052470,0.007669,19.144,1.209,7,OK,1005,0,0.2597,261,100.00,0,190.58,1066868,0
132.562895,0.053151,0.008755,19.131,1.247,8,OK,1006,0,0.2376,239,100.00,0,169.33,1066868,0
132.614588,0.051693,0.006219,19.132,1.248,9,OK,1002,0,0.2206,221,100.00,0,174.10,1066868,0
132.666844,0.052256,0.005593,19.130,1.247,10,OK,1006,0,0.2286,230,100.00,0,133.96,1066868,0
132.718865,0.052021,0.007088,19.125,1.230,1,OK,1007,0,0.2185,220,100.00,0,173.01,1066888,0
132.770941,0.052076,0.005494,19.122,1.220,2,OK,1005,0,0.2527,254,100.00,0,172.82,1067000,0
132.823144,0.052203,0.007298,19.140,1.121,3,OK,1002,0,0.2345,235,100.00,0,172.40,1067000,0
132.876029,0.052885,0.008105,19.106,0.842,4,OK,1004,0,0.2032,204,100.00,0,189.09,1067000,0
132.928530,0.052501,0.009553,19.097,0.817,5,OK,1004,0,0.2092,210,100.00,0,190.47,1067000,0
132.981709,0.053179,0.007883,19.078,0.823,6,OK,1007,0,0.1976,199,100.00,0,188.04,1067000,0
133.034318,0.052609,0.008270,19.073,0.820,7,OK,1001,0,0.1918,192,100.00,0,171.07,1067000,0
133.086945,0.052627,0.007991,19.060,0.767,8,OK,1007,0,0.1887,190,100.00,0,190.02,1067000,0
133.139293,0.052348,0.010249,19.057,0.757,9,OK,1002,0,0.1796,180,100.00,0,152.82,1067000,0
133.192347,0.053054,0.011396,19.050,0.782,10,OK,1005,0,0.1682,169,100.00,0,207.34,1067000,0
133.244687,0.052340,0.007690,19.040,0.705,11,OK,1006,0,0.1620,163,100.00,0,152.85,1067000,0
133.297855,0.053168,0.007370,19.038,0.721,1,OK,1007,0,0.1569,158,100.00,0,188.08,1067000,0
133.350316,0.052461,0.005084,19.041,0.718,2,OK,1005,0,0.1811,182,100.00,0,171.56,1067092,0
133.402485,0.052169,0.005411,19.042,0.724,3,OK,1007,0,0.1758,177,100.00,0,172.51,1067092,0
133.455174,0.052689,0.005926,19.043,0.722,4,OK,1004,0,0.1753,176,100.00,0,170.81,1073888,0
133.507117,0.051943,0.008026,19.053,0.744,5,OK,1003,0,0.1825,183,100.00,0,154.02,1073888,0
133.560032,0.052915,0.009111,19.053,0.744,6,OK,1003,0,0.1645,165,100.00,0,188.98,1073888,0
133.612979,0.052947,0.011071,19.040,0.730,7,OK,1001,0,0.1728,173,100.00,0,188.87,1073888,0
133.665762,0.052783,0.005981,19.034,0.731,8,OK,1002,0,0.1567,157,100.00,0,189.46,1073888,0
133.718426,0.052663,0.006039,19.038,0.717,9,OK,1003,0,0.1585,159,100.00,0,170.90,1073888,0
133.771242,0.052816,0.006083,19.035,0.724,1,OK,1005,0,0.1542,155,100.00,0,170.40,1073888,0
133.823271,0.052029,0.008270,19.044,0.740,2,OK,1005,0,0.2119,213,100.00,0,192.20,1073940,0
133.875157,0.051887,0.009875,19.047,0.761,3,OK,1000,0,0.1960,196,100.00,0,173.45,1073940,0
133.927480,0.052322,0.007069,19.050,0.763,4,OK,1001,0,0.1978,198,100.00,0,172.01,1073940,0
133.979943,0.052464,0.006881,19.048,0.759,5,OK,1003,0,0.1974,198,100.00,0,171.55,1073940,0
134.031894,0.051951,0.007951,19.052,0.781,6,OK,1004,0,0.1873,188,100.00,0,173.24,1073940,0
134.084186,0.052292,0.005596,19.054,0.784,7,OK,1002,0,0.1756,176,100.00,0,172.11,1073940,0
134.136318,0.052132,0.012281,19.067,0.756,8,OK,1006,0,0.1859,187,100.00,0,172.64,1073960,0
134.188364,0.052046,0.004662,19.062,0.722,1,OK,1001,0,0.1738,174,100.00,0,134.50,1074112,0
134.240513,0.052149,0.005823,19.064,0.726,2,OK,1002,0,0.2305,231,100.00,0,172.58,1074232,0
134.292705,0.052192,0.005503,19.062,0.716,3,OK,1001,0,0.2268,227,100.00,0,191.60,1074232,0
134.344956,0.052251,0.006195,19.060,0.707,4,OK,1001,0,0.2038,204,100.00,0,172.25,1074232,0
134.397540,0.052584,0.004528,19.055,0.702,5,OK,1001,0,0.1978,198,100.00,0,171.15,1074232,0
134.449356,0.051815,0.004699,19.068,0.723,6,OK,1001,0,0.1768,177,100.00,0,173.69,1074232,0
134.501864,0.052508,0.005156,19.068,0.723,7,OK,1004,0,0.1823,183,100.00,0,171.40,1074232,0
134.554003,0.052139,0.004194,19.080,0.681,8,OK,1002,0,0.1497,150,100.00,0,76.72,1074252,0
134.606158,0.052155,0.004574,19.086,0.683,1,OK,1003,0,0.1466,147,100.00,0,153.39,1074400,0
134.658239,0.052081,0.007039,19.093,0.686,2,OK,1001,0,0.1788,179,100.00,0,172.81,1074656,0
134.710192,0.051952,0.008150,19.097,0.702,3,OK,1001,0,0.1628,163,100.00,0,192.48,1075708,0
134.761903,0.051711,0.004782,19.114,0.693,4,OK,1001,0,0.1638,164,100.00,0,154.71,1075708,0
134.813868,0.051966,0.004652,19.118,0.703,5,OK,1001,0,0.1688,169,100.00,0,192.43,1075708,0
134.865680,0.051812,0.004019,19.135,0.654,6,OK,1001,0,0.1518,152,100.00,0,154.41,1075708,0
134.917960,0.052280,0.003679,19.137,0.650,7,OK,1002,0,0.1697,170,100.00,0,114.77,1075740,0
134.969827,0.051866,0.004034,19.141,0.663,8,OK,1002,0,0.1766,177,100.00,0,77.12,1075740,0
135.021883,0.052057,0.004249,19.148,0.647,1,OK,1001,0,0.1638,164,100.00,0,153.68,1075912,0
135.074056,0.052173,0.004836,19.146,0.639,2,OK,1002,0,0.2355,236,100.00,0,153.34,1075968,0
135.126030,0.051974,0.004787,19.157,0.597,3,OK,1001,0,0.2098,210,100.00,0,173.17,1075968,0
135.178104,0.052074,0.004364,19.168,0.536,4,OK,1002,0,0.1986,199,100.00,0,192.03,1075968,0
135.230618,0.052515,0.004214,19.171,0.506,5,OK,1004,0,0.2012,202,100.00,0,171.38,1075968,0
135.282766,0.052148,0.005011,19.177,0.473,6,OK,1004,0,0.2052,206,100.00,0,134.23,1075968,0
135.334735,0.051969,0.004622,19.188,0.412,7,OK,1000,0,0.1980,198,100.00,0,115.45,1076008,0
135.386741,0.052007,0.006558,19.188,0.413,8,OK,1003,0,0.1825,183,100.00,0,57.68,1076008,0
135.438772,0.052030,0.004372,19.186,0.406,9,OK,1001,0,0.1808,181,100.00,0,76.88,1076008,0
135.490992,0.052220,0.004527,19.188,0.401,1,OK,1003,0,0.1665,167,100.00,0,172.35,1076180,0
135.543093,0.052101,0.004448,19.192,0.382,2,OK,1003,0,0.2164,217,100.00,0,172.74,1076464,0
135.595218,0.052125,0.005885,19.190,0.378,3,OK,1003,0,0.1984,199,100.00,0,172.66,1079192,0
135.647854,0.052635,0.004757,19.186,0.415,4,OK,1001,0,0.2018,202,100.00,0,170.99,1079192,0
135.699924,0.052070,0.004856,19.186,0.415,5,OK,1007,0,0.1907,192,100.00,0,172.84,1079192,0
135.752062,0.052138,0.005990,19.185,0.414,6,OK,1006,0,0.1978,199,100.00,0,172.62,1079192,0
135.803963,0.051901,0.005248,19.188,0.421,7,OK,1004,0,0.2012,202,100.00,0,173.41,1079192,0
135.856164,0.052201,0.004809,19.188,0.421,1,OK,1005,0,0.1980,199,100.00,0,172.41,1079424,0
135.908515,0.052351,0.005205,19.187,0.427,2,OK,1005,0,0.2408,242,100.00,0,152.82,1079424,0
135.960587,0.052072,0.005366,19.193,0.393,3,OK,1005,0,0.2348,236,100.00,0,172.84,1079424,0
136.012821,0.052235,0.005253,19.188,0.382,4,OK,1001,0,0.2098,210,100.00,0,172.30,1079424,0
136.064462,0.051640,0.005231,19.199,0.390,5,OK,1005,0,0.2119,213,100.00,0,174.28,1079424,0
136.116773,0.052311,0.005822,19.197,0.397,6,OK,1005,0,0.2129,214,100.00,0,172.05,1079424,0
136.168909,0.052137,0.005178,19.197,0.397,7,OK,1003,0,0.1954,196,100.00,0,153.44,1079424,0
136.220537,0.051628,0.005973,19.202,0.428,8,OK,1007,0,0.1877,189,100.00,0,193.69,1079424,0
136.272801,0.052264,0.004874,19.199,0.430,9,OK,1004,0,0.1813,182,100.00,0,133.94,1079464,0
136.324711,0.051910,0.004575,19.196,0.414,1,OK,1003,0,0.1755,176,100.00,0,154.11,1079472,0
136.376715,0.052003,0.005190,19.196,0.413,2,OK,1005,0,0.2129,214,100.00,0,192.30,1079472,0
136.428884,0.052169,0.005055,19.191,0.401,3,OK,1000,0,0.2130,213,100.00,0,153.35,1079472,0
136.481087,0.052204,0.005492,19.192,0.397,4,OK,1007,0,0.1966,198,100.00,0,172.40,1079472,0
136.533155,0.052068,0.006517,19.190,0.389,5,OK,1004,0,0.1892,190,100.00,0,192.06,1079472,0
136.585028,0.051873,0.006710,19.192,0.397,6,OK,1007,0,0.1678,169,100.00,0,173.50,1079472,0
136.636925,0.051897,0.006132,19.195,0.402,7,OK,1003,0,0.1675,168,100.00,0,154.15,1079472,0
136.689037,0.052112,0.008722,19.194,0.400,8,OK,1005,0,0.1711,172,100.00,0,153.52,1079472,0
136.741173,0.052136,0.007152,19.193,0.400,9,OK,1002,0,0.1497,150,100.00,0,134.26,1079504,0
136.793233,0.052060,0.004936,19.199,0.372,1,OK,1004,0,0.1494,150,100.00,0,153.67,1079516,0
136.845214,0.051980,0.004895,19.201,0.374,2,OK,1003,0,0.1864,187,100.00,0,173.14,1079728,0
136.897202,0.051988,0.005221,19.200,0.373,3,OK,1002,0,0.1836,184,100.00,0,173.12,1079728,0
136.949206,0.052004,0.004989,19.200,0.373,4,OK,1001,0,0.1628,163,100.00,0,173.06,1079728,0
137.001177,0.051971,0.005133,19.201,0.374,5,OK,994,0,0.1720,171,100.00,0,173.17,1079728,0
137.052955,0.051778,0.005808,19.207,0.385,6,OK,978,0,0.1626,159,100.00,0,193.13,1079728,0
137.104906,0.051951,0.005551,19.208,0.387,7,OK,957,0,0.1776,170,100.00,0,173.24,1079728,0
137.157018,0.052112,0.004793,19.209,0.387,8,OK,956,0,0.1747,167,100.00,0,95.95,1079740,0
137.209057,0.052039,0.004618,19.216,0.328,1,OK,955,0,0.1487,142,100.00,0,153.73,1079752,0
137.261165,0.052108,0.004815,19.215,0.329,2,OK,946,0,0.2093,198,100.00,0,172.72,1079752,0
137.313283,0.052118,0.005497,19.216,0.328,3,OK,956,0,0.1883,180,100.00,0,153.50,1079752,0
137.365103,0.051821,0.007307,19.217,0.333,4,OK,952,0,0.1796,171,100.00,0,173.68,1079752,0
137.417239,0.052136,0.006993,19.218,0.330,5,OK,967,0,0.1634,158,100.00,0,172.63,1079752,0
137.469219,0.051980,0.006447,19.222,0.311,6,OK,965,0,0.1513,146,100.00,0,173.14,1079752,0
137.521266,0.052047,0.005425,19.222,0.310,7,OK,974,0,0.1632,159,100.00,0,172.92,1079752,0
137.573166,0.051900,0.005150,19.227,0.304,8,OK,968,0,0.1725,167,100.00,0,115.61,1079752,0
137.625288,0.052123,0.005891,19.221,0.275,1,OK,971,0,0.1648,160,100.00,0,153.48,1079752,0
137.677358,0.052070,0.006219,19.224,0.257,2,OK,964,0,0.2044,197,100.00,0,192.05,1079760,0
137.729345,0.051987,0.006914,19.225,0.254,3,OK,965,0,0.2135,206,100.00,0,173.12,1079760,0
137.781355,0.052010,0.006270,19.221,0.213,4,OK,964,0,0.1878,181,100.00,0,173.04,1079760,0
137.833945,0.052590,0.006113,19.217,0.277,5,OK,963,0,0.1880,181,100.00,0,171.13,1079760,0
137.885711,0.051766,0.006235,19.218,0.290,6,OK,977,0,0.1730,169,100.00,0,173.86,1079760,0
137.938208,0.052497,0.006705,19.212,0.331,7,OK,970,0,0.1742,169,100.00,0,152.39,1079760,0
137.990333,0.052125,0.008126,19.213,0.329,8,OK,956,0,0.1590,152,100.00,0,191.85,1079760,0
138.042523,0.052189,0.008517,19.213,0.328,9,OK,957,0,0.1484,142,100.00,0,172.45,1079760,0
138.094344,0.051821,0.006434,19.216,0.337,10,OK,958,0,0.1555,149,100.00,0,173.67,1079760,0
138.146145,0.051802,0.006067,19.217,0.342,11,OK,951,0,0.1430,136,100.00,0,154.44,1079760,0
138.198179,0.052034,0.006350,19.215,0.339,12,OK,943,0,0.1474,139,100.00,0,172.97,1079772,0
138.250002,0.051823,0.005262,19.219,0.346,1,OK,948,0,0.1392,132,100.00,0,154.37,1079772,0
138.301835,0.051832,0.005296,19.223,0.351,2,OK,945,0,0.1894,179,100.00,0,173.64,1079792,0
138.353905,0.052070,0.006009,19.222,0.351,3,OK,961,0,0.1852,178,100.00,0,172.84,1079792,0
138.406646,0.052742,0.006317,19.213,0.429,4,OK,958,0,0.1722,165,100.00,0,170.64,1079792,0
138.458271,0.051624,0.006878,19.218,0.453,5,OK,956,0,0.1726,165,100.00,0,193.71,1079792,0
138.510395,0.052125,0.007882,19.216,0.454,6,OK,950,0,0.1642,156,100.00,0,134.29,1079792,0
138.562556,0.052161,0.006585,19.214,0.455,7,OK,955,0,0.1634,156,100.00,0,172.54,1079792,0
138.615073,0.052517,0.007914,19.205,0.472,8,OK,954,0,0.1646,157,100.00,0,190.41,1079792,0
138.667422,0.052348,0.008863,19.200,0.480,9,OK,939,0,0.1534,144,100.00,0,171.93,1079792,0
138.719631,0.052209,0.006046,19.199,0.481,10,OK,952,0,0.1355,129,100.00,0,172.38,1079776,0
138.771893,0.052262,0.006349,19.196,0.485,11,OK,934,0,0.1349,126,100.00,0,153.07,1079776,0
138.824010,0.052116,0.004900,19.196,0.485,1,OK,944,0,0.1292,122,100.00,0,153.50,1079788,0
138.875926,0.051916,0.005390,19.198,0.489,2,OK,936,0,0.1635,153,100.00,0,192.62,1079788,0
138.928112,0.052186,0.005825,19.194,0.480,3,OK,953,0,0.1784,170,100.00,0,172.46,1079788,0
138.979851,0.051739,0.005588,19.199,0.496,4,OK,938,0,0.1780,167,100.00,0,173.95,1079788,0
139.031728,0.051877,0.005435,19.200,0.500,5,OK,943,0,0.1601,151,100.00,0,173.49,1079788,0
139.083901,0.052173,0.006874,19.198,0.501,6,OK,958,0,0.1545,148,100.00,0,191.67,1079788,0
139.135953,0.052052,0.005766,19.196,0.496,7,OK,956,0,0.1695,162,100.00,0,153.69,1079788,0
139.187970,0.052017,0.005447,19.198,0.497,8,OK,955,0,0.1497,143,100.00,0,153.79,1079788,0
139.239972,0.052002,0.011118,19.199,0.498,9,OK,954,0,0.1583,151,100.00,0,173.07,1079788,0
139.291920,0.051948,0.008101,19.199,0.499,10,OK,946,0,0.1490,141,100.00,0,134.75,1079788,0
139.344128,0.052208,0.006585,19.197,0.500,11,OK,956,0,0.1611,154,100.00,0,76.62,1079788,0
139.396209,0.052081,0.006428,19.203,0.467,1,OK,927,0,0.1392,129,100.00,0,192.01,1079788,0
139.448176,0.051967,0.005215,19.200,0.456,2,OK,952,0,0.1670,159,100.00,0,173.19,1079800,0
139.500644,0.052468,0.005385,19.201,0.453,3,OK,963,0,0.1402,135,100.00,0,171.53,1079800,0
139.552677,0.052034,0.006566,19.202,0.453,4,OK,961,0,0.1353,130,100.00,0,153.75,1079800,0
139.605082,0.052404,0.005530,19.199,0.465,5,OK,958,0,0.1096,105,100.00,0,190.82,1079800,0
139.657191,0.052109,0.005303,19.196,0.456,6,OK,970,0,0.1082,105,100.00,0,172.71,1079800,0
139.709333,0.052142,0.005654,19.192,0.443,7,OK,975,0,0.1026,100,100.00,0,172.61,1079800,0
139.761299,0.051966,0.005433,19.192,0.445,8,OK,972,0,0.1121,109,100.00,0,115.46,1079800,0
139.813477,0.052178,0.005536,19.188,0.435,1,OK,989,0,0.1021,101,100.00,0,153.32,1079800,0
139.865536,0.052059,0.007407,19.185,0.423,2,OK,983,0,0.1475,145,100.00,0,192.09,1079816,0
139.917849,0.052313,0.007212,19.182,0.428,3,OK,993,0,0.1410,140,100.00,0,172.04,1079816,0
139.969931,0.052082,0.006793,19.190,0.369,4,OK,992,0,0.1421,141,100.00,0,172.81,1079816,0
140.022303,0.052372,0.006242,19.181,0.336,5,OK,997,0,0.1595,159,100.00,0,171.85,1079816,0
140.074334,0.052031,0.006048,19.182,0.338,6,OK,1007,0,0.1569,158,100.00,0,172.97,1079816,0
140.126359,0.052025,0.007393,19.184,0.340,7,OK,1003,0,0.1775,178,100.00,0,172.99,1079816,0
140.178392,0.052033,0.006035,19.190,0.311,8,OK,1002,0,0.1617,162,100.00,0,153.75,1079816,0
140.230403,0.052011,0.005964,19.194,0.301,1,OK,1006,0,0.1829,184,100.00,0,153.81,1079816,0
140.282792,0.052390,0.006560,19.192,0.316,2,OK,1006,0,0.1968,198,100.00,0,171.79,1079824,0
140.334858,0.052066,0.006817,19.194,0.311,3,OK,1006,0,0.2117,213,100.00,0,192.07,1079824,0
140.387156,0.052298,0.007749,19.192,0.318,4,OK,1004,0,0.2161,217,100.00,0,152.97,1079824,0
140.439165,0.052009,0.008624,19.191,0.313,5,OK,1006,0,0.2097,211,100.00,0,192.27,1081984,0
140.491363,0.052197,0.008984,19.191,0.313,6,OK,1007,0,0.2056,207,100.00,0,172.42,1081984,0
140.543436,0.052073,0.007878,19.187,0.285,7,OK,1007,0,0.2214,223,100.00,0,172.83,1081984,0
140.595901,0.052465,0.007147,19.179,0.295,8,OK,1008,0,0.1935,195,100.00,0,190.60,1081984,0
140.648108,0.052207,0.006889,19.179,0.296,9,OK,1007,0,0.1996,201,100.00,0,191.54,1081984,0
140.700058,0.051949,0.006807,19.180,0.302,10,OK,1006,0,0.2087,210,100.00,0,173.25,1081984,0
140.752150,0.052092,0.006424,19.179,0.299,11,OK,1006,0,0.2048,206,100.00,0,134.38,1082108,0
140.804168,0.052018,0.006037,19.179,0.298,1,OK,1004,0,0.2012,202,100.00,0,173.02,1082108,0
140.856222,0.052054,0.008607,19.178,0.292,2,OK,1003,0,0.1964,197,100.00,0,172.90,1082128,0
140.908594,0.052373,0.006421,19.176,0.302,3,OK,1004,0,0.2012,202,100.00,0,171.84,1082128,0
140.961573,0.052978,0.006535,19.165,0.414,4,OK,1003,0,0.2014,202,100.00,0,169.88,1082128,0
141.013321,0.051748,0.006155,19.168,0.434,5,OK,1003,0,0.1854,186,100.00,0,173.92,1082128,0
141.065465,0.052144,0.006789,19.172,0.421,6,OK,1003,0,0.2124,213,100.00,0,172.60,1082128,0
141.117673,0.052207,0.007528,19.169,0.419,7,OK,1006,0,0.2237,225,100.00,0,172.39,1082128,0
141.169947,0.052275,0.010378,19.171,0.412,8,OK,1000,0,0.2090,209,100.00,0,191.30,1082128,0
141.222312,0.052364,0.006561,19.168,0.418,9,OK,1003,0,0.2363,237,100.00,0,171.87,1082128,0
141.274406,0.052094,0.007034,19.168,0.418,10,OK,1001,0,0.2438,244,100.00,0,172.76,1082128,0
141.327015,0.052609,0.007650,19.161,0.438,11,OK,1005,0,0.2438,245,100.00,0,171.07,1082112,0
141.378984,0.051969,0.007506,19.163,0.445,12,OK,1004,0,0.2510,252,100.00,0,192.42,1082112,0
141.431070,0.052086,0.006590,19.163,0.444,13,OK,1006,0,0.2704,272,100.00,0,96.00,1082128,0
141.483289,0.052219,0.006722,19.164,0.442,1,OK,1009,0,0.2527,255,100.00,0,153.20,1082128,0
141.535660,0.052371,0.006255,19.160,0.445,2,OK,1004,0,0.2799,281,100.00,0,190.95,1082140,0
141.587923,0.052263,0.007080,19.162,0.441,3,OK,1003,0,0.2891,290,100.00,0,172.21,1082140,0
141.640238,0.052316,0.007773,19.158,0.439,4,OK,1005,0,0.2886,290,100.00,0,172.03,1082140,0
141.692306,0.052067,0.007886,19.158,0.438,5,OK,1004,0,0.2729,274,100.00,0,153.65,1082140,0
141.744708,0.052402,0.009066,19.153,0.439,6,OK,1011,0,0.2770,280,100.00,0,190.83,1082140,0
141.797216,0.052508,0.009123,19.147,0.444,7,OK,1005,0,0.2846,286,100.00,0,190.45,1082140,0
141.849849,0.052634,0.007548,19.144,0.463,8,OK,1007,0,0.2900,292,100.00,0,170.99,1082140,0
141.901928,0.052079,0.008352,19.144,0.462,9,OK,1009,0,0.3241,327,100.00,0,172.82,1082140,0
141.954340,0.052413,0.007340,19.143,0.466,10,OK,1008,0,0.3353,338,100.00,0,190.79,1068592,0
142.006373,0.052033,0.008499,19.142,0.464,11,OK,1005,0,0.3632,365,100.00,0,172.97,1068592,0
142.058509,0.052136,0.007635,19.143,0.465,12,OK,1006,0,0.3708,373,100.00,0,134.26,1068608,0
142.110753,0.052244,0.008109,19.141,0.462,13,OK,1005,0,0.3781,380,100.00,0,76.56,1068608,0
142.163411,0.052657,0.008651,19.139,0.477,1,OK,1004,0,0.3586,360,100.00,0,132.93,1068608,0
142.215951,0.052540,0.008077,19.135,0.487,2,OK,1006,0,0.4016,404,100.00,0,209.36,1068628,0
142.268494,0.052543,0.009109,19.127,0.483,3,OK,1006,0,0.4115,414,100.00,0,171.29,1068628,0
142.321379,0.052885,0.008444,19.118,0.520,4,OK,1006,0,0.4125,415,100.00,0,170.18,1068628,0
142.373313,0.051935,0.010424,19.119,0.527,5,OK,1010,0,0.3960,400,100.00,0,173.29,1068628,0
142.425358,0.052044,0.009207,19.119,0.527,6,OK,1004,0,0.3914,393,100.00,0,192.14,1068628,0
142.477431,0.052073,0.010075,19.122,0.533,7,OK,1005,0,0.4020,404,100.00,0,172.83,1068628,0
142.529726,0.052295,0.009497,19.131,0.474,8,OK,1004,0,0.3875,389,100.00,0,191.22,1068628,0
142.582075,0.052349,0.007774,19.123,0.437,9,OK,1006,0,0.3946,397,100.00,0,191.02,1068628,0
142.634436,0.052361,0.007769,19.121,0.434,10,OK,1002,0,0.4032,404,100.00,0,171.88,1068628,0
142.686875,0.052439,0.007853,19.118,0.435,11,OK,1003,0,0.4158,417,100.00,0,152.56,1068616,0
142.739160,0.052285,0.008720,19.118,0.435,12,OK,1004,0,0.3934,395,100.00,0,191.26,1068616,0
142.791501,0.052341,0.007490,19.118,0.435,1,OK,1004,0,0.3974,399,100.00,0,171.95,1068632,0
142.844056,0.052555,0.007349,19.113,0.436,2,OK,1007,0,0.4409,444,100.00,0,190.28,1068640,0
142.896487,0.052431,0.007882,19.115,0.426,3,OK,1005,0,0.4070,409,100.00,0,152.58,1068640,0
142.949131,0.052645,0.008035,19.106,0.422,4,OK,1005,0,0.4378,440,100.00,0,170.96,1068640,0
143.001453,0.052322,0.008419,19.104,0.412,5,OK,1003,0,0.4447,446,100.00,0,191.13,1072580,0
143.055187,0.053734,0.011362,19.085,0.626,6,OK,1004,0,0.4373,439,100.00,0,186.10,1072580,0
143.105785,0.050598,0.010372,19.107,0.880,7,OK,1008,0,0.4157,419,100.00,0,197.64,1072580,0
143.159901,0.054116,0.008930,19.084,1.068,8,OK,1004,0,0.4004,402,100.00,0,166.31,1072580,0
143.210504,0.050603,0.009522,19.105,1.234,9,OK,1004,0,0.4143,416,100.00,0,177.85,1072580,0
143.263624,0.053120,0.008432,19.092,1.258,10,OK,1007,0,0.4002,403,100.00,0,188.25,1053080,0
143.315321,0.051698,0.008252,19.101,1.280,11,OK,1005,0,0.4308,433,100.00,0,174.09,1053080,0
143.367662,0.052340,0.007728,19.103,1.278,12,OK,1003,0,0.4307,432,100.00,0,171.95,1053084,0
143.419857,0.052196,0.007422,19.108,1.276,13,OK,1004,0,0.4283,430,100.00,0,57.48,1053084,0
143.471990,0.052133,0.008355,19.108,1.275,1,OK,1002,0,0.4042,405,100.00,0,172.63,1053084,0
143.524389,0.052398,0.007309,19.108,1.274,2,OK,1003,0,0.4606,462,100.00,0,152.68,1053100,0
143.576650,0.052262,0.008118,19.105,1.270,3,OK,1007,0,0.4518,455,100.00,0,191.35,1053100,0
143.629185,0.052535,0.008145,19.100,1.269,4,OK,1004,0,0.4402,442,100.00,0,171.32,1053100,0
143.681498,0.052313,0.009402,19.099,1.269,5,OK,1005,0,0.4587,461,100.00,0,191.16,1055012,0
143.734080,0.052582,0.010210,19.100,1.267,6,OK,1002,0,0.4651,466,100.00,0,171.16,1055012,0
143.786540,0.052460,0.011530,19.101,1.266,7,OK,1004,0,0.4343,436,100.00,0,190.62,1055012,0
143.838877,0.052337,0.010311,19.104,1.264,8,OK,1004,0,0.4193,421,100.00,0,171.96,1055012,0
143.891445,0.052568,0.010084,19.107,1.253,9,OK,1006,0,0.4374,440,100.00,0,190.23,1055012,0
143.943794,0.052350,0.011115,19.102,1.244,10,OK,1007,0,0.4419,445,100.00,0,191.02,1055044,0
143.996296,0.052502,0.007691,19.097,1.240,1,OK,1009,0,0.4232,427,100.00,0,152.38,1055044,0
144.048560,0.052264,0.007382,19.095,1.236,2,OK,1006,0,0.4612,464,100.00,0,172.20,1055048,0
144.100914,0.052354,0.007988,19.094,1.236,3,OK,1004,0,0.4373,439,100.00,0,191.01,1055048,0
144.152970,0.052055,0.008086,19.097,1.241,4,OK,1007,0,0.4350,438,100.00,0,192.10,1055048,0
144.205718,0.052748,0.008115,19.093,1.248,5,OK,1006,0,0.4414,444,100.00,0,170.62,1057996,0
144.257961,0.052243,0.009625,19.095,1.248,6,OK,1005,0,0.4358,438,100.00,0,172.27,1057996,0
144.310254,0.052293,0.008620,19.095,1.248,7,OK,1003,0,0.3968,398,100.00,0,191.23,1057996,0
144.362526,0.052272,0.009680,19.096,1.249,8,OK,1009,0,0.4004,404,100.00,0,172.18,1057996,0
144.415515,0.052989,0.009710,19.091,1.265,9,OK,1003,0,0.3978,399,100.00,0,188.72,1053124,0
144.467247,0.051732,0.008243,19.099,1.285,10,OK,1007,0,0.3734,376,100.00,0,173.97,1053124,0
144.520286,0.053039,0.007299,19.094,1.302,11,OK,1009,0,0.3855,389,100.00,0,113.12,1053132,0
144.572451,0.052165,0.007509,19.096,1.304,1,OK,1007,0,0.3923,395,100.00,0,153.36,1053132,0
144.624900,0.052449,0.007150,19.112,1.212,2,OK,1006,0,0.4016,404,100.00,0,190.66,1053148,0
144.677167,0.052267,0.008195,19.091,1.046,3,OK,1005,0,0.4189,421,100.00,0,191.33,1053148,0
144.729623,0.052456,0.008260,19.112,0.848,4,OK,1004,0,0.4084,410,100.00,0,171.57,1053148,0
144.781668,0.052046,0.007896,19.094,0.599,5,OK,1005,0,0.4109,413,100.00,0,192.14,1055088,0
144.834440,0.052771,0.009138,19.098,0.556,6,OK,1007,0,0.3992,402,100.00,0,170.55,1055088,0
144.886523,0.052083,0.008892,19.094,0.514,7,OK,1005,0,0.4179,420,100.00,0,172.80,1055088,0
144.938956,0.052434,0.008085,19.093,0.515,8,OK,1009,0,0.4143,418,100.00,0,171.65,1055088,0
144.991318,0.052362,0.009048,19.091,0.511,9,OK,1010,0,0.4149,419,100.00,0,171.88,1055088,0
145.043530,0.052211,0.009397,19.090,0.507,10,OK,1004,0,0.4153,417,100.00,0,172.38,1055088,0
145.095962,0.052433,0.008127,19.089,0.507,11,OK,1008,0,0.3899,393,100.00,0,152.58,1055088,0
145.148279,0.052316,0.007658,19.088,0.506,1,OK,1008,0,0.3819,385,100.00,0,152.92,1055088,0
145.200711,0.052432,0.007073,19.090,0.503,2,OK,1010,0,0.3822,386,100.00,0,171.65,1055108,0
145.252756,0.052045,0.008584,19.093,0.516,3,OK,1009,0,0.3974,401,100.00,0,192.14,1055112,0
145.305033,0.052277,0.008230,19.097,0.512,4,OK,1007,0,0.3496,352,100.00,0,172.16,1055112,0
145.357128,0.052096,0.008338,19.101,0.519,5,OK,1008,0,0.3343,337,100.00,0,172.76,1055884,0
145.409941,0.052812,0.009250,19.095,0.542,6,OK,1003,0,0.3350,336,100.00,0,208.28,1055884,0
145.462174,0.052233,0.009243,19.099,0.540,7,OK,1003,0,0.2991,300,100.00,0,153.16,1055884,0
145.514475,0.052301,0.009227,19.100,0.540,8,OK,1007,0,0.2900,292,100.00,0,172.08,1055884,0
145.566706,0.052231,0.009601,19.103,0.539,9,OK,1005,0,0.2786,280,100.00,0,191.46,1055884,0
145.619145,0.052440,0.007554,19.101,0.539,10,OK,1006,0,0.2644,266,100.00,0,190.70,1055884,0
145.671109,0.051963,0.013613,19.106,0.556,11,OK,1006,0,0.2386,240,100.00,0,173.20,1055884,0
145.723323,0.052215,0.006086,19.104,0.548,1,OK,1004,0,0.2131,214,100.00,0,172.37,1055884,0
145.775390,0.052066,0.005920,19.112,0.537,2,OK,999,0,0.2132,213,100.00,0,172.86,1055904,0
145.827643,0.052254,0.006491,19.112,0.537,3,OK,994,0,0.1932,192,100.00,0,172.24,1055904,0
145.881099,0.053455,0.006931,19.098,0.662,4,OK,990,0,0.1737,172,100.00,0,187.07,1055904,0
145.931944,0.050845,0.005976,19.115,0.843,5,OK,969,0,0.1620,157,100.00,0,196.68,1055904,0
145.984522,0.052578,0.005910,19.120,0.814,6,OK,981,0,0.1417,139,100.00,0,152.15,1055904,0
146.036834,0.052312,0.005394,19.113,0.788,7,OK,981,0,0.1264,124,100.00,0,191.16,1055904,0
146.088927,0.052093,0.005556,19.125,0.750,8,OK,981,0,0.1172,115,100.00,0,153.57,1055904,0
146.141281,0.052353,0.005922,19.123,0.748,9,OK,983,0,0.1251,123,100.00,0,191.01,1055904,0
146.193351,0.052070,0.007177,19.127,0.750,10,OK,978,0,0.1329,130,100.00,0,76.82,1055904,0
146.245668,0.052317,0.005915,19.127,0.750,1,OK,980,0,0.1224,120,100.00,0,172.03,1055904,0
146.298272,0.052604,0.006276,19.125,0.756,2,OK,974,0,0.1530,149,100.00,0,190.10,1055920,0
146.350270,0.051998,0.006654,19.125,0.758,3,OK,982,0,0.1314,129,100.00,0,173.08,1055920,0
146.402431,0.052161,0.006609,19.133,0.740,4,OK,983,0,0.1384,136,100.00,0,191.72,1055920,0
146.456245,0.053814,0.006248,19.112,0.906,5,OK,986,0,0.1389,137,100.00,0,167.24,1055920,0
146.506624,0.050380,0.007702,19.137,1.125,6,OK,986,0,0.1308,129,100.00,0,198.49,1055920,0
146.559229,0.052604,0.006266,19.134,1.131,7,OK,994,0,0.1459,145,100.00,0,171.09,1055920,0
146.611420,0.052191,0.006240,19.134,1.131,8,OK,991,0,0.1463,145,100.00,0,153.28,1055920,0
146.663430,0.052010,0.006009,19.139,1.133,9,OK,988,0,0.1346,133,100.00,0,115.36,1055920,0
146.715912,0.052482,0.007678,19.137,1.136,1,OK,984,0,0.1463,144,100.00,0,152.43,1055932,0
146.768032,0.052120,0.007018,19.141,1.135,2,OK,977,0,0.1658,162,100.00,0,153.49,1055940,0
146.820263,0.052231,0.005577,19.139,1.133,3,OK,981,0,0.1549,152,100.00,0,191.46,1055940,0
146.872424,0.052161,0.006451,19.140,1.133,4,OK,982,0,0.1477,145,100.00,0,172.54,1055940,0
146.925026,0.052602,0.007086,19.134,1.138,5,OK,983,0,0.1333,131,100.00,0,171.10,1055940,0
146.977380,0.052354,0.006374,19.139,1.122,6,OK,977,0,0.1269,124,100.00,0,171.91,1055940,0
147.029494,0.052113,0.005598,19.141,1.123,7,OK,974,0,0.1283,125,100.00,0,191.89,1055940,0
147.081534,0.052041,0.006353,19.144,1.125,8,OK,973,0,0.1120,109,100.00,0,172.94,1055940,0
147.133533,0.051999,0.006079,19.147,1.128,9,OK,969,0,0.1073,104,100.00,0,96.16,1055940,0
147.185654,0.052121,0.005574,19.151,1.126,1,OK,968,0,0.0878,85,100.00,0,172.68,1055952,0
147.238075,0.052421,0.005977,19.145,1.125,2,OK,967,0,0.0889,86,100.00,0,171.69,1055952,0
147.290367,0.052292,0.006185,19.144,1.125,3,OK,970,0,0.0928,90,100.00,0,152.99,1055952,0
147.342528,0.052161,0.008110,19.143,1.123,4,OK,972,0,0.0772,75,100.00,0,172.54,1055952,0
147.394334,0.051806,0.007324,19.149,1.133,5,OK,940,0,0.0734,69,100.00,0,193.03,1055952,0
147.446439,0.052106,0.007218,19.165,1.046,6,OK,926,0,0.0821,76,100.00,0,153.53,1055960,0
147.498402,0.051963,0.005109,19.151,0.936,1,OK,962,0,0.0603,58,100.00,0,153.96,1056092,0
147.550308,0.051906,0.004913,19.160,0.933,2,OK,964,0,0.0685,66,100.00,0,173.39,1056412,0
147.602494,0.052186,0.005138,19.161,0.933,3,OK,964,0,0.0737,71,100.00,0,191.62,1056412,0
147.654829,0.052334,0.005728,19.158,0.933,4,OK,960,0,0.0667,64,100.00,0,152.86,1056412,0
147.707260,0.052431,0.005320,19.157,0.935,5,OK,943,0,0.0541,51,100.00,0,190.73,1056412,0
147.759241,0.051981,0.005243,19.158,0.937,6,OK,932,0,0.0547,51,100.00,0,96.19,1056412,0
147.811569,0.052329,0.004635,19.158,0.937,1,OK,934,0,0.0600,56,100.00,0,152.88,1056424,0
147.863936,0.052367,0.004870,19.161,0.928,2,OK,954,0,0.0660,63,100.00,0,171.86,1056424,0
147.916278,0.052342,0.006058,19.157,0.927,3,OK,940,0,0.0617,58,100.00,0,171.95,1056424,0
147.968723,0.052445,0.006363,19.154,0.930,4,OK,943,0,0.0785,74,100.00,0,152.54,1056424,0
148.020925,0.052201,0.004807,19.173,0.736,5,OK,945,0,0.0794,75,100.00,0,114.94,1056424,0
148.073420,0.052495,0.005051,19.147,0.388,6,OK,941,0,0.0776,73,100.00,0,95.25,1056424,0
148.125693,0.052273,0.004959,19.151,0.364,7,OK,939,0,0.0767,72,100.00,0,57.39,1056424,0
148.178141,0.052449,0.004917,19.148,0.373,8,OK,940,0,0.0840,79,100.00,0,76.26,1056424,0
148.230879,0.052738,0.005154,19.139,0.404,9,OK,946,0,0.0751,71,100.00,0,56.89,1056424,0
148.282921,0.052042,0.005010,19.145,0.401,10,OK,943,0,0.0753,71,100.00,0,96.08,1056424,0
148.335605,0.052683,0.004750,19.138,0.427,11,OK,939,0,0.0735,69,100.00,0,75.93,1056424,0
148.387757,0.052153,0.004991,19.139,0.429,12,OK,948,0,0.0812,77,100.00,0,57.52,1056424,0
148.440139,0.052381,0.004913,19.136,0.430,13,OK,952,0,0.0809,77,100.00,0,95.45,1056424,0
148.492422,0.052284,0.005310,19.140,0.412,14,OK,953,0,0.0797,76,100.00,0,57.38,1056424,0
148.544786,0.052364,0.004946,19.140,0.413,15,OK,956,0,0.0732,70,100.00,0,76.39,1056424,0
148.597364,0.052578,0.004970,19.134,0.425,16,OK,959,0,0.0709,68,100.00,0,57.06,1056424,0
148.649789,0.052425,0.004569,19.130,0.421,17,OK,956,0,0.0743,71,100.00,0,76.30,1056424,0
148.702053,0.052265,0.005108,19.126,0.409,18,OK,947,0,0.0729,69,100.00,0,76.53,1056424,0
148.754503,0.052450,0.005320,19.122,0.409,19,OK,943,0,0.0679,64,100.00,0,76.26,1056424,0
148.806659,0.052155,0.007238,19.126,0.409,1,OK,947,0,0.0655,62,100.00,0,134.21,1056516,0
148.859212,0.052554,0.008315,19.122,0.419,2,OK,950,0,0.0832,79,100.00,0,190.28,1056688,0
148.911940,0.052727,0.006830,19.115,0.441,3,OK,956,0,0.0847,81,100.00,0,170.69,1056688,0
148.964362,0.052422,0.007222,19.108,0.404,4,OK,946,0,0.0899,85,100.00,0,171.68,1056688,0
149.016726,0.052364,0.005572,19.105,0.396,5,OK,951,0,0.0904,86,100.00,0,171.88,1056712,0
149.068949,0.052223,0.005064,19.102,0.375,6,OK,947,0,0.0824,78,100.00,0,76.59,1056712,0
149.121262,0.052313,0.004905,19.097,0.340,7,OK,946,0,0.0782,74,100.00,0,76.46,1056712,0
149.173526,0.052264,0.005241,19.096,0.336,8,OK,952,0,0.0935,89,100.00,0,76.53,1056712,0
149.225975,0.052449,0.004888,19.094,0.337,9,OK,945,0,0.0847,80,100.00,0,76.26,1056712,0
149.278224,0.052249,0.005091,19.097,0.339,10,OK,954,0,0.0807,77,100.00,0,57.42,1056712,0
149.330866,0.052642,0.004879,19.089,0.323,11,OK,955,0,0.0785,75,100.00,0,56.99,1056712,0
149.382918,0.052052,0.005517,19.092,0.343,12,OK,954,0,0.0860,82,100.00,0,96.06,1056712,0
149.435274,0.052356,0.005008,19.092,0.343,13,OK,958,0,0.0835,80,100.00,0,57.30,1056712,0
149.487569,0.052296,0.005027,19.093,0.344,14,OK,961,0,0.0791,76,100.00,0,76.49,1056712,0
149.539842,0.052272,0.004639,19.095,0.344,15,OK,957,0,0.0846,81,100.00,0,76.52,1056712,0
149.592249,0.052408,0.005302,19.092,0.339,16,OK,960,0,0.0875,84,100.00,0,76.32,1056712,0
149.644651,0.052402,0.005051,19.093,0.337,17,OK,955,0,0.0838,80,100.00,0,76.33,1056712,0
149.697218,0.052567,0.004901,19.090,0.341,18,OK,959,0,0.0855,82,100.00,0,76.09,1056712,0
149.749346,0.052128,0.005516,19.094,0.351,19,OK,952,0,0.0893,85,100.00,0,57.55,1056712,0
149.801676,0.052330,0.004588,19.099,0.327,20,OK,959,0,0.0918,88,100.00,0,76.44,1056712,0
149.854307,0.052632,0.004775,19.091,0.320,21,OK,957,0,0.0920,88,100.00,0,95.00,1056712,0
149.906678,0.052371,0.005234,19.095,0.301,22,OK,947,0,0.0908,86,100.00,0,57.28,1056712,0
149.959811,0.053133,0.004863,19.083,0.390,23,OK,955,0,0.0796,76,100.00,0,56.46,1056712,0
150.012122,0.052311,0.005315,19.084,0.391,24,OK,955,0,0.0869,83,100.00,0,76.47,1056712,0
150.064390,0.052268,0.005472,19.084,0.391,25,OK,954,0,0.0912,87,100.00,0,76.53,1056712,0
150.116644,0.052254,0.005750,19.086,0.394,26,OK,955,0,0.0869,83,100.00,0,76.55,1056712,0
150.169248,0.052603,0.005767,19.085,0.396,27,OK,955,0,0.0775,74,100.00,0,76.04,1056712,0
150.221524,0.052276,0.005904,19.087,0.398,28,OK,957,0,0.0878,84,100.00,0,76.52,1056712,0
150.273821,0.052296,0.005794,19.087,0.397,29,OK,954,0,0.0849,81,100.00,0,76.49,1056712,0
150.326546,0.052725,0.005208,19.083,0.413,30,OK,959,0,0.0845,81,100.00,0,75.87,1056712,0
150.378845,0.052299,0.004956,19.082,0.405,31,OK,958,0,0.0825,79,100.00,0,57.36,1056712,0
150.431115,0.052270,0.004936,19.085,0.404,32,OK,960,0,0.0823,79,100.00,0,76.53,1056712,0
150.483205,0.052090,0.005006,19.093,0.400,33,OK,957,0,0.0878,84,100.00,0,95.99,1056712,0
150.535638,0.052433,0.004778,19.093,0.400,34,OK,948,0,0.0791,75,100.00,0,76.29,1056712,0
150.587953,0.052315,0.005003,19.093,0.401,35,OK,960,0,0.0833,80,100.00,0,57.34,1056712,0
150.640193,0.052240,0.005137,19.093,0.400,36,OK,953,0,0.0871,83,100.00,0,76.57,1056712,0
150.692653,0.052460,0.004950,19.091,0.400,37,OK,951,0,0.0883,84,100.00,0,76.25,1056712,0
150.744922,0.052269,0.004844,19.091,0.400,38,OK,954,0,0.0828,79,100.00,0,76.53,1056712,0
150.796967,0.052045,0.004786,19.096,0.415,39,OK,955,0,0.0848,81,100.00,0,57.64,1056712,0
150.849113,0.052146,0.004786,19.097,0.420,40,OK,951,0,0.0852,81,100.00,0,57.53,1056712,0
150.901650,0.052537,0.005739,19.099,0.413,41,OK,956,0,0.0879,84,100.00,0,76.14,1056712,0
